1, 0.8121764773160762
2, 0.8121616117183537
3, 0.8121318912535711
4, 0.8120873373890655
5, 0.812027982340834
6, 0.8119538690914214
7, 0.8118650514136021
8, 0.811761593899705
9, 0.8116435719964066
10, 0.8115110720447677
11, 0.811364191325262
12, 0.8112030381075032
13, 0.8110277317043485
14, 0.8108384025300093
15, 0.8106351921617745
16, 0.8104182534049126
17, 0.8101877503602807
18, 0.8099438584941371
19, 0.8096867647096183
20, 0.8094166674193086
21, 0.8091337766182909
22, 0.8088383139570428
23, 0.8085305128134983
24, 0.8082106183635774
25, 0.8078788876494366
26, 0.8075355896446812
27, 0.8071810053157347
28, 0.8068154276785429
29, 0.8064391618497574
30, 0.8060525250915171
31, 0.8056558468489239
32, 0.8052494687792822
33, 0.8048337447721534
34, 0.8044090409592536
35, 0.8039757357132068
36, 0.80353421963415
37, 0.803084895523173
38, 0.8026281783415642
39, 0.8021644951548279
40, 0.8016942850604307
41, 0.8012179990982369
42, 0.8007361001425873
43, 0.8002490627749932
44, 0.7997573731364107
45, 0.7992615287580901
46, 0.7987620383700015
47, 0.7982594216858653
48, 0.7977542091638462
49, 0.7972469417419956
50, 0.7967381705475756
51, 0.7962284565794369
52, 0.7957183703626741
53, 0.7952084915748499
54, 0.7946994086431285
55, 0.7941917183117552
56, 0.7936860251793795
57, 0.793182941205825
58, 0.7926830851880033
59, 0.7921870822047781
60, 0.7916955630307114
61, 0.7912091635187452
62, 0.7907285239520218
63, 0.7902542883651984
64, 0.7897871038357668
65, 0.7893276197460836
66, 0.7888764870169892
67, 0.788434357314108
68, 0.7880018822281352
69, 0.7875797124306377
70, 0.7871684968071543
71, 0.7867688815696137
72, 0.786381509350374
73, 0.7860070182804524
74, 0.7856460410548107
75, 0.7852992039878525
76, 0.7849671260625999
77, 0.7846504179773266
78, 0.7843496811937394
79, 0.7840655069911181
80, 0.7837984755311398
81, 0.7835491549384258
82, 0.7833181004021479
83, 0.7831058533043268
84, 0.7829129403807223
85, 0.7827398729204706
86, 0.7825871460108402
87, 0.7824552378336692
88, 0.782344609020196
89, 0.7822557020710831
90, 0.7821889408484908
91, 0.7821447301470185
92, 0.7821234553502483
93, 0.7821254821794347
94, 0.7821511565406202
95, 0.7822008044760683
96, 0.7822747322254269
97, 0.7823732264013964
98, 0.7824965542839507
99, 0.7826572067267189
100, 0.7828554612399043
101, 0.7830915807068288
102, 0.7833658133420763
103, 0.7836783927556453
104, 0.7840295381285428
105, 0.7844194545034234
106, 0.7848483331916961
107, 0.7853163522960023
108, 0.7858236773441113
109, 0.7863704620271672
110, 0.7869568490318692
111, 0.7875829709526897
112, 0.7882489512666941
113, 0.788954905350056
114, 0.7897039621839619
115, 0.790496333942801
116, 0.79133223183411
117, 0.7922118652255036
118, 0.7931354406475432
119, 0.7941031606788681
120, 0.7951152227220959
121, 0.7961718176809274
122, 0.7972731285505357
123, 0.7984193289345773
124, 0.799610581502957
125, 0.8008470364047617
126, 0.8021288296505104
127, 0.803456081476974
128, 0.8048288947063257
129, 0.8062473531092321
130, 0.8077115197787242
131, 0.8092214355182767
132, 0.81077711724351
133, 0.8123785563923426
134, 0.8140272732904784
135, 0.8157231486014606
136, 0.817466042183336
137, 0.8192557922363717
138, 0.8210922145772366
139, 0.8229741176351464
140, 0.824901001593765
141, 0.8268723483760104
142, 0.8288876212330789
143, 0.8309462643777938
144, 0.8330477026396969
145, 0.8351913411182453
146, 0.8373765648108815
147, 0.8396027381950679
148, 0.841869204748079
149, 0.844168586500435
150, 0.8465001307379433
151, 0.8488630686102512
152, 0.8512566143302315
153, 0.853679964658284
154, 0.8561249888593557
155, 0.858590723212215
156, 0.8610761936260274
157, 0.8635804176995061
158, 0.866102407992959
159, 0.8686411767465971
160, 0.8711957422610388
161, 0.873750636236868
162, 0.8763049280143069
163, 0.8788577275136883
164, 0.8814081967578229
165, 0.8839555628007683
166, 0.886499131424088
167, 0.8890383006923472
168, 0.8915725732091466
169, 0.8941015657139283
170, 0.8966250145287132
171, 0.8991427752997881
172, 0.901654815440713
173, 0.904161197574724
174, 0.9066620519308681
175, 0.9091575348054699
176, 0.911647768443185
177, 0.9141327543394757
178, 0.9166122458545717
179, 0.9190855551366176
180, 0.9215512503467257
181, 0.9240066677078561
182, 0.9264471189091247
183, 0.9288646501283508
184, 0.9312463741368572
185, 0.9335732942864835
186, 0.9358228055471538
187, 0.937978807119854
188, 0.9400439544813379
189, 0.9420388818747034
190, 0.9439894321757267
191, 0.9459171537107371
192, 0.9478373245215833
193, 0.9497602955348415
194, 0.9516931610222504
195, 0.9536409621206499
196, 0.9556074391559558
197, 0.957595482642796
198, 0.9596074017013041
199, 0.9616450842410307
200, 0.9637100925418225
201, 0.9658037195349702
202, 0.9679270205950303
203, 0.9700808296639241
204, 0.9722657650631958
205, 0.9744822282976158
206, 0.9767303979001299
207, 0.9790102195737199
208, 0.9813213933576209
209, 0.9836633581720163
210, 0.9860352738090398
211, 0.9884360001941535
212, 0.9908640735072288
213, 0.9933176784969134
214, 0.9957946160135979
215, 0.9982922643892493
216, 1.000807532765668
217, 1.0033368037776482
218, 1.0058758621217672
219, 1.0084198045629122
220, 1.0109629261676083
221, 1.0134985778878962
222, 1.016018994118793
223, 1.0185150997371157
224, 1.0209763315629474
225, 1.023390557279615
226, 1.0257442428170453
227, 1.028023062573497
228, 1.0302130456760386
229, 1.0323019681661147
230, 1.0342801285929384
231, 1.0361393550872917
232, 1.0378693928450824
233, 1.039451326709123
234, 1.040849253703941
235, 1.0420106603908
236, 1.0428988261606285
237, 1.0435324419315144
238, 1.0439621834537982
239, 1.044227645002361
240, 1.044348124350553
241, 1.0443297295735856
242, 1.0441729559556316
243, 1.0438782050781175
244, 1.043449221725642
245, 1.0428942230457052
246, 1.0422249407095954
247, 1.0414545809350864
248, 1.0405958543700111
249, 1.039659695363167
250, 1.0386547039631433
251, 1.0375870743978806
252, 1.0364607668639387
253, 1.0352777672478637
254, 1.0340383638521728
255, 1.0327414250828004
256, 1.0313846902323651
257, 1.0299650931804023
258, 1.0284791286818982
259, 1.0269232452636232
260, 1.0252942166201184
261, 1.0235894234951433
262, 1.0218069894514845
263, 1.0199457579847544
264, 1.0180051514704753
265, 1.0159849834037782
266, 1.0138852914708205
267, 1.0117062315346006
268, 1.0094480418368457
269, 1.0071110657430933
270, 1.0046958125541114
271, 1.0022030356336953
272, 0.9996338109033027
273, 0.9969896036554635
274, 0.9942723162547791
275, 0.9914843131893339
276, 0.9886284230486155
277, 0.985707919362456
278, 0.9827264838600627
279, 0.979688156624995
280, 0.9765972778935754
281, 0.9734584259840371
282, 0.9702763552054855
283, 0.9670559367473278
284, 0.9638021046443593
285, 0.9605198080680611
286, 0.9572139704847444
287, 0.9538894556784302
288, 0.9505510402609705
289, 0.9472033920634676
290, 0.9438542150669773
291, 0.9405077669335025
292, 0.9371681571082245
293, 0.9338393413820999
294, 0.9305251189291914
295, 0.9272291313205653
296, 0.923954863093118
297, 0.9206958080523913
298, 0.9174501011080155
299, 0.9142147608626697
300, 0.9109895538599652
301, 0.9077776465290186
302, 0.904582159487666
303, 0.9014061678217461
304, 0.8982527014579517
305, 0.8951247455570263
306, 0.8920252408630868
307, 0.888957219540343
308, 0.8859239471729433
309, 0.8829286424336544
310, 0.8799744761067534
311, 0.877064569900581
312, 0.8742127611929688
313, 0.8714221771162626
314, 0.8686958895319417
315, 0.8660369108367074
316, 0.8634481893468066
317, 0.8609326042238298
318, 0.8584929598985392
319, 0.8561319799406436
320, 0.8538523003115372
321, 0.8516564619233108
322, 0.8495469024103086
323, 0.8475317323519209
324, 0.8456122925762674
325, 0.843789762229759
326, 0.8420651525080507
327, 0.8404392987837811
328, 0.8389128508481126
329, 0.8374862609363866
330, 0.8361597691713203
331, 0.8349333860461662
332, 0.8338068716132049
333, 0.8327797111867721
334, 0.8318510876896107
335, 0.8310198513796057
336, 0.8302844887482738
337, 0.8296430940750752
338, 0.8290933496291922
339, 0.8286325238588117
340, 0.8282575007041969
341, 0.8279648561953945
342, 0.8277509983235551
343, 0.8276123793433939
344, 0.8275457732255936
345, 0.8275485858515259
346, 0.8276191400019903
347, 0.827756866025386
348, 0.8279623448631046
349, 0.8282371911522589
350, 0.8285838114521484
351, 0.8290051026047017
352, 0.829504156711234
353, 0.8300840187938756
354, 0.8307475161724274
355, 0.8314971571282478
356, 0.8323350849132074
357, 0.8332630700824605
358, 0.8342825259406854
359, 0.8353894723253398
360, 0.8365841758419205
361, 0.837866595470887
362, 0.8392364264703397
363, 0.8406931365469179
364, 0.8422359941351902
365, 0.8438640889908752
366, 0.8455763454039997
367, 0.8473715283016808
368, 0.8492482424119213
369, 0.8512049245427294
370, 0.8532398289194951
371, 0.8553510054324983
372, 0.8575362705855819
373, 0.8597931709140371
374, 0.8621189386597422
375, 0.8645104395529666
376, 0.866964112633103
377, 0.8694759020809727
378, 0.8720411808696055
379, 0.8746546652883217
380, 0.877310317209223
381, 0.8800012254819515
382, 0.8827194449272978
383, 0.8854557416602792
384, 0.8881991248956145
385, 0.8909358852647727
386, 0.8936529491482412
387, 0.8963226420704805
388, 0.8988985642307828
389, 0.9013039297791351
390, 0.9034532070562296
391, 0.9053398611181098
392, 0.9070421762174071
393, 0.9086311117527588
394, 0.9101494803217492
395, 0.9116107066210931
396, 0.9130134026729149
397, 0.9143366340064921
398, 0.9155649816701302
399, 0.9166911126518789
400, 0.9177263156036932
401, 0.9186992642987689
402, 0.9196447872407517
403, 0.9205940440289242
404, 0.921570937391938
405, 0.9225924508195547
406, 0.9236700937559412
407, 0.9248112067931994
408, 0.9260198368650516
409, 0.9272972039399487
410, 0.9286418233246769
411, 0.930049313113204
412, 0.9315118657853156
413, 0.9330119296526844
414, 0.934531846648952
415, 0.9360460782067155
416, 0.9375185296495596
417, 0.9388998131469516
418, 0.940125803060555
419, 0.9411190015597891
420, 0.9417906810329881
421, 0.9420332945581643
422, 0.9417055658519536
423, 0.9407200441535916
424, 0.9391964746549905
425, 0.9373445427542302
426, 0.9352954088841889
427, 0.9331083644776703
428, 0.9308002585753573
429, 0.9283645763316017
430, 0.9257894404297056
431, 0.9230763089664581
432, 0.920248477040713
433, 0.9173432098573615
434, 0.9143982804469626
435, 0.911444227312505
436, 0.9085030199294699
437, 0.9055895297944496
438, 0.9027134256874884
439, 0.8998807003098924
440, 0.8970947432105612
441, 0.8943570638502816
442, 0.8916677796434503
443, 0.8890259554854418
444, 0.8864298535742197
445, 0.88387713242815
446, 0.8813650206171406
447, 0.8788904813438101
448, 0.8764503766117362
449, 0.8740338311984981
450, 0.8716383410640607
451, 0.8692617607203039
452, 0.8669024260918203
453, 0.8645592368677332
454, 0.8622316858862502
455, 0.859914532112162
456, 0.8576083144707521
457, 0.8553146018359977
458, 0.8530351219995052
459, 0.8507715757126889
460, 0.8485254575976116
461, 0.8462979023460302
462, 0.8440895715391415
463, 0.8419005929614527
464, 0.8397305608169248
465, 0.837578601510928
466, 0.8354435049264158
467, 0.833323914690505
468, 0.8312230326111268
469, 0.829139685519987
470, 0.8270785589344225
471, 0.8250401222172423
472, 0.8230257469592974
473, 0.82103774152381
474, 0.8190792935243913
475, 0.8171543357188441
476, 0.8152673621671371
477, 0.8134232253355088
478, 0.8116269415487921
479, 0.809883524390371
480, 0.8081978565128927
481, 0.8065746023307914
482, 0.8050181584530891
483, 0.8035326356248594
484, 0.8021218648826706
485, 0.8007894208935193
486, 0.7995386564064297
487, 0.7983727429465275
488, 0.7972947140506769
489, 0.796307508349907
490, 0.7954140106060911
491, 0.79461708941788
492, 0.7939196298795552
493, 0.793324743710509
494, 0.7928356018541824
495, 0.7924554511296439
496, 0.7921876259073679
497, 0.7920355548920984
498, 0.7920027631719092
499, 0.7920928697560263
500, 0.7923095808774375
501, 0.7926566793806149
502, 0.7931380105494424
503, 0.7937574647548967
504, 0.7945189573151162
505, 0.795427908874732
506, 0.7964964847633778
507, 0.797728620996958
508, 0.7991281052247651
509, 0.8006985467482449
510, 0.8024455897054286
511, 0.8043721481704739
512, 0.8064808490667209
513, 0.8087740060341284
514, 0.8112476873174996
515, 0.8138997611827895
516, 0.8167305262623105
517, 0.8197399083504618
518, 0.8229274367329017
519, 0.8262922172808876
520, 0.8298329004867793
521, 0.8335476419584212
522, 0.837434051978206
523, 0.8414891294596661
524, 0.8457091738541042
525, 0.8500896660856394
526, 0.8546251062221792
527, 0.8593087911970921
528, 0.8641325107122432
529, 0.8690861347749061
530, 0.8741570661585771
531, 0.8793224239559249
532, 0.8845625148930759
533, 0.8898529000588474
534, 0.8951640720999186
535, 0.9004621856858793
536, 0.9057113033533085
537, 0.9108761773994737
538, 0.9159210841323451
539, 0.9207944135645659
540, 0.9253814636656698
541, 0.9294625146438017
542, 0.9329266328486792
543, 0.9358857926918518
544, 0.9383683413170719
545, 0.9403262693831425
546, 0.9417885475571667
547, 0.9428453500656164
548, 0.9435256281385511
549, 0.9436533482450356
550, 0.9429434226578415
551, 0.9415765045628545
552, 0.9397036217955421
553, 0.9372638079929954
554, 0.9343658150772918
555, 0.9312136154904298
556, 0.9279144765852507
557, 0.9245039480528786
558, 0.9209960951910533
559, 0.9173915433334766
560, 0.9137034619507984
561, 0.9099410118253125
562, 0.9060983138503619
563, 0.9021545993522488
564, 0.8980776649171792
565, 0.8938647827064511
566, 0.8895453612976507
567, 0.8851699520778562
568, 0.8807882285156514
569, 0.8764428745344296
570, 0.8721652957165983
571, 0.8679778123306742
572, 0.8638962176803187
573, 0.8599317087366288
574, 0.8560921583960881
575, 0.8523829098409891
576, 0.8488024685061212
577, 0.845351841296737
578, 0.8420304321740266
579, 0.8388361616833899
580, 0.8357655599131478
581, 0.832813859383812
582, 0.8299751087420122
583, 0.8272423239711363
584, 0.8246076895820302
585, 0.82206377748278
586, 0.8196021860370185
587, 0.8172146040061876
588, 0.8148931998490764
589, 0.8126310092909634
590, 0.8104222849902617
591, 0.8082627706532676
592, 0.8061498670024602
593, 0.8040826683829763
594, 0.8020618645003301
595, 0.8000895185265782
596, 0.7981687470335188
597, 0.7963033362353478
598, 0.7944973318292653
599, 0.7927546370491032
600, 0.7910786473743758
601, 0.7894719430630178
602, 0.7879360543522143
603, 0.7864713100318058
604, 0.7850767784015323
605, 0.783750309727183
606, 0.7824886897955851
607, 0.7812879130445353
608, 0.7801435787603125
609, 0.7790514030633712
610, 0.7780078221878276
611, 0.7770106406860631
612, 0.7760596566531859
613, 0.775165121055325
614, 0.774331736371826
615, 0.773567121962475
616, 0.7728816473813673
617, 0.7722808839783746
618, 0.7717804052965737
619, 0.771395292224708
620, 0.771141646765242
621, 0.7710302397094208
622, 0.7710759417472041
623, 0.771292528856475
624, 0.7716924214891655
625, 0.7722865657059389
626, 0.7730844491689557
627, 0.7740942365079467
628, 0.7753229966660757
629, 0.7767769796202114
630, 0.7784618858697315
631, 0.7803830671111075
632, 0.7825456073491547
633, 0.7849542604128096
634, 0.7876132534850725
635, 0.7905259931054639
636, 0.7936947198431098
637, 0.7971170427725028
638, 0.8007919104998007
639, 0.8047160313041061
640, 0.808883446242361
641, 0.8132849898993815
642, 0.8179075425943336
643, 0.8227329443526981
644, 0.827736417438291
645, 0.8328843891551618
646, 0.8381318933331467
647, 0.843420622343971
648, 0.8486804769292506
649, 0.8538386174277315
650, 0.8588349992450466
651, 0.863628471499557
652, 0.8681495199662305
653, 0.8718971665999987
654, 0.8741216010732719
655, 0.8757932469299999
656, 0.877209556552504
657, 0.8783360259472794
658, 0.8789157965053138
659, 0.8782967599669226
660, 0.8762078513283511
661, 0.8733231089628656
662, 0.8700322298720408
663, 0.8664011727922709
664, 0.8624245130034454
665, 0.8581827947398688
666, 0.8538006853641594
667, 0.8493762077325636
668, 0.844962681047676
669, 0.840571010220708
670, 0.8361922004811413
671, 0.831797289798088
672, 0.8273477371699198
673, 0.8228163061331217
674, 0.8182011456803499
675, 0.8135300897835145
676, 0.8088451890164163
677, 0.8041872248719049
678, 0.7995895651079635
679, 0.7950785713758728
680, 0.7906759343899281
681, 0.7864006900450391
682, 0.7822703887850139
683, 0.7783015493857454
684, 0.7745096737947951
685, 0.7709090626918828
686, 0.7675125880729514
687, 0.7643321119473772
688, 0.7613771996998345
689, 0.7586558991646661
690, 0.7561744835488621
691, 0.7539374423555981
692, 0.7519475029797816
693, 0.7502010185727733
694, 0.7486971991351127
695, 0.7474336993670575
696, 0.7464067431263464
697, 0.7456112712454217
698, 0.7450411087629287
699, 0.7446891438374577
700, 0.7445475064441647
701, 0.744607731550566
702, 0.7448608903288428
703, 0.7452976757016778
704, 0.745908436433814
705, 0.7466831675270297
706, 0.7476114829379095
707, 0.7486826168370875
708, 0.7498855166317063
709, 0.7512090969728025
710, 0.7526427091730573
711, 0.7541802926209927
712, 0.7558135926668663
713, 0.7575371974895064
714, 0.7593492262152636
715, 0.7612516344978759
716, 0.763250033123343
717, 0.7653507570629439
718, 0.7675639363685708
719, 0.769900748780988
720, 0.7723725128427652
721, 0.7749846426132814
722, 0.777740388458938
723, 0.7806478813322022
724, 0.7837140045786515
725, 0.786944225967505
726, 0.7903424056421354
727, 0.7939105286182708
728, 0.7976483276397911
729, 0.8015527798382577
730, 0.8056174769960485
731, 0.8098318837857773
732, 0.8141805112693726
733, 0.8186420435686989
734, 0.8231884615806728
735, 0.8277842102418188
736, 0.8323807876470851
737, 0.8369255945162255
738, 0.8413585662759888
739, 0.8456169580563007
740, 0.849646606258229
741, 0.8534179229321217
742, 0.8569358503791763
743, 0.8602334302940436
744, 0.8633433752618848
745, 0.8663030621625952
746, 0.8691366728303723
747, 0.871850614613649
748, 0.8744253792110557
749, 0.8767957242415372
750, 0.8788086835242696
751, 0.8801956023108929
752, 0.8807048691930001
753, 0.8804123185950951
754, 0.8796284638972761
755, 0.8786020938932324
756, 0.8774690125177531
757, 0.8762526759635285
758, 0.8747455764163427
759, 0.8721071274714393
760, 0.8683047781781544
761, 0.8641741731045972
762, 0.8599365730900768
763, 0.855615322032273
764, 0.8511929842662737
765, 0.8466458457089163
766, 0.8419592580062709
767, 0.8371411161542391
768, 0.8322230314557888
769, 0.8272554996183256
770, 0.8222957264108822
771, 0.8173957532284467
772, 0.8125977938305687
773, 0.8079341123822841
774, 0.8034286928527454
775, 0.7990991701376299
776, 0.7949584843152863
777, 0.79101616547065
778, 0.7872792955946856
779, 0.7837532147314312
780, 0.7804420263247043
781, 0.7773489420394526
782, 0.7744764972611404
783, 0.7718290929143808
784, 0.7694079520168403
785, 0.767213821651023
786, 0.7652469542377539
787, 0.7635081896450111
788, 0.7619956311282429
789, 0.760706902164182
790, 0.7596392125514322
791, 0.7587983943047765
792, 0.758180917647137
793, 0.7577831801921644
794, 0.7576016656305956
795, 0.7576331034594366
796, 0.757880592393693
797, 0.7583413443574133
798, 0.7590131207550832
799, 0.7598942520493294
800, 0.7609835922403128
801, 0.7622804025600349
802, 0.7637841632022898
803, 0.7654925651037139
804, 0.767404689966052
805, 0.7695188385241636
806, 0.7718321007616917
807, 0.7743398855064664
808, 0.7770354165393636
809, 0.7799042062734501
810, 0.7829334016432375
811, 0.7861007795382365
812, 0.7893873149067389
813, 0.7927670015330498
814, 0.7962091201313761
815, 0.7996786728368975
816, 0.8031373258985179
817, 0.8065447146717816
818, 0.809859752497137
819, 0.813041690273373
820, 0.8160514975882788
821, 0.818855421939775
822, 0.8214324344648509
823, 0.8237833382486922
824, 0.8259343744706851
825, 0.8279305804364653
826, 0.8298232468430935
827, 0.8316594203588108
828, 0.8334770306761032
829, 0.8352978788450399
830, 0.8371366192545084
831, 0.8389930260092686
832, 0.8408430479740122
833, 0.8426150698583257
834, 0.844181840647655
835, 0.8454122362645854
836, 0.8463280643785213
837, 0.8470702438009446
838, 0.8477474415228624
839, 0.8484029253171197
840, 0.8490375964977891
841, 0.8496294877284551
842, 0.8501494328226692
843, 0.8505634160942654
844, 0.8508409341239843
845, 0.8509570888719129
846, 0.8508919201219868
847, 0.8506290430567971
848, 0.8501573748357469
849, 0.8494655931935065
850, 0.8485340965650374
851, 0.8472691367634942
852, 0.8451096237368712
853, 0.841213392820524
854, 0.8365546409651105
855, 0.8317328397985515
856, 0.8268944772308944
857, 0.8220982984475071
858, 0.8173788381557076
859, 0.8127607356825044
860, 0.8082636722395079
861, 0.8039045982229414
862, 0.7996988265938759
863, 0.7956605256618301
864, 0.7918028737723577
865, 0.7881380408473794
866, 0.7846771053544437
867, 0.7814299717487909
868, 0.7784053195177474
869, 0.775622122975537
870, 0.7730860530329551
871, 0.7708015485265676
872, 0.7687718598207772
873, 0.7669990878815015
874, 0.7654866345521124
875, 0.7642341289960749
876, 0.7632400437016589
877, 0.7625031862973897
878, 0.7620175745262546
879, 0.761776451054301
880, 0.7617717196272785
881, 0.7619938603033252
882, 0.7624318397988927
883, 0.7630730280181631
884, 0.7639009455335081
885, 0.7648993209467615
886, 0.7660502471852686
887, 0.767334262403291
888, 0.7687304499536204
889, 0.7702164901857975
890, 0.7717685639929722
891, 0.7733610107285543
892, 0.7749657258954366
893, 0.7765514959339043
894, 0.7780806752499085
895, 0.7795170381960952
896, 0.7808261851890861
897, 0.7819816015806687
898, 0.7829706546114847
899, 0.7837967951752871
900, 0.7844763094328692
901, 0.7850318633746007
902, 0.7854864953666459
903, 0.7858599456452587
904, 0.7861607153756359
905, 0.7863979405140757
906, 0.786573631710849
907, 0.7866790127639838
908, 0.7866870394353728
909, 0.7865411998730891
910, 0.786154030491883
911, 0.7854539629532086
912, 0.7844640778683599
913, 0.783281280634069
914, 0.78199495674164
915, 0.7806433436193851
916, 0.7792160920251374
917, 0.7776879108202986
918, 0.776060568848478
919, 0.7743885935856747
920, 0.7727422503593011
921, 0.7711744443676606
922, 0.769714284832176
923, 0.7683740540507173
924, 0.7671548739496159
925, 0.7660507099440501
926, 0.7650512014521882
927, 0.7641436907873108
928, 0.7633145985918202
929, 0.7625504168399592
930, 0.7618388487162241
931, 0.7611705674528194
932, 0.7605430052057842
933, 0.7599608639334311
934, 0.7594389126150513
935, 0.7589950246837583
936, 0.7586506754935171
937, 0.7584279795943109
938, 0.7583472860839899
939, 0.7584282514902018
940, 0.7586846197515692
941, 0.759126914635376
942, 0.7597631053196502
943, 0.7605994165691103
944, 0.7616410875021677
945, 0.7628929464028634
946, 0.7643597293926343
947, 0.7660433201723322
948, 0.7679471823024446
949, 0.7700741794090044
950, 0.7724260556634123
951, 0.7750027617964488
952, 0.7778014768364157
953, 0.7808147731162611
954, 0.7840259045092325
955, 0.7873854291923351
956, 0.7907360856539948
957, 0.7932725320324984
958, 0.7940656204893233
959, 0.7943413494360072
960, 0.79462586761347
961, 0.7949975391460745
962, 0.7954564343354594
963, 0.7959807066099999
964, 0.796539015435027
965, 0.797093323846218
966, 0.7976030069638669
967, 0.7980319568803653
968, 0.7983466597684996
969, 0.798516109545845
970, 0.7985127824234105
971, 0.7983132626611867
972, 0.7979037006052432
973, 0.7972849901507484
974, 0.7964693521321797
975, 0.7954829683720157
976, 0.7943560300445648
977, 0.7931116875300634
978, 0.7917587787033481
979, 0.7902874234677951
980, 0.7886671264554895
981, 0.7868692214129099
982, 0.7848902846631283
983, 0.7827637995282785
984, 0.7805412629694032
985, 0.7782682344945255
986, 0.7759750676044808
987, 0.7736779389859543
988, 0.7713824271006017
989, 0.7690867153868551
990, 0.7667842223484939
991, 0.7644633341751977
992, 0.7621160763372233
993, 0.7597384011428525
994, 0.7573328361837633
995, 0.7549096202403068
996, 0.7524858910127811
997, 0.7500834853982615
998, 0.7477264331326821
999, 0.7454389649690883
1000, 0.7432442891812328
1001, 0.7411618748661377
1002, 0.7392118133622562
1003, 0.7374125523080369
1004, 0.7357809637311231
1005, 0.7343394315843058
1006, 0.7330997759717752
1007, 0.7320744245687237
1008, 0.7312760659280599
1009, 0.7307143266294992
1010, 0.7303976523517794
1011, 0.7303333237915975
1012, 0.730527435511321
1013, 0.7309806480644087
1014, 0.7316956590326518
1015, 0.7326736331004124
1016, 0.7339140343570676
1017, 0.7354144493715253
1018, 0.7371704116992188
1019, 0.7391752384267933
1020, 0.741419889326814
1021, 0.7438928597934558
1022, 0.7465801206011106
1023, 0.7494651212193993
1024, 0.7525288791315041
1025, 0.7557501847021812
1026, 0.7591075665900545
1027, 0.7625770628153555
1028, 0.7661342167053553
1029, 0.769755011022483
1030, 0.7734169456694217
1031, 0.7771001415105762
1032, 0.7807882994767718
1033, 0.7844693235738026
1034, 0.7881354449659195
1035, 0.7917827615252058
1036, 0.7954102122176158
1037, 0.7990180994286121
1038, 0.8026063135917216
1039, 0.8061723869826546
1040, 0.8097094332539843
1041, 0.8131876350981061
1042, 0.816585168436647
1043, 0.8198679723776834
1044, 0.8229909828631655
1045, 0.8259120377881054
1046, 0.8285786531295846
1047, 0.8309450345771089
1048, 0.8329831181209525
1049, 0.8346813211969523
1050, 0.8360316351909548
1051, 0.8370134009389638
1052, 0.8375923195289378
1053, 0.8377542739330536
1054, 0.8375492788335814
1055, 0.8370695621574837
1056, 0.8362986383271568
1057, 0.8342787022918399
1058, 0.8300011153804652
1059, 0.8252420977440478
1060, 0.8205141980409643
1061, 0.8159086080601973
1062, 0.8114483564315719
1063, 0.8071287056643083
1064, 0.8029239860953128
1065, 0.7987952151266156
1066, 0.7947119424702829
1067, 0.7906803260153557
1068, 0.7867458042606473
1069, 0.7829678445370347
1070, 0.7793982565453219
1071, 0.7760752431813035
1072, 0.7730254226712698
1073, 0.7702670830948957
1074, 0.7678125955405524
1075, 0.7656781383764274
1076, 0.7638707788829167
1077, 0.7623937678282025
1078, 0.761235496845655
1079, 0.7603873059702194
1080, 0.7598368720209645
1081, 0.7595667905328871
1082, 0.7595531760496668
1083, 0.759763594200453
1084, 0.760154176145741
1085, 0.7606661044571916
1086, 0.7612228236895885
1087, 0.7617319240136515
1088, 0.7620983357099155
1089, 0.7622511470441228
1090, 0.7621692388300719
1091, 0.7618816199888735
1092, 0.7614420590245927
1093, 0.760909665572444
1094, 0.760320869470968
1095, 0.7596937652279838
1096, 0.7590316614812721
1097, 0.7583274406110911
1098, 0.7575675121306288
1099, 0.7567353203833975
1100, 0.7558145323592359
1101, 0.7547917361116127
1102, 0.7536582030971765
1103, 0.752410426390063
1104, 0.751049670397622
1105, 0.7495811124029248
1106, 0.7480130430609829
1107, 0.7463543588066089
1108, 0.7446176661336438
1109, 0.742815250518633
1110, 0.7409634820022876
1111, 0.7390810255815926
1112, 0.737186371819926
1113, 0.7352986272246353
1114, 0.7334405351912353
1115, 0.7316308835139397
1116, 0.7298881666646089
1117, 0.7282303128335851
1118, 0.7266744235492187
1119, 0.7252365349444281
1120, 0.7239314114091275
1121, 0.7227723808691631
1122, 0.7217712169993001
1123, 0.7209380688747126
1124, 0.7202814343646488
1125, 0.7198057465558003
1126, 0.7195167508501807
1127, 0.7194186216415579
1128, 0.7195140331201445
1129, 0.7198042386204048
1130, 0.7202891540049994
1131, 0.7209674417388438
1132, 0.7218365933280084
1133, 0.7228930086763423
1134, 0.7241320716730717
1135, 0.7255482219993807
1136, 0.7271395356348853
1137, 0.7289000747218459
1138, 0.730823045440067
1139, 0.7329023484420603
1140, 0.7351308717957178
1141, 0.7374997226451908
1142, 0.7399940302609136
1143, 0.7425959727186301
1144, 0.7452936056801316
1145, 0.748074775110716
1146, 0.7509272821185762
1147, 0.7538390679896931
1148, 0.7567984073767098
1149, 0.7598004061628784
1150, 0.7628349728488412
1151, 0.7658926122641283
1152, 0.7689642886136862
1153, 0.7720410330913094
1154, 0.775113169707146
1155, 0.7781689375084695
1156, 0.7811957790633643
1157, 0.7841681016302061
1158, 0.7870352570143376
1159, 0.7896452155014592
1160, 0.7910453508569165
1161, 0.789554531507933
1162, 0.7869956230140744
1163, 0.7840187773349088
1164, 0.7807328188723338
1165, 0.777221420147042
1166, 0.7735762849406632
1167, 0.7698843702253156
1168, 0.766218671138919
1169, 0.7626367977762871
1170, 0.7591833397017638
1171, 0.755888553503842
1172, 0.7527801757885698
1173, 0.7498904473298904
1174, 0.7472303660458549
1175, 0.7448131620554707
1176, 0.7426556486982304
1177, 0.7407671902273506
1178, 0.7391553521559205
1179, 0.7378261104198695
1180, 0.736784002730241
1181, 0.7360322397083564
1182, 0.7355727871122444
1183, 0.7354064262000488
1184, 0.7355256230098308
1185, 0.7359294594758123
1186, 0.7366141713593708
1187, 0.7375773035949617
1188, 0.738815364340181
1189, 0.7403237757701562
1190, 0.7420968000740809
1191, 0.7441274355644008
1192, 0.7464072760030603
1193, 0.7489263240121645
1194, 0.7516727472569453
1195, 0.7546325657160144
1196, 0.7577892645101426
1197, 0.7611233502822351
1198, 0.7646119305577289
1199, 0.7682285211506767
1200, 0.7719480585235389
1201, 0.7757395165053259
1202, 0.779571926826568
1203, 0.7834196073113865
1204, 0.787262214346798
1205, 0.7910862531288736
1206, 0.7948769640227324
1207, 0.7986169431803287
1208, 0.8022710951275267
1209, 0.8058087450442244
1210, 0.8091879357703915
1211, 0.8123497069593174
1212, 0.8152095623225158
1213, 0.8176497148367449
1214, 0.8195264490347586
1215, 0.8207122476068137
1216, 0.8211597164569794
1217, 0.8208895412268847
1218, 0.8199508177815792
1219, 0.8184064454556015
1220, 0.8163408527852775
1221, 0.8138538127711211
1222, 0.8110379634356013
1223, 0.8079667698950893
1224, 0.8046952092089014
1225, 0.8012652344189748
1226, 0.7977110074766937
1227, 0.7940742498191972
1228, 0.7903842960345113
1229, 0.7866651694577046
1230, 0.7829455075366948
1231, 0.7792552153274706
1232, 0.7756229228335331
1233, 0.7720764998511124
1234, 0.768642433893394
1235, 0.7653375723882608
1236, 0.7621853010454404
1237, 0.759206862680519
1238, 0.75642108036889
1239, 0.7538485608781226
1240, 0.7515029168933111
1241, 0.7493950886317812
1242, 0.7475333406315255
1243, 0.7459232977518709
1244, 0.744568005960155
1245, 0.7434605269702219
1246, 0.742599659618062
1247, 0.7419818660896774
1248, 0.7416013566574309
1249, 0.7414501909159262
1250, 0.7415184171514266
1251, 0.7417942845952697
1252, 0.7422645740587351
1253, 0.7429150905883936
1254, 0.7437313326719358
1255, 0.7446992874576882
1256, 0.7458089261299142
1257, 0.7470519228868571
1258, 0.7484220396919484
1259, 0.7499144126250222
1260, 0.751522201075846
1261, 0.7532430757019555
1262, 0.7550756785697014
1263, 0.7570200436046212
1264, 0.7590739258604912
1265, 0.7612339561917175
1266, 0.7634908453681927
1267, 0.7658069668100402
1268, 0.7679264694420954
1269, 0.7679717174288835
1270, 0.7661716512346228
1271, 0.7642179450676481
1272, 0.7623116726248801
1273, 0.7604754622125767
1274, 0.7586974072641228
1275, 0.7569524616493721
1276, 0.7552085337433185
1277, 0.7534315979733625
1278, 0.7515910539222483
1279, 0.7496635782714262
1280, 0.747633167571796
1281, 0.745486622291983
1282, 0.7432053113760739
1283, 0.7407538878014988
1284, 0.7380664757549913
1285, 0.735039586103092
1286, 0.7315455487996728
1287, 0.7275102833439128
1288, 0.7229899675163731
1289, 0.7181359911243633
1290, 0.7131197872717715
1291, 0.7080737021614538
1292, 0.7030899111110642
1293, 0.6982346703153256
1294, 0.6935660952959436
1295, 0.6891200227384982
1296, 0.6849244321488973
1297, 0.6810018712765132
1298, 0.6773690609827345
1299, 0.6740418964299932
1300, 0.6710337107443615
1301, 0.6683488314417599
1302, 0.6659967640051211
1303, 0.6639849717140756
1304, 0.662318844942053
1305, 0.6610016383858842
1306, 0.6600343886611028
1307, 0.6594158184706373
1308, 0.6591422278784252
1309, 0.6592057949208509
1310, 0.659598407486365
1311, 0.6603090301481693
1312, 0.6613201574087817
1313, 0.6626142122141678
1314, 0.6641695647996567
1315, 0.6659598555358599
1316, 0.6679464846385224
1317, 0.6700919393874584
1318, 0.6723511299618576
1319, 0.6746704846719873
1320, 0.6769893030723416
1321, 0.6792436903003478
1322, 0.6813692013809121
1323, 0.6833172089907357
1324, 0.6850680352780438
1325, 0.6866343754034473
1326, 0.6880477961632632
1327, 0.6893554690616369
1328, 0.6906054788471684
1329, 0.6918421783941346
1330, 0.6931040317865793
1331, 0.6944230336259737
1332, 0.6958249632283667
1333, 0.6973300228266048
1334, 0.6989535633486237
1335, 0.700706672799561
1336, 0.7025964443560739
1337, 0.7046257686917006
1338, 0.706792505585649
1339, 0.7090883428824325
1340, 0.7114971568157746
1341, 0.7139853731477723
1342, 0.7165014950630779
1343, 0.718966473076525
1344, 0.7212468443386988
1345, 0.7231254458701993
1346, 0.7242558539608304
1347, 0.7242191944577928
1348, 0.7228649093563511
1349, 0.7204591623913861
1350, 0.7173443277713663
1351, 0.7137687423614734
1352, 0.709904947253715
1353, 0.7058783446693291
1354, 0.7017821916895156
1355, 0.697677328558514
1356, 0.6936146090855372
1357, 0.6896299811895168
1358, 0.6857481334617687
1359, 0.6819861203425517
1360, 0.6783570279611182
1361, 0.6748735248820208
1362, 0.6715509004664582
1363, 0.6684090901777383
1364, 0.6654733451275369
1365, 0.6627735790601675
1366, 0.660334584117637
1367, 0.6581879318898964
1368, 0.6563650608738714
1369, 0.6548957689554212
1370, 0.6538050515696513
1371, 0.6531168796761325
1372, 0.6528507193159611
1373, 0.6530163216759765
1374, 0.6536055375482087
1375, 0.6544781986261615
1376, 0.6536558955585177
1377, 0.6500319480375208
1378, 0.6465131960467008
1379, 0.6434380646410657
1380, 0.6408610137531202
1381, 0.6388055739323143
1382, 0.6372826244298702
1383, 0.6362969622955945
1384, 0.6358474546865972
1385, 0.635925736459667
1386, 0.636513596981886
1387, 0.637578556913406
1388, 0.6390669742940891
1389, 0.6408955534217727
1390, 0.642949283613287
1391, 0.6451102843867536
1392, 0.6473197235021915
1393, 0.649614394846191
1394, 0.6520821816230364
1395, 0.6548017259219575
1396, 0.6578184991925445
1397, 0.6611492589887602
1398, 0.6647892022623526
1399, 0.6687182815573481
1400, 0.6728979685831301
1401, 0.6772752712969328
1402, 0.6817538682995941
1403, 0.6861924067329634
1404, 0.6903201099676198
1405, 0.6936020684036119
1406, 0.6954085023816375
1407, 0.6958124727028071
1408, 0.6953357312774741
1409, 0.6943287992454167
1410, 0.6930053100161846
1411, 0.69151609342137
1412, 0.6899628785707932
1413, 0.6883995433290218
1414, 0.6868197417292587
1415, 0.6851803859234694
1416, 0.6834011283736718
1417, 0.6814053942793054
1418, 0.6791821518301862
1419, 0.6768051254802161
1420, 0.6743815635365757
1421, 0.6719910798597778
1422, 0.6696569975474614
1423, 0.6673361915890297
1424, 0.664928934792523
1425, 0.6623037633368306
1426, 0.6593678480791202
1427, 0.656136153465044
1428, 0.6527285125478106
1429, 0.6492963654836107
1430, 0.6459787562702748
1431, 0.6428576410750592
1432, 0.6399806821627576
1433, 0.6373672670632642
1434, 0.6350205667154457
1435, 0.6329343149253429
1436, 0.6311035702346742
1437, 0.6295171208733604
1438, 0.6281647767704922
1439, 0.6270392834631633
1440, 0.6261380997780205
1441, 0.6254650481817091
1442, 0.6250315961494117
1443, 0.6248574207816388
1444, 0.6249671426280291
1445, 0.6253935417669779
1446, 0.6261776552483488
1447, 0.6273600533699277
1448, 0.6289819563834257
1449, 0.6310722825569087
1450, 0.6336568825823985
1451, 0.6367667658764785
1452, 0.6404247012385168
1453, 0.6446443918406716
1454, 0.6494259646176689
1455, 0.6547375733202446
1456, 0.6605219956183719
1457, 0.6666599614576123
1458, 0.6729277244862111
1459, 0.6790006887989926
1460, 0.6845472522301325
1461, 0.6892414545003762
1462, 0.6929101508624779
1463, 0.695957998396439
1464, 0.6988495526165487
1465, 0.7014129087213479
1466, 0.702643277702137
1467, 0.7030223805424294
1468, 0.7035691604524429
1469, 0.7045627012678218
1470, 0.706048646056391
1471, 0.7080207570673366
1472, 0.7104304798117994
1473, 0.7131927563545128
1474, 0.7161247029768905
1475, 0.7173233602041146
1476, 0.7150415259225222
1477, 0.7124432375954017
1478, 0.7097877025705309
1479, 0.7070533676765083
1480, 0.7041776622312876
1481, 0.7011145990866531
1482, 0.6977981479196187
1483, 0.6941721402351402
1484, 0.690155923442669
1485, 0.6856217160163665
1486, 0.6804285561959502
1487, 0.6745394023017248
1488, 0.6681072708401072
1489, 0.6613957580950584
1490, 0.6546724049673225
1491, 0.6481351733662218
1492, 0.6419336209432892
1493, 0.6361814802666614
1494, 0.630965154047514
1495, 0.6263483931667826
1496, 0.6223778286848348
1497, 0.6190786533441626
1498, 0.6164655592470708
1499, 0.6145421931618996
1500, 0.6133044392893624
1501, 0.6127418730060045
1502, 0.6128518600513141
1503, 0.613619524099368
1504, 0.615043076194403
1505, 0.6171116919969547
1506, 0.619811975016341
1507, 0.623131793593842
1508, 0.6270418325521765
1509, 0.6315056082565048
1510, 0.6364817945170869
1511, 0.6419269180055978
1512, 0.6477980863958535
1513, 0.6540554394568048
1514, 0.6606639378225776
1515, 0.6675937466284821
1516, 0.6748169103420023
1517, 0.6822885505560534
1518, 0.689799385238291
1519, 0.6957180854128427
1520, 0.6997995705948625
1521, 0.7039531315715669
1522, 0.7084543567728857
1523, 0.7133155786785399
1524, 0.7184489209875545
1525, 0.7234508876953675
1526, 0.7258254670244041
1527, 0.7217623717372076
1528, 0.7157606160971312
1529, 0.7092200344361264
1530, 0.702536510604943
1531, 0.6958725384188487
1532, 0.6893072945123201
1533, 0.6829330348035411
1534, 0.6768691243285224
1535, 0.6712304081690732
1536, 0.6661007667366825
1537, 0.6615248343190281
1538, 0.6575089913940937
1539, 0.6540246043435869
1540, 0.6510127336342022
1541, 0.6483932559426484
1542, 0.646081300680956
1543, 0.644018178502808
1544, 0.6421688348110095
1545, 0.6405311124993398
1546, 0.6391133837666799
1547, 0.6379299713957588
1548, 0.6369853088494064
1549, 0.6362638452425647
1550, 0.6357541749638767
1551, 0.635444861888926
1552, 0.6353050582695686
1553, 0.6352581302974792
1554, 0.6351539728393089
1555, 0.6347341174333475
1556, 0.6337158512095309
1557, 0.6320026550935103
1558, 0.6297904263974199
1559, 0.6273793705536325
1560, 0.6250030207523346
1561, 0.6228064444714744
1562, 0.6208763605985169
1563, 0.6192674822303705
1564, 0.6180182319226079
1565, 0.6171605909168817
1566, 0.6167366691247284
1567, 0.6167903509437677
1568, 0.6173873118691027
1569, 0.618611568725968
1570, 0.6205474958200861
1571, 0.6232710422534207
1572, 0.626841031628405
1573, 0.6312784636436138
1574, 0.6365661918799852
1575, 0.6426276562434282
1576, 0.6493439114182581
1577, 0.6565143729776903
1578, 0.6637937579204212
1579, 0.6693853373236381
1580, 0.671163213020637
1581, 0.6724975252984219
1582, 0.6738332810634826
1583, 0.6752847270824075
1584, 0.6768864650002924
1585, 0.6786373130016419
1586, 0.6805238198941596
1587, 0.6825308514023442
1588, 0.6846444788669948
1589, 0.6868393180770579
1590, 0.6858069062078453
1591, 0.6830009255621617
1592, 0.6802671969978491
1593, 0.6774960899539268
1594, 0.6744180829204804
1595, 0.6705288951792309
1596, 0.6654766207035434
1597, 0.659646970010174
1598, 0.6536185391007012
1599, 0.6477341890179165
1600, 0.6421629669968278
1601, 0.636995858393587
1602, 0.6322700550787629
1603, 0.6279813446973272
1604, 0.6241270414968795
1605, 0.6207084888542683
1606, 0.617750392893891
1607, 0.615311244693995
1608, 0.6134682142281175
1609, 0.6123156563630117
1610, 0.6119376876742464
1611, 0.6123952455647911
1612, 0.6137209084808601
1613, 0.6159190368903248
1614, 0.6189883720438838
1615, 0.6228829654339728
1616, 0.627548015325785
1617, 0.6329069300554451
1618, 0.6388638764472603
1619, 0.6452693111414581
1620, 0.6518246663291068
1621, 0.6577649910064153
1622, 0.6623701013083865
1623, 0.6662667541532388
1624, 0.6698178286427884
1625, 0.6728450561188986
1626, 0.6751341511516871
1627, 0.6767760116319208
1628, 0.6780305411551312
1629, 0.6790721118739113
1630, 0.6799552141747197
1631, 0.6806812614954433
1632, 0.6812561970689434
1633, 0.6817185309289859
1634, 0.6821441388738665
1635, 0.682617145017034
1636, 0.6831960007603917
1637, 0.683512018711497
1638, 0.68162827940988
1639, 0.678770054762687
1640, 0.6762474964488667
1641, 0.6742505928886682
1642, 0.6728101969539695
1643, 0.6718840523294852
1644, 0.6713838318789409
1645, 0.6711914896437231
1646, 0.6711771942409719
1647, 0.6712019846990513
1648, 0.6711430363833792
1649, 0.6708939493070818
1650, 0.6703861070466827
1651, 0.6696126437315391
1652, 0.6686340777378516
1653, 0.6675576129741555
1654, 0.6665040436980341
1655, 0.665590731007642
1656, 0.6648962318063161
1657, 0.6644662298182777
1658, 0.6643107253531483
1659, 0.6644126196353342
1660, 0.6646557749383368
1661, 0.6647859420610797
1662, 0.6642335493178154
1663, 0.6621913591958395
1664, 0.6584960382649168
1665, 0.6536400685593486
1666, 0.6479726780211663
1667, 0.6417637048233132
1668, 0.6353491508384079
1669, 0.6290742655369352
1670, 0.6232107778760748
1671, 0.6179549883880174
1672, 0.6134477100126446
1673, 0.6097773314595947
1674, 0.6070044362664844
1675, 0.6051745343086259
1676, 0.6043335750061668
1677, 0.6045185359686615
1678, 0.6057595480836565
1679, 0.6080695236450561
1680, 0.6114142056014549
1681, 0.6151590375740867
1682, 0.6150225427863356
1683, 0.6148798425277211
1684, 0.6157682713537683
1685, 0.6177205269489994
1686, 0.6207037162163094
1687, 0.6246498929877765
1688, 0.6294512292956694
1689, 0.6349504812602984
1690, 0.6409314795637363
1691, 0.6471104217268738
1692, 0.6531312753437276
1693, 0.6585529232256518
1694, 0.6628681872040549
1695, 0.6657084144552418
1696, 0.6671298329265458
1697, 0.6674478635030958
1698, 0.6669160183225425
1699, 0.6656740418241958
1700, 0.6638342298033051
1701, 0.661553914551247
1702, 0.6590052675296274
1703, 0.656362874641667
1704, 0.6537810442621557
1705, 0.6513865515327754
1706, 0.6492757320199216
1707, 0.647526076440382
1708, 0.6461844078493034
1709, 0.6452661763757153
1710, 0.6447505922628962
1711, 0.6445348298407619
1712, 0.6441483359290676
1713, 0.6423857507263506
1714, 0.6396913538042887
1715, 0.6369258367834556
1716, 0.6340478551164835
1717, 0.6307343758340401
1718, 0.6269290382829968
1719, 0.6230594852401115
1720, 0.6196624057574658
1721, 0.617100777622282
1722, 0.6155445859044841
1723, 0.6150414357456735
1724, 0.615544631720471
1725, 0.6169325708120598
1726, 0.6190172614122156
1727, 0.6215480841144809
1728, 0.6242004019439802
1729, 0.6265344601348726
1730, 0.6278689852183041
1731, 0.6274304076243232
1732, 0.6253854809806112
1733, 0.6226862701815927
1734, 0.620024598194205
1735, 0.617768279487986
1736, 0.6161051748925381
1737, 0.6151008063671957
1738, 0.6146844586583661
1739, 0.6146286936303588
1740, 0.6146469275047289
1741, 0.6146769518556757
1742, 0.6149939098985487
1743, 0.6159524496138389
1744, 0.617792142860559
1745, 0.620610196240899
1746, 0.6243886298073942
1747, 0.6290161093647767
1748, 0.6343096977699333
1749, 0.6400278651963177
1750, 0.6459217216727898
1751, 0.6517921911311866
1752, 0.6574904673010736
1753, 0.6628017691483444
1754, 0.6672964127011959
1755, 0.6705077463135914
1756, 0.6723394426128554
1757, 0.6733019734631498
1758, 0.6741357679640931
1759, 0.675277342544847
1760, 0.676894759177303
1761, 0.6789764309482254
1762, 0.6813770039770009
1763, 0.6837536203561547
1764, 0.6855168377324241
1765, 0.6858332107918034
1766, 0.6839111116775087
1767, 0.6794993429272107
1768, 0.6733362603958559
1769, 0.66648913285413
1770, 0.6597094989017069
1771, 0.6534524763985122
1772, 0.6480018121169215
1773, 0.6435409089050513
1774, 0.6401870836403021
1775, 0.6380136242713024
1776, 0.6370623308708128
1777, 0.6373528185124666
1778, 0.6388898063068741
1779, 0.6416682409659998
1780, 0.6456754138087999
1781, 0.6508950046267816
1782, 0.65727868297244
1783, 0.6647420322174852
1784, 0.6730887260120011
1785, 0.6811448411628458
1786, 0.6811956474369818
1787, 0.6770170988803234
1788, 0.6729896686007516
1789, 0.6696899490574547
1790, 0.6672299549517213
1791, 0.6656503573011341
1792, 0.6649736568650033
1793, 0.6652067865085692
1794, 0.6663241887540786
1795, 0.668270421630963
1796, 0.6709406918541198
1797, 0.6741599969554715
1798, 0.6776411744740344
1799, 0.6808872632799347
1800, 0.6830433314579026
1801, 0.6833062064103959
1802, 0.681914178447113
1803, 0.6795802634591928
1804, 0.6767705798829821
1805, 0.6737394450373707
1806, 0.6706005387256394
1807, 0.666966637368678
1808, 0.6611136114013898
1809, 0.6543269920078124
1810, 0.6478852762467494
1811, 0.64209233280175
1812, 0.637110020797185
1813, 0.6330591365332833
1814, 0.6300328370018637
1815, 0.6280747192583929
1816, 0.6271185610360884
1817, 0.6265648257113683
1818, 0.6241394527730717
1819, 0.6205001542440124
1820, 0.6176002361009838
1821, 0.6158722029935293
1822, 0.6154337069631411
1823, 0.616338374845589
1824, 0.6186170280088541
1825, 0.622283324882246
1826, 0.6273301699934948
1827, 0.6337171370515801
1828, 0.6412856599066303
1829, 0.6448733150792241
1830, 0.646589647594054
1831, 0.6493505549869264
1832, 0.6529657888747838
1833, 0.6570860878049717
1834, 0.6612159474947605
1835, 0.6646755343815469
1836, 0.6667598719338066
1837, 0.6671668425801631
1838, 0.6661171432583642
1839, 0.6641596246867215
1840, 0.6619294575537347
1841, 0.6598128318799227
1842, 0.6576836443441081
1843, 0.6547415642221885
1844, 0.6508765239176836
1845, 0.6472126025926177
1846, 0.6444897161981826
1847, 0.6429838186809073
1848, 0.6427649995969
1849, 0.6437926857156206
1850, 0.6459511243587497
1851, 0.6490454907101884
1852, 0.652822827751352
1853, 0.6570109438635727
1854, 0.661384669275062
1855, 0.6657835987986671
1856, 0.6700907162397178
1857, 0.6742077451625421
1858, 0.6776815179779234
1859, 0.6775370632231829
1860, 0.6764678791252249
1861, 0.6756955315392861
1862, 0.675404404296628
1863, 0.6756857943963144
1864, 0.6765932692913222
1865, 0.6781371747007933
1866, 0.6802958770416854
1867, 0.683027459365538
1868, 0.6862578183683044
1869, 0.6898607036501309
1870, 0.6936211735650817
1871, 0.6971746130388141
1872, 0.6998491640979202
1873, 0.7007721846921564
1874, 0.6995249573269953
1875, 0.6954162211870953
1876, 0.6882179013899838
1877, 0.6800591283579431
1878, 0.6721473945626515
1879, 0.6648866987892704
1880, 0.6584392788462381
1881, 0.6528764060121529
1882, 0.6482383174055634
1883, 0.6445387464141658
1884, 0.6417942404042896
1885, 0.6400251855728158
1886, 0.6392440268731879
1887, 0.6394436538676622
1888, 0.6404452210240111
1889, 0.6404857880640731
1890, 0.638760991277555
1891, 0.6376432869164829
1892, 0.6374780178446232
1893, 0.638281348226863
1894, 0.6400133831098797
1895, 0.6425938341477105
1896, 0.6459298721956012
1897, 0.6499071622384587
1898, 0.654411319953412
1899, 0.6593473663017496
1900, 0.6646587205405701
1901, 0.6703209676094406
1902, 0.6763189964591655
1903, 0.6825998533606656
1904, 0.6890419222483535
1905, 0.6954620571233815
1906, 0.7015565306234118
1907, 0.7069562424123947
1908, 0.7112863267345159
1909, 0.7142326215404071
1910, 0.715545244748813
1911, 0.7150601069907668
1912, 0.7127158173959041
1913, 0.7085543312814438
1914, 0.7027670580775911
1915, 0.695751105545274
1916, 0.6879904842233462
1917, 0.6799012423008616
1918, 0.6717931148343408
1919, 0.6638763550145255
1920, 0.6562792707524897
1921, 0.6490725100842358
1922, 0.642288184756953
1923, 0.6359281223962217
1924, 0.6299983107719737
1925, 0.6245403478242686
1926, 0.6196207225459491
1927, 0.615312034256215
1928, 0.611695396212966
1929, 0.6088409438721144
1930, 0.6068052307341981
1931, 0.605633413807577
1932, 0.6053624568620778
1933, 0.606019664667243
1934, 0.6076271889460138
1935, 0.6101953522766373
1936, 0.6137134183354095
1937, 0.618155094799215
1938, 0.6234755413450231
1939, 0.6295945072645642
1940, 0.6364189493190185
1941, 0.6438180379381314
1942, 0.651629101226612
1943, 0.6596664791522091
1944, 0.6677207932721724
1945, 0.6755999488372181
1946, 0.6831651723352637
1947, 0.6903006478030909
1948, 0.6967682356714999
1949, 0.7020719789564764
1950, 0.7058107067456485
1951, 0.7082127890847122
1952, 0.7096570289625823
1953, 0.7102995233609282
1954, 0.7101897785156923
1955, 0.7093901002082957
1956, 0.7079915548093688
1957, 0.7060999631257915
1958, 0.703843924198095
1959, 0.7013937207299081
1960, 0.6989327519014685
1961, 0.6965793750097062
1962, 0.6944400587482796
1963, 0.6925723873254628
1964, 0.6909945573124965
1965, 0.6896996626950431
1966, 0.688672898728962
1967, 0.6879082412162801
1968, 0.6874190894860143
1969, 0.6872350279635557
1970, 0.6874004788415085
1971, 0.6879413814292185
1972, 0.6888764874311728
1973, 0.6901738506214781
1974, 0.6917497018177369
1975, 0.6935142872643155
1976, 0.6954580063030273
1977, 0.6976614268620676
1978, 0.700231324034074
1979, 0.7031899345925234
1980, 0.7064772789051957
1981, 0.7099577458751103
1982, 0.7134778353588379
1983, 0.7169352100991937
1984, 0.7203211536064508
1985, 0.7236919984718716
1986, 0.7270794093235393
1987, 0.7303103938921885
1988, 0.7321974818307888
1989, 0.7305951098466609
1990, 0.7272606713501417
1991, 0.7229684114767282
1992, 0.7167233064964758
1993, 0.7090303422139186
1994, 0.7007765069607743
1995, 0.6923155771920576
1996, 0.6839275973909273
1997, 0.6758381240532662
1998, 0.668193097490637
1999, 0.6610905003655219
2000, 0.6545903016395108
2001, 0.6487270065331873
2002, 0.6435179429665833
2003, 0.6389688250490184
2004, 0.6350770252318745
2005, 0.6318372350316295
2006, 0.6292426244132462
2007, 0.6272876016229023
2008, 0.6259717305569346
2009, 0.6253072899179458
2010, 0.6253137280210064
2011, 0.6260149937984512
2012, 0.6274311046479941
2013, 0.629583361307819
2014, 0.6324832233276246
2015, 0.6361375517060489
2016, 0.6405425329623348
2017, 0.645674218824894
2018, 0.6514673870392412
2019, 0.6573762790819012
2020, 0.65819954948705
2021, 0.6579019121602843
2022, 0.6580411918842543
2023, 0.6585679187877728
2024, 0.6593127052518073
2025, 0.659949455139818
2026, 0.6599028565137789
2027, 0.6585243787320179
2028, 0.6557791062634123
2029, 0.6522312127307841
2030, 0.648364755514568
2031, 0.6444552550121538
2032, 0.6406789536414653
2033, 0.6371686315639203
2034, 0.6340260024876104
2035, 0.6313401634251741
2036, 0.6291800041267057
2037, 0.6275937438005857
2038, 0.6265960212687005
2039, 0.6261873979301339
2040, 0.6263520116629789
2041, 0.6270531872335084
2042, 0.6282520412941414
2043, 0.6299026463643065
2044, 0.6319523491431684
2045, 0.6343374715504257
2046, 0.6369822697765195
2047, 0.6398012479067618
2048, 0.6426996243364428
2049, 0.6455930751816522
2050, 0.6484218798350879
2051, 0.651157248018829
2052, 0.6537755097028388
2053, 0.6562329267820898
2054, 0.6584524486970499
2055, 0.6603498580369302
2056, 0.6618921240625375
2057, 0.6631374650010945
2058, 0.6642100052450489
2059, 0.6652400917554392
2060, 0.6663052347527909
2061, 0.6674067670115971
2062, 0.668515718426009
2063, 0.6695688135709975
2064, 0.6705088283888895
2065, 0.6713003952539498
2066, 0.6719114596698892
2067, 0.6723054499036312
2068, 0.6724180883651883
2069, 0.6721764217669852
2070, 0.6715636197722736
2071, 0.6706686917425915
2072, 0.6696588092262048
2073, 0.6687167383277922
2074, 0.6679885650521699
2075, 0.6675719839784914
2076, 0.6675257740574468
2077, 0.6678841167236876
2078, 0.6686632120792824
2079, 0.6698733700818349
2080, 0.6715256228102018
2081, 0.673633766990061
2082, 0.6762128944521321
2083, 0.6792693237746968
2084, 0.6827961109296901
2085, 0.6867684513852899
2086, 0.6911541432033775
2087, 0.6958803454011895
2088, 0.7008518520206873
2089, 0.7059444862082437
2090, 0.7110306310989067
2091, 0.7160098739467098
2092, 0.720814511375467
2093, 0.7253617544316964
2094, 0.7294117291599377
2095, 0.7327866495950526
2096, 0.7357864348087484
2097, 0.7386310756207741
2098, 0.7412360480935822
2099, 0.7434847224706724
2100, 0.7452613416411764
2101, 0.7462870479507088
2102, 0.7463888549306507
2103, 0.7458735960929794
2104, 0.7451849118888912
2105, 0.744594247277313
2106, 0.7442235834151955
2107, 0.7441128973834441
2108, 0.7442555886788415
2109, 0.7446143003660367
2110, 0.7451498770400847
2111, 0.7458256607440141
2112, 0.7466124042195094
2113, 0.7475096298986323
2114, 0.7485366610242883
2115, 0.7497265876074867
2116, 0.7511143096679179
2117, 0.7527236633819409
2118, 0.7545638282896128
2119, 0.756631981795169
2120, 0.7589018246541108
2121, 0.7613435052166047
2122, 0.763887850305446
2123, 0.7664389019390698
2124, 0.7688712332446694
2125, 0.7710321746705014
2126, 0.7727560902782785
2127, 0.7738905012836206
2128, 0.7743406445701715
2129, 0.7740641775735176
2130, 0.7730868488700069
2131, 0.7714994107939445
2132, 0.7694443489200958
2133, 0.767085400141828
2134, 0.7645826442495495
2135, 0.7620617879664492
2136, 0.7596112167483474
2137, 0.7572939911629339
2138, 0.7551422900317905
2139, 0.7531760093093749
2140, 0.7513985939544849
2141, 0.7497979822956372
2142, 0.7483417875001079
2143, 0.7469888668718736
2144, 0.7456851947711155
2145, 0.7443885375492179
2146, 0.7430793055871104
2147, 0.7417758501025568
2148, 0.7405355743066746
2149, 0.7394343821382335
2150, 0.738546530481637
2151, 0.7379332698359763
2152, 0.7376411973307574
2153, 0.7377012272179875
2154, 0.7381264445402844
2155, 0.7389233767805123
2156, 0.740082791397681
2157, 0.7415875460199974
2158, 0.7434132539175646
2159, 0.7455328633037833
2160, 0.7479202696103173
2161, 0.7505508854020477
2162, 0.7534035779366596
2163, 0.7564638352599159
2164, 0.7597228118036282
2165, 0.7631797201352923
2166, 0.766844112565556
2167, 0.7707269247460923
2168, 0.7748361765362712
2169, 0.7791811995450828
2170, 0.7837686602163186
2171, 0.7885975746509575
2172, 0.7936519562020877
2173, 0.7988994612951533
2174, 0.8042764015353104
2175, 0.8096553069074588
2176, 0.814830321593195
2177, 0.8195552300791924
2178, 0.8237188435563116
2179, 0.827472835199182
2180, 0.8310796660154072
2181, 0.8347418196874986
2182, 0.8385818626384947
2183, 0.8426598769186792
2184, 0.8470140471655938
2185, 0.8516536384944932
2186, 0.8565744362471417
2187, 0.8617625955287224
2188, 0.8671959559280286
2189, 0.8728446541713683
2190, 0.8786663756640777
2191, 0.8846156582248829
2192, 0.8906298637608878
2193, 0.8966304563455653
2194, 0.90251975476836
2195, 0.9081808149457942
2196, 0.9134887373775504
2197, 0.9183422840933132
2198, 0.9226914919330326
2199, 0.9265281033144582
2200, 0.9298821391899993
2201, 0.9328017181067727
2202, 0.9353594974885433
2203, 0.9376392672495804
2204, 0.9397268117432757
2205, 0.9416897212259506
2206, 0.9435740587890168
2207, 0.945412078964133
2208, 0.9472132285557608
2209, 0.9489618547811548
2210, 0.9506137555212121
2211, 0.9520950841066078
2212, 0.953312902611206
2213, 0.954197813472876
2214, 0.9547476942204243
2215, 0.955030535199663
2216, 0.9551398870364696
2217, 0.9551538434022402
2218, 0.9551190098547518
2219, 0.9550546043480057
2220, 0.9549200175293604
2221, 0.954385396460259
2222, 0.953631119492595
2223, 0.9528851465801911
2224, 0.9521774201581663
2225, 0.9515249997849662
2226, 0.9509474681046117
2227, 0.9504621191207726
2228, 0.950084667257802
2229, 0.9498281865862798
2230, 0.9497032850113971
2231, 0.9497176131929903
2232, 0.9498767107337097
2233, 0.9501828528287832
2234, 0.950639798978157
2235, 0.9512512303300906
2236, 0.9520177723500165
2237, 0.9529444864546878
2238, 0.95403147502343
2239, 0.9552835414332852
2240, 0.9567034118842285
2241, 0.9582826619792618
2242, 0.9597232451759646
2243, 0.9612255671585227
2244, 0.9629145456471153
2245, 0.9647932163683938
2246, 0.9668557565296336
2247, 0.969092044656575
2248, 0.971483036046153
2249, 0.9739969116331895
2250, 0.9765808340932902
2251, 0.9791564581487251
2252, 0.9816198928924487
2253, 0.983876778595225
2254, 0.9858987515229221
2255, 0.9877510619789551
2256, 0.9895412824825685
2257, 0.9913671239490057
2258, 0.9932975586193297
2259, 0.9953736250599953
2260, 0.997617470669511
2261, 1.0000363243072732
2262, 1.0026297727268947
2263, 1.0053917044111729
2264, 1.008310113721026
2265, 1.011365137097014
2266, 1.0145339302301266
2267, 1.0177888408161608
2268, 1.0210980384336468
2269, 1.0244257786709627
2270, 1.0277336622830218
2271, 1.0309873748131468
2272, 1.0341588181450607
2273, 1.0372298936729365
2274, 1.0401936805989098
2275, 1.0430523193203367
2276, 1.0458129553785218
2277, 1.0484825714166244
2278, 1.0510596821062763
2279, 1.0535308434792592
2280, 1.0558575574107298
2281, 1.0579696356273012
2282, 1.0598898891544701
2283, 1.0617007845996338
2284, 1.0634567805248865
2285, 1.0651963658821926
2286, 1.0669476645158167
2287, 1.0687267749145157
2288, 1.0705235808575715
2289, 1.0722343209172056
2290, 1.073850098286655
2291, 1.0754730575998197
2292, 1.0771023657174235
2293, 1.0786809480462123
2294, 1.0801033524645798
2295, 1.0812419693831337
2296, 1.0820672438119328
2297, 1.0826905604715846
2298, 1.0832419378369265
2299, 1.0838018462136843
2300, 1.084412630712105
2301, 1.0850941234078653
2302, 1.0858561542359002
2303, 1.0867022238149036
2304, 1.0876301886433846
2305, 1.0886373503847468
2306, 1.0897187814681872
2307, 1.0908703524996088
2308, 1.0920883852646706
2309, 1.0933714236059535
2310, 1.0947225694535654
2311, 1.0961471855690408
2312, 1.0976522685565888
2313, 1.0992445559544248
2314, 1.100930358576357
2315, 1.102715392102156
2316, 1.1046050546418142
2317, 1.1066021298727438
2318, 1.108707360302044
2319, 1.110918895673806
2320, 1.1132335719732749
2321, 1.1156409957501203
2322, 1.1181235089848036
2323, 1.120652121317721
2324, 1.1231795791127444
2325, 1.1256278840647205
2326, 1.1278922671357112
2327, 1.1298995332817308
2328, 1.1316679136945096
2329, 1.133261040866028
2330, 1.1347359552118566
2331, 1.136136534324005
2332, 1.1375009229238837
2333, 1.1388553044725795
2334, 1.1402180095153618
2335, 1.1415959275928855
2336, 1.1429872224151616
2337, 1.1443803571502633
2338, 1.1457589209428567
2339, 1.1471005615831142
2340, 1.1483818265962178
2341, 1.149580086087909
2342, 1.1506766407232685
2343, 1.1516558738824978
2344, 1.1525105287218718
2345, 1.1532387117398835
2346, 1.153843142559675
2347, 1.1543305170285703
2348, 1.1547047358109448
2349, 1.1549785931531784
2350, 1.1551669441675811
2351, 1.155285864421058
2352, 1.155349388203382
2353, 1.1553733090159675
2354, 1.1553723506279603
2355, 1.1553589329740732
2356, 1.1553447703007091
2357, 1.155340678578457
2358, 1.1553542262606729
2359, 1.1553906123260338
2360, 1.1554524096725902
2361, 1.1555435788636896
2362, 1.1556605988785325
2363, 1.1557970412309935
2364, 1.155947010026418
2365, 1.156103346344798
2366, 1.156264436505004
2367, 1.156435542156267
2368, 1.156627568376991
2369, 1.1568544317248095
2370, 1.1571276465052205
2371, 1.1574524092672271
2372, 1.157829639161092
2373, 1.1582532854768666
2374, 1.1587072989942349
2375, 1.1591530720578282
2376, 1.1595105268726678
2377, 1.159636737353185
2378, 1.1594942670943458
2379, 1.1592105592538062
2380, 1.1588764676960082
2381, 1.1585347286103123
2382, 1.158214287413218
2383, 1.1579368566636405
2384, 1.1577168767301858
2385, 1.1575640618379772
2386, 1.1574830708437118
2387, 1.1574769470383481
2388, 1.1575426480896553
2389, 1.1576768520371685
2390, 1.157870799334504
2391, 1.1581137699382216
2392, 1.158393687888615
2393, 1.1586977712680782
2394, 1.1590131380630013
2395, 1.1593271873772935
2396, 1.1596274791106251
2397, 1.1599016908843072
2398, 1.1601318865874846
2399, 1.160293924892378
2400, 1.1603448823530318
2401, 1.1602142897732801
2402, 1.159833452368795
2403, 1.159195980829403
2404, 1.1583611497359316
2405, 1.157392961137792
2406, 1.1563343095140548
2407, 1.1552113824763774
2408, 1.1540412849557287
2409, 1.152834478369431
2410, 1.1516012543170566
2411, 1.150350853606247
2412, 1.149091973798026
2413, 1.1478347998785539
2414, 1.1465875817708464
2415, 1.1453582637364865
2416, 1.1441561088552716
2417, 1.1429879323329435
2418, 1.141863987973705
2419, 1.1407897999781442
2420, 1.1397699823904304
2421, 1.1388152160837284
2422, 1.137927586313922
2423, 1.1371079407811657
2424, 1.1363558741606854
2425, 1.1356697691703197
2426, 1.1350469017484257
2427, 1.1343502101777951
2428, 1.1335406447224845
2429, 1.132802030076417
2430, 1.132130597724054
2431, 1.1315217124184278
2432, 1.1309750837238428
2433, 1.1304879035119975
2434, 1.1300637987184825
2435, 1.1297086921506079
2436, 1.1294293311184507
2437, 1.1292271413077932
2438, 1.1291063509255972
2439, 1.1290670981981374
2440, 1.1291033161500938
2441, 1.1292019456249331
2442, 1.1293474491450206
2443, 1.1295318094952587
2444, 1.1297596569392614
2445, 1.1300334171156308
2446, 1.1303466546518708
2447, 1.1306859748400608
2448, 1.131019134287551
2449, 1.1312714197461424
2450, 1.1312481977507793
2451, 1.1304869632359058
2452, 1.1287429264479025
2453, 1.1264946885802132
2454, 1.124072485690867
2455, 1.1215873467076998
2456, 1.1190773224180648
2457, 1.1165572912446613
2458, 1.1140289001472932
2459, 1.1114921139064273
2460, 1.1089445891549283
2461, 1.1063784738276823
2462, 1.1037832037108968
2463, 1.1011453340276536
2464, 1.0984509523326198
2465, 1.095680750591311
2466, 1.0928108985440879
2467, 1.0898178455019365
2468, 1.0866831309572025
2469, 1.0834100791956818
2470, 1.0800203878294006
2471, 1.0765408816527968
2472, 1.0730038135455802
2473, 1.0694422040765326
2474, 1.0658846461005573
2475, 1.0623511844469469
2476, 1.05886208308597
2477, 1.0554282403625892
2478, 1.0520597982378657
2479, 1.0487649581350247
2480, 1.0455501023382192
2481, 1.0424197980946297
2482, 1.039376746443208
2483, 1.0364242981765304
2484, 1.0335598603430933
2485, 1.0307862862315824
2486, 1.0280971717545058
2487, 1.0254837468464915
2488, 1.0229313011112557
2489, 1.0204266069268113
2490, 1.0179508980482523
2491, 1.01548596248789
2492, 1.0130127238406517
2493, 1.0105096667774387
2494, 1.007957374060627
2495, 1.0053430201743285
2496, 1.0026645256929827
2497, 0.9999313092454593
2498, 0.9971638577895683
2499, 0.9943741527719899
2500, 0.9915682441487141
2501, 0.9887277854536315
2502, 0.9857615594325245
2503, 0.9823936199526612
2504, 0.9783284339622059
2505, 0.9737939262988908
2506, 0.9691346973293552
2507, 0.9645088401831572
2508, 0.9599824613048893
2509, 0.9555882154384081
2510, 0.9513441596058135
2511, 0.9472596850651166
2512, 0.9433369279071461
2513, 0.9395662739970905
2514, 0.9359319758121463
2515, 0.9324100129482702
2516, 0.928959525722714
2517, 0.9255467117571975
2518, 0.922166151871765
2519, 0.9188426030783658
2520, 0.9156067257238208
2521, 0.9124817698776438
2522, 0.9094805527554294
2523, 0.9066077056971682
2524, 0.9038616525879105
2525, 0.9012354548561333
2526, 0.8987168453906801
2527, 0.8962908617621483
2528, 0.8939299647270359
2529, 0.8916024457219676
2530, 0.8892733357695322
2531, 0.8869095452490355
2532, 0.8844759363367437
2533, 0.8819474416529112
2534, 0.879319983632757
2535, 0.8766106911781143
2536, 0.8738542624780685
2537, 0.8710924257708818
2538, 0.8683650091074919
2539, 0.8657055790070989
2540, 0.8631406984907002
2541, 0.8606910601970129
2542, 0.8583730393093313
2543, 0.856199330932757
2544, 0.8541750684891675
2545, 0.852303961697419
2546, 0.8505858929509955
2547, 0.8490161780681086
2548, 0.8475840787309794
2549, 0.8462767180873492
2550, 0.845077168728295
2551, 0.8439638729852025
2552, 0.842908687622085
2553, 0.8418727366682828
2554, 0.8407989793285701
2555, 0.8395968552872334
2556, 0.8381342465304512
2557, 0.8362456900884148
2558, 0.8338349226946482
2559, 0.8309503199661894
2560, 0.8277382842439326
2561, 0.824338524615419
2562, 0.8208355127385776
2563, 0.8172621852749501
2564, 0.8136157463312851
2565, 0.8098751739912615
2566, 0.8060201558764684
2567, 0.8020484793872749
2568, 0.7979848074339183
2569, 0.7938786892536761
2570, 0.7897933764535279
2571, 0.785792053167341
2572, 0.7819213682434479
2573, 0.7782275827983784
2574, 0.7747464007670143
2575, 0.7715070007869472
2576, 0.7685284363033692
2577, 0.7658254408906222
2578, 0.7634061300605692
2579, 0.7612716207841668
2580, 0.7594153275217564
2581, 0.7578220857991447
2582, 0.7564627775669992
2583, 0.7553018591778345
2584, 0.7542945344597153
2585, 0.7533859476158947
2586, 0.7525258469920391
2587, 0.7516556385935549
2588, 0.7507211330540068
2589, 0.7496742050356283
2590, 0.7484905163565921
2591, 0.7471834479285736
2592, 0.7458078815566783
2593, 0.7444433507083313
2594, 0.743172158991721
2595, 0.7420785823903098
2596, 0.7412193003979892
2597, 0.740634661962324
2598, 0.740352390150209
2599, 0.7403797161210116
2600, 0.7407073986106135
2601, 0.7413154555646455
2602, 0.74215692948922
2603, 0.7431275312018094
2604, 0.7439537701401162
2605, 0.7438636893931302
2606, 0.7422883343879738
2607, 0.7399689795123572
2608, 0.737418820970152
2609, 0.7347954592577567
2610, 0.7321901135908466
2611, 0.7296760135081923
2612, 0.7273063706575394
2613, 0.7251267952722861
2614, 0.7231461477248875
2615, 0.7213496962160802
2616, 0.7197085772527183
2617, 0.7181969745559399
2618, 0.7168073823755704
2619, 0.7155621041384947
2620, 0.714501839244548
2621, 0.7136717783048807
2622, 0.7131193599869567
2623, 0.7128771534365149
2624, 0.7129671357297163
2625, 0.7133989662972032
2626, 0.7141660348389426
2627, 0.7152179543897781
2628, 0.7164717761875183
2629, 0.717807741437174
2630, 0.7190810309431709
2631, 0.7201632864628189
2632, 0.7209903386679158
2633, 0.7215650265676958
2634, 0.7219224498059075
2635, 0.722081193356271
2636, 0.7220521522853518
2637, 0.7218076200390657
2638, 0.7212749623981973
2639, 0.7203331356492583
2640, 0.7188805700445745
2641, 0.7169122930086648
2642, 0.7145584435624551
2643, 0.7120231215874687
2644, 0.7094950675249108
2645, 0.7071058893713325
2646, 0.7049489147837481
2647, 0.703085918037837
2648, 0.701565552360053
2649, 0.7004180326939987
2650, 0.6996758990743358
2651, 0.6993669823795305
2652, 0.6995047656395375
2653, 0.7000921505121782
2654, 0.7011265831243659
2655, 0.7026129274413951
2656, 0.7045516938919973
2657, 0.7069376881694999
2658, 0.7097578989675595
2659, 0.712995894092427
2660, 0.7166101775035515
2661, 0.720531564522474
2662, 0.724625831184661
2663, 0.728495759622828
2664, 0.7309424623219571
2665, 0.7324079498312279
2666, 0.7336181538679569
2667, 0.7347474729357877
2668, 0.7359267483818794
2669, 0.7372638079590581
2670, 0.738835633182403
2671, 0.7406876244198739
2672, 0.7428349085230794
2673, 0.7452778219568615
2674, 0.7480024760439363
2675, 0.7509854874796509
2676, 0.754198581850015
2677, 0.757613480597083
2678, 0.7612018030192136
2679, 0.7649225280209122
2680, 0.76873748811268
2681, 0.7726044608718599
2682, 0.7764695351696576
2683, 0.7802785582429854
2684, 0.7839940773218335
2685, 0.7876121202592721
2686, 0.791161999544756
2687, 0.794673414224615
2688, 0.7981331574887948
2689, 0.8014544105064042
2690, 0.8045176859825159
2691, 0.8073239668439314
2692, 0.810038833254033
2693, 0.8128688317990965
2694, 0.8159490265005743
2695, 0.819345044572974
2696, 0.8230693634814249
2697, 0.8270969915129888
2698, 0.831382948154265
2699, 0.8358701807660749
2700, 0.8404853196182461
2701, 0.8451570902480106
2702, 0.8498084247470613
2703, 0.8543481558798054
2704, 0.8586355886364858
2705, 0.8624675703694878
2706, 0.8655299605337987
2707, 0.8671412927154288
2708, 0.8665742385487667
2709, 0.8649357065866571
2710, 0.8630757732408699
2711, 0.8611923353643834
2712, 0.8592115847618508
2713, 0.8568672625224598
2714, 0.8537686232105238
2715, 0.8497755809792337
2716, 0.84513041369867
2717, 0.840126605792922
2718, 0.8348880247990237
2719, 0.829425421380632
2720, 0.8237170827136528
2721, 0.8177836424407167
2722, 0.8116844871837744
2723, 0.8055176248496898
2724, 0.7994291261622635
2725, 0.7936208437159727
2726, 0.7883231004459789
2727, 0.7837399874603291
2728, 0.7800203456824132
2729, 0.777266756459146
2730, 0.7755152331441582
2731, 0.7747624150819793
2732, 0.7749614767742841
2733, 0.7760762985477123
2734, 0.7780516728953283
2735, 0.7808252215269207
2736, 0.7843295740191162
2737, 0.7884789135485213
2738, 0.7931691981359886
2739, 0.7982799698729532
2740, 0.8036717088409282
2741, 0.809207961608555
2742, 0.814756067545031
2743, 0.8201943987789361
2744, 0.8254176497566699
2745, 0.8303620406881719
2746, 0.8349683461988412
2747, 0.8391746268579277
2748, 0.8429042033248988
2749, 0.846080137631361
2750, 0.8486247958979598
2751, 0.850471770863079
2752, 0.8516249257434404
2753, 0.8521869397149777
2754, 0.8523212796629775
2755, 0.8521888731692199
2756, 0.8518573880180529
2757, 0.851296392773126
2758, 0.8503989025915246
2759, 0.8491030940642516
2760, 0.8473556689323556
2761, 0.843999159721722
2762, 0.8375713533326202
2763, 0.8306710782833949
2764, 0.8241542918070388
2765, 0.8182733709337069
2766, 0.8131873258504649
2767, 0.8089897895763126
2768, 0.8057125906122536
2769, 0.8033282617169714
2770, 0.8017533960015466
2771, 0.8007847956099537
2772, 0.8001389603424642
2773, 0.7995261888891546
2774, 0.7988802710472809
2775, 0.7983781614026013
2776, 0.798237363153589
2777, 0.7985710764428902
2778, 0.7993462276688917
2779, 0.8003941835657775
2780, 0.8014236901053917
2781, 0.8021179054301429
2782, 0.8023518823618389
2783, 0.8022753950554773
2784, 0.8021376959195197
2785, 0.8020764055655101
2786, 0.8020585006816018
2787, 0.8016494040526223
2788, 0.8000347585906376
2789, 0.7973432534115669
2790, 0.7946050466032689
2791, 0.7924422073914144
2792, 0.7910715143156684
2793, 0.7902318293490116
2794, 0.7871042365561264
2795, 0.7833017008867135
2796, 0.7800400599458714
2797, 0.7771556053528725
2798, 0.7743517662709176
2799, 0.7713910065971816
2800, 0.7681929817039286
2801, 0.7648236696602017
2802, 0.7614340447574492
2803, 0.7581910540833019
2804, 0.755263975493221
2805, 0.7528245658539855
2806, 0.7509895798646228
2807, 0.7497462114998314
2808, 0.7485603079449246
2809, 0.7460560830091388
2810, 0.7429946213464598
2811, 0.7405343185642522
2812, 0.7389400004161726
2813, 0.7382398846453726
2814, 0.7383815853590869
2815, 0.7392702696832587
2816, 0.7407614558916445
2817, 0.7426114042966876
2818, 0.7444244425052395
2819, 0.7457634408637162
2820, 0.7466151384670972
2821, 0.7473352267289525
2822, 0.7481597637033583
2823, 0.748942820829069
2824, 0.7491959273204062
2825, 0.7484654875447668
2826, 0.7468659330806783
2827, 0.7448250786475417
2828, 0.7426821668299668
2829, 0.7406414876435271
2830, 0.7387939854576094
2831, 0.7370615004376686
2832, 0.7352063310558595
2833, 0.7333008706935237
2834, 0.7317106104168656
2835, 0.7306655088876178
2836, 0.730229735363005
2837, 0.7304037698771438
2838, 0.7311924359349411
2839, 0.7326015966846156
2840, 0.7346428873994904
2841, 0.7372932597536886
2842, 0.7404525124948401
2843, 0.7439199480631186
2844, 0.7474151645080332
2845, 0.7506765317985266
2846, 0.7535872377547437
2847, 0.7562606832242585
2848, 0.7589056516166686
2849, 0.7616708558319906
2850, 0.7645095357005963
2851, 0.7670746131601659
2852, 0.7687797635798027
2853, 0.7696447380212672
2854, 0.7701900296793596
2855, 0.7705895753690942
2856, 0.770738698064527
2857, 0.7705563274284302
2858, 0.7702261269417731
2859, 0.7700479801794714
2860, 0.7701091627212019
2861, 0.7698122184456714
2862, 0.7671778104776582
2863, 0.7628814928438068
2864, 0.7585373233303383
2865, 0.7544838417414972
2866, 0.750681219973223
2867, 0.746961124913812
2868, 0.7430379732397149
2869, 0.7382863780635353
2870, 0.73174348771957
2871, 0.7243145591543556
2872, 0.7169906929937447
2873, 0.710152627326665
2874, 0.7039934922385741
2875, 0.6986364867344654
2876, 0.6941734818621068
2877, 0.690669678253158
2878, 0.6881712498632797
2879, 0.6867114852126947
2880, 0.686314425861959
2881, 0.6869840736732911
2882, 0.6887021911128217
2883, 0.6914198694855394
2884, 0.6950333377042021
2885, 0.6993057755621143
2886, 0.7035309504983289
2887, 0.7056840495759176
2888, 0.7054405030381609
2889, 0.7047527097125874
2890, 0.7042668057582508
2891, 0.7040681395314649
2892, 0.7041140331496728
2893, 0.7043094187433226
2894, 0.7045963875697118
2895, 0.7049221823959133
2896, 0.705196206964092
2897, 0.7051467275605088
2898, 0.7043972956521679
2899, 0.7030865970737191
2900, 0.701773912343954
2901, 0.7008225542960147
2902, 0.7003483383411772
2903, 0.700350503364718
2904, 0.7007802924050491
2905, 0.7016123954581587
2906, 0.7027932309053958
2907, 0.7040775568854603
2908, 0.7046854158430672
2909, 0.70313594808084
2910, 0.6981860820092317
2911, 0.6907089197676316
2912, 0.6824160783546486
2913, 0.6740663702653702
2914, 0.666045217931615
2915, 0.6585885519503665
2916, 0.6518441083220861
2917, 0.6459051316040175
2918, 0.6408180507792495
2919, 0.6365810257941468
2920, 0.6331434826322183
2921, 0.6304290035261336
2922, 0.6283671205477332
2923, 0.6269041696044543
2924, 0.6260169409883061
2925, 0.6257084214571096
2926, 0.6259892258417752
2927, 0.6268466096680175
2928, 0.6282123296196
2929, 0.6299348108809937
2930, 0.6317646197934534
2931, 0.6334643346326226
2932, 0.6349849332186378
2933, 0.6365152124482725
2934, 0.6382786589143151
2935, 0.6385491639393882
2936, 0.6342516019369198
2937, 0.6303612358736177
2938, 0.6271640082318002
2939, 0.624658507737292
2940, 0.6228056495015414
2941, 0.6215521945095398
2942, 0.6208525461997932
2943, 0.6206486652389075
2944, 0.6208913045708992
2945, 0.6215147075937858
2946, 0.6224597086069061
2947, 0.6236523563771296
2948, 0.6250208670331097
2949, 0.6264915761768056
2950, 0.6279932886793661
2951, 0.6294618222321627
2952, 0.6308439025599785
2953, 0.63209989101614
2954, 0.6332012401079142
2955, 0.6341351849971357
2956, 0.6348963609020365
2957, 0.635523041204347
2958, 0.6360618178829456
2959, 0.6365849849562597
2960, 0.6371674353720138
2961, 0.6378888468744696
2962, 0.638823957130198
2963, 0.640039047167743
2964, 0.6415861712658278
2965, 0.6435013992717378
2966, 0.6458023123431152
2967, 0.6484933351682707
2968, 0.6515818131655104
2969, 0.6550408607430245
2970, 0.6588433632195432
2971, 0.6629781314110663
2972, 0.6674428171156193
2973, 0.6722434608666683
2974, 0.6773901842002591
2975, 0.6828850057287839
2976, 0.6887270366533249
2977, 0.6949045145623427
2978, 0.7014016132658568
2979, 0.7081890513569102
2980, 0.7152088903067532
2981, 0.7224340865336087
2982, 0.7298046351706148
2983, 0.7372534350587631
2984, 0.7447091034593631
2985, 0.7520975422881241
2986, 0.7593436782607895
2987, 0.7663736009641431
2988, 0.7731307181796383
2989, 0.7795510375210769
2990, 0.7855802383906909
2991, 0.7911667357381541
2992, 0.7962783771168043
2993, 0.8009136404647632
2994, 0.805088752892911
2995, 0.8088354787994997
2996, 0.8121902480896138
2997, 0.8151822299557071
2998, 0.8178236974691058
2999, 0.8201088136749811
3000, 0.8220232255623383
3001, 0.8235576680981952
3002, 0.8247025780405833
3003, 0.8254482874511029
3004, 0.8257719020451126
3005, 0.8255868089143664
3006, 0.8247829621565524
3007, 0.8232574061419428
3008, 0.8206249869756601
3009, 0.8152804171955185
3010, 0.8079855992801735
3011, 0.7994885284720817
3012, 0.7905290877499678
3013, 0.7817915551069944
3014, 0.7735529396443538
3015, 0.7659361881692017
3016, 0.7589826591098283
3017, 0.7527196946969203
3018, 0.7471254003495388
3019, 0.7405813982277548
3020, 0.7346279508657654
3021, 0.7293011813853204
3022, 0.7245693232469024
3023, 0.7203937563426825
3024, 0.716723275663761
3025, 0.7135101994063575
3026, 0.7106988447563439
3027, 0.7082472981685887
3028, 0.7061012615785583
3029, 0.7042140811649924
3030, 0.702540324397038
3031, 0.7010511241879678
3032, 0.6997101387201783
3033, 0.6984865840768157
3034, 0.6973555395447301
3035, 0.6963063968811275
3036, 0.695326145742766
3037, 0.6944072250225218
3038, 0.6935487887283145
3039, 0.692743689543966
3040, 0.6920037082669873
3041, 0.6913361594875962
3042, 0.6907498723597425
3043, 0.69025030902633
3044, 0.6898470128222016
3045, 0.6895417753685703
3046, 0.6893433553074575
3047, 0.6892568004582932
3048, 0.6892905238641212
3049, 0.689453041974104
3050, 0.68975268074912
3051, 0.6902034043322242
3052, 0.6908126446627504
3053, 0.6915809585538453
3054, 0.6925152108863141
3055, 0.6936210858601028
3056, 0.6949112894317335
3057, 0.6963865731144679
3058, 0.6980447765324587
3059, 0.6998804964232772
3060, 0.7018817359469905
3061, 0.7040364205302494
3062, 0.7063309768809521
3063, 0.7087476663988499
3064, 0.7112755026342111
3065, 0.7139118241303954
3066, 0.7166478883986248
3067, 0.719486637601948
3068, 0.7224311754453329
3069, 0.7254923295051194
3070, 0.7286817752270436
3071, 0.732015775529139
3072, 0.7355008546734174
3073, 0.7391405160458014
3074, 0.7429278549443392
3075, 0.7468480398915401
3076, 0.7508742193912742
3077, 0.754969538324496
3078, 0.7590746843301096
3079, 0.763113777649196
3080, 0.7669891910817724
3081, 0.7705640798172168
3082, 0.7736913721861546
3083, 0.7763208566432229
3084, 0.778559511402469
3085, 0.7805793868737362
3086, 0.7825187680132613
3087, 0.7844606786960527
3088, 0.7864538238705892
3089, 0.7885342189804568
3090, 0.7907285408557733
3091, 0.7930558212915769
3092, 0.7955242809144364
3093, 0.7981442810785765
3094, 0.8009227353381839
3095, 0.8038624821250642
3096, 0.8069622332061875
3097, 0.8102172719955422
3098, 0.8136176890172377
3099, 0.8171556553824671
3100, 0.8208133192955647
3101, 0.8245672226539877
3102, 0.8283729579192353
3103, 0.8321492789791772
3104, 0.8357503445169038
3105, 0.8389721531876885
3106, 0.8417720589011827
3107, 0.8442794570207858
3108, 0.8465646697511764
3109, 0.8485961866429086
3110, 0.8502723037066882
3111, 0.8514816485737854
3112, 0.8522098095140328
3113, 0.8526046001369318
3114, 0.8528536331048171
3115, 0.8530890448667873
3116, 0.8533861803035249
3117, 0.8537938641376179
3118, 0.8543425335332288
3119, 0.8550518103536204
3120, 0.8559362885862141
3121, 0.8570033896730186
3122, 0.8582567694451899
3123, 0.8596977025455438
3124, 0.861328184162188
3125, 0.8631466115962887
3126, 0.865148057718426
3127, 0.8673261164328318
3128, 0.8696799093001258
3129, 0.8722012157560417
3130, 0.8748812818511278
3131, 0.8777088574098966
3132, 0.8806714316593239
3133, 0.8837543999392294
3134, 0.886940236222676
3135, 0.8902048599443236
3136, 0.8935215571466404
3137, 0.8968552799872934
3138, 0.9001616176631917
3139, 0.9033814486686946
3140, 0.9064574834719064
3141, 0.9093424687118341
3142, 0.9120115750110233
3143, 0.9144686910821609
3144, 0.9167366953449462
3145, 0.9188491286891012
3146, 0.9208407598302298
3147, 0.9227412596075593
3148, 0.9245727897922504
3149, 0.9263546376744345
3150, 0.92809929722758
3151, 0.9298206282160257
3152, 0.9315255076068542
3153, 0.9332225812500525
3154, 0.9349166559851234
3155, 0.9366124160677046
3156, 0.9383117568655194
3157, 0.9400172731927999
3158, 0.9417308566546561
3159, 0.9434537770862256
3160, 0.9451897188738044
3161, 0.9469391674250083
3162, 0.9486972996043855
3163, 0.9504640470424621
3164, 0.9522348433141085
3165, 0.9540085066750026
3166, 0.9557845465440301
3167, 0.9575620885480655
3168, 0.9593396666674757
3169, 0.9611154980444997
3170, 0.9628874490572603
3171, 0.9646498644735313
3172, 0.966399861835641
3173, 0.968134238176848
3174, 0.9698516754823288
3175, 0.9715535063053284
3176, 0.973237296083133
3177, 0.9748995206434785
3178, 0.9765371445315243
3179, 0.9781464587869252
3180, 0.9797238524980585
3181, 0.9812657177044004
3182, 0.9827682236601138
3183, 0.9842299546672826
3184, 0.9856453694196127
3185, 0.987007047530562
3186, 0.9883060757424388
3187, 0.9895321820995374
3188, 0.99068325312089
3189, 0.9917647549222968
3190, 0.992790332791581
3191, 0.9937760559978388
3192, 0.9947338289876659
3193, 0.9956576738311507
3194, 0.9964646972588079
3195, 0.9969106176246759
3196, 0.9970611910291736
3197, 0.9971644324402344
3198, 0.9973040695215584
3199, 0.9975059513571487
3200, 0.9977830702242169
3201, 0.9981421657711378
3202, 0.9985875792781053
3203, 0.9991220330368106
3204, 0.9997469147563738
3205, 1.0004639631434997
3206, 1.0012683645714793
3207, 1.002158951499509
3208, 1.003131411240799
3209, 1.00417867342473
3210, 1.0052989000122756
3211, 1.006493224540473
3212, 1.0077620103520843
3213, 1.0091052289922937
3214, 1.0105215265430514
3215, 1.012007444688147
3216, 1.01356090615524
3217, 1.0151730909276802
3218, 1.0168331538876594
3219, 1.0185308581226105
3220, 1.0202572818399462
3221, 1.0219963478723157
3222, 1.0237282755532893
3223, 1.0254360565783622
3224, 1.0271033242227658
3225, 1.0287149969911287
3226, 1.0302576996782322
3227, 1.0317142188271164
3228, 1.0330769024524136
3229, 1.034337621229619
3230, 1.035485336232291
3231, 1.0365087571047593
3232, 1.0374029862884402
3233, 1.0381631490268648
3234, 1.0387840472710692
3235, 1.039259531641452
3236, 1.0395821047635547
3237, 1.03974837746486
3238, 1.0397434316940293
3239, 1.039551613255279
3240, 1.03915311598503
3241, 1.0385267278620014
3242, 1.0376494914549286
3243, 1.0364902741167386
3244, 1.0350288672083285
3245, 1.033261839343151
3246, 1.0312002741824375
3247, 1.0288599605708009
3248, 1.0262484091794353
3249, 1.0233774810794831
3250, 1.0202589645992732
3251, 1.016912059927323
3252, 1.013364071700975
3253, 1.00964581631133
3254, 1.0057891328658557
3255, 1.0018230697708266
3256, 0.9977726786914983
3257, 0.9936638122486346
3258, 0.9895314963293792
3259, 0.9854068899131756
3260, 0.9813223091278054
3261, 0.9773065928932072
3262, 0.9733839752521865
3263, 0.9695763255526767
3264, 0.9659016205003293
3265, 0.9623778583803366
3266, 0.959017717180114
3267, 0.9558326225232893
3268, 0.9528288160445019
3269, 0.9500162145362299
3270, 0.947405258412704
3271, 0.9450045144301966
3272, 0.9428200621480651
3273, 0.9408592136537146
3274, 0.9391261496438346
3275, 0.9376275875442159
3276, 0.9363697570567515
3277, 0.9353591197092809
3278, 0.9346014648843277
3279, 0.9341048962163856
3280, 0.9338729483216096
3281, 0.9339082231549167
3282, 0.9342120320133157
3283, 0.9347839547590963
3284, 0.9356249690361983
3285, 0.9367340105472614
3286, 0.9381049298274937
3287, 0.9397197634113196
3288, 0.9415629706657833
3289, 0.9436126405920101
3290, 0.9458451277583078
3291, 0.9482330820123753
3292, 0.9507440578415909
3293, 0.9533466650477923
3294, 0.9560111635330794
3295, 0.9587065061441612
3296, 0.9614076799064516
3297, 0.9640962970181635
3298, 0.966764143355528
3299, 0.9694031940022991
3300, 0.9719752441102936
3301, 0.9743750853432223
3302, 0.9764697419199403
3303, 0.9783052436862006
3304, 0.9799087771160229
3305, 0.9812427844763305
3306, 0.9822611055883717
3307, 0.9829171406475383
3308, 0.983169485413671
3309, 0.9829933438200498
3310, 0.9823897442892615
3311, 0.9813689275986212
3312, 0.9799056494181925
3313, 0.9779174227695786
3314, 0.9753344015013388
3315, 0.9721423929602772
3316, 0.9679421479192292
3317, 0.962556880093361
3318, 0.9567331290169228
3319, 0.9507318229813655
3320, 0.9446871430255971
3321, 0.938687573093718
3322, 0.9327920294839576
3323, 0.9270378822958795
3324, 0.9214458218441061
3325, 0.9160261735995416
3326, 0.9107801074038931
3327, 0.9057009181050374
3328, 0.9007832567482597
3329, 0.896006630037615
3330, 0.8913108055110065
3331, 0.8866000143385487
3332, 0.8816737038207965
3333, 0.8763171689584633
3334, 0.8706185728205158
3335, 0.8647997557540534
3336, 0.8589851897699556
3337, 0.8532323689051226
3338, 0.8475732028041245
3339, 0.8420224062865499
3340, 0.8365923889183243
3341, 0.8313103009291191
3342, 0.82618617051159
3343, 0.8212262201032351
3344, 0.8164327651871286
3345, 0.811805789836816
3346, 0.8073405304285918
3347, 0.8030293736670889
3348, 0.7988628146875592
3349, 0.7948306631143692
3350, 0.7909316635743788
3351, 0.7871549795852143
3352, 0.7834897851638207
3353, 0.7799368825536741
3354, 0.7765023054769713
3355, 0.7731962908147143
3356, 0.7700354551599917
3357, 0.7670406107304272
3358, 0.7642355626558864
3359, 0.7616456127583362
3360, 0.759297042560761
3361, 0.7572107397871951
3362, 0.7554107984600618
3363, 0.7539106196652238
3364, 0.7527152861035915
3365, 0.7518193742149022
3366, 0.7512074710071606
3367, 0.7508489279307003
3368, 0.7507001834496709
3369, 0.7507078869233649
3370, 0.7508149992025251
3371, 0.7509683332867372
3372, 0.7511147025702768
3373, 0.7512229449068658
3374, 0.751257301489997
3375, 0.7511679246994459
3376, 0.7508795494645429
3377, 0.7502856177683118
3378, 0.7492733572096002
3379, 0.7477467601034502
3380, 0.7456526249143238
3381, 0.7429983409058183
3382, 0.7398407663672423
3383, 0.7362956330007321
3384, 0.7324979174168456
3385, 0.7285817579747622
3386, 0.7246580316615192
3387, 0.7208065728059094
3388, 0.7170559706022075
3389, 0.7133814927289043
3390, 0.7096975095104211
3391, 0.7058614133564126
3392, 0.7017160528170885
3393, 0.6971714750652683
3394, 0.6922793738102169
3395, 0.6872013151207558
3396, 0.6821282381845954
3397, 0.677226017021043
3398, 0.6726297968767351
3399, 0.6684343287810328
3400, 0.6647047241277272
3401, 0.6614938437284736
3402, 0.6588367117971298
3403, 0.6567583465476191
3404, 0.6552594480631618
3405, 0.6543230638848092
3406, 0.6538947987974493
3407, 0.6538478472523236
3408, 0.6539025017207531
3409, 0.6535760935875131
3410, 0.6524275833715754
3411, 0.6505999629025165
3412, 0.6485384591863917
3413, 0.6463655563502498
3414, 0.6436248234035379
3415, 0.6400871199260547
3416, 0.6363604787816479
3417, 0.6326869824844349
3418, 0.628821204644241
3419, 0.6243986390845911
3420, 0.6196221977876509
3421, 0.6149297579039588
3422, 0.610559062211713
3423, 0.6066147365063647
3424, 0.6031568578620855
3425, 0.6002299192477415
3426, 0.5978759286121978
3427, 0.5961341861804957
3428, 0.59503917719005
3429, 0.5946141631357114
3430, 0.5948609906487933
3431, 0.595739402328027
3432, 0.5971394707720957
3433, 0.5988177740066426
3434, 0.6003927987381698
3435, 0.6015417924845335
3436, 0.6023425691813199
3437, 0.60315409235923
3438, 0.6042858502523634
3439, 0.6059153658470634
3440, 0.6081092819187494
3441, 0.6108685696368679
3442, 0.6141518521320789
3443, 0.61787904054748
3444, 0.621949255520238
3445, 0.6262469007159611
3446, 0.6306513471381754
3447, 0.6350433515731448
3448, 0.6393089849617016
3449, 0.6433283820724557
3450, 0.6469814935624547
3451, 0.6501396026364289
3452, 0.6526826656688195
3453, 0.6545108127312202
3454, 0.6555735724632036
3455, 0.6558346797051691
3456, 0.6552677303516788
3457, 0.6538534932757818
3458, 0.6515312040027719
3459, 0.6482409687840821
3460, 0.6441584729438934
3461, 0.6397161138062571
3462, 0.6353250567881772
3463, 0.6312759684012105
3464, 0.6277290779683451
3465, 0.6247792367909573
3466, 0.6224893183301641
3467, 0.6208914984420371
3468, 0.6199991159115968
3469, 0.6197994572285954
3470, 0.6202410535142936
3471, 0.6212208902602663
3472, 0.6225645961980635
3473, 0.623999033208538
3474, 0.6251863257486483
3475, 0.6257713251762494
3476, 0.6255420353183376
3477, 0.6245575214043837
3478, 0.6231099697518957
3479, 0.6215521438203641
3480, 0.6201565929897315
3481, 0.6190941717057087
3482, 0.6184513080385318
3483, 0.6182538961707815
3484, 0.6184811336095549
3485, 0.6190876242278331
3486, 0.6199906111101121
3487, 0.6210576725198196
3488, 0.6221134270404602
3489, 0.6229692264100419
3490, 0.6234890556770042
3491, 0.6235698957873371
3492, 0.6230628164091113
3493, 0.6218068015947944
3494, 0.6198878097841208
3495, 0.6176892307558581
3496, 0.615651487988543
3497, 0.6141141332140785
3498, 0.6133063593631264
3499, 0.6133646035268594
3500, 0.614349551532267
3501, 0.6157563414494842
3502, 0.6142757521290955
3503, 0.6127521845986902
3504, 0.6123443771155789
3505, 0.6131418449617551
3506, 0.615150831293403
3507, 0.6183549660230543
3508, 0.6226965213939641
3509, 0.628115083870675
3510, 0.6345292120472029
3511, 0.6418344308094022
3512, 0.6498992422601904
3513, 0.6585161443966715
3514, 0.6671354871706533
3515, 0.6744281696321562
3516, 0.6803148470007894
3517, 0.6858726057633949
3518, 0.6913233426003097
3519, 0.6964805894698893
3520, 0.7009583853368822
3521, 0.7043718666549348
3522, 0.7066583474719578
3523, 0.7079782315248553
3524, 0.7084706501422983
3525, 0.7081622500632038
3526, 0.7070451742881011
3527, 0.7050625364860149
3528, 0.702102478783362
3529, 0.6979271799154427
3530, 0.6921650427230142
3531, 0.6845342959743097
3532, 0.6753106904968396
3533, 0.6652682658216921
3534, 0.6551345201532964
3535, 0.6454300898199834
3536, 0.6364943873796866
3537, 0.6285482424336736
3538, 0.6217494036565854
3539, 0.616213052195797
3540, 0.6120223591392405
3541, 0.6092404194416527
3542, 0.6078968750455327
3543, 0.6079900428632979
3544, 0.6094997510771291
3545, 0.6123919938670804
3546, 0.6166066337651954
3547, 0.6220864841140741
3548, 0.6287692235743744
3549, 0.6365746346449283
3550, 0.645409707870086
3551, 0.6551667048676031
3552, 0.6657343733803744
3553, 0.6769886837597336
3554, 0.6887755003107554
3555, 0.7008915414188363
3556, 0.7130909191955664
3557, 0.7250731433678802
3558, 0.736498103428675
3559, 0.7470732691109623
3560, 0.7565882250224483
3561, 0.7649298099133683
3562, 0.772041999841542
3563, 0.7779235977114877
3564, 0.7824972918825062
3565, 0.7855546681316086
3566, 0.7869865791083727
3567, 0.7869726884697738
3568, 0.7857435028160678
3569, 0.7832519301848804
3570, 0.7791805879992024
3571, 0.7734138742880722
3572, 0.7616616616553562
3573, 0.7485193465463228
3574, 0.7354220282793328
3575, 0.7227336511159458
3576, 0.7106800637587108
3577, 0.6994114542713629
3578, 0.6890300573509216
3579, 0.6796036056305731
3580, 0.6711718801348397
3581, 0.6637502275395183
3582, 0.6573281337142498
3583, 0.6518782476827967
3584, 0.6473433958006798
3585, 0.643675828011288
3586, 0.6408462485072777
3587, 0.6388135690787555
3588, 0.6375404661645679
3589, 0.6369883994099825
3590, 0.6371087284276483
3591, 0.637832441760492
3592, 0.6390630237679237
3593, 0.6406814439719543
3594, 0.6425124089350251
3595, 0.6443453146768454
3596, 0.6459464019151135
3597, 0.6470701933200405
3598, 0.6475059552336612
3599, 0.6470887250675919
3600, 0.6457130171586485
3601, 0.6433438407173501
3602, 0.6400321858184858
3603, 0.6359368762811747
3604, 0.6313094501858971
3605, 0.6264414058249532
3606, 0.621630914232381
3607, 0.6171616751582031
3608, 0.6132404875108938
3609, 0.6100244647086801
3610, 0.6076263955203361
3611, 0.6061168922672554
3612, 0.6055162993364751
3613, 0.6057510676604572
3614, 0.6064593027786189
3615, 0.606469191364103
3616, 0.6052853284709764
3617, 0.6037603996489818
3618, 0.6016115127101044
3619, 0.5985472429165408
3620, 0.5952248734586685
3621, 0.5920819009205228
3622, 0.5891928044473824
3623, 0.5865831217387376
3624, 0.5843564714979143
3625, 0.5826839419809776
3626, 0.5816938771954573
3627, 0.5814557977157453
3628, 0.5819961320225514
3629, 0.5832976698546559
3630, 0.5853126223574748
3631, 0.5879751440889365
3632, 0.5912024161838825
3633, 0.5949055890285454
3634, 0.5989830913530761
3635, 0.6033081477148629
3636, 0.6077008245363814
3637, 0.6118243089356918
3638, 0.6150477002612924
3639, 0.6168519694786087
3640, 0.6176908826788325
3641, 0.6183231859375454
3642, 0.6191951904808951
3643, 0.6205580407955896
3644, 0.6225605388508424
3645, 0.6253023872543487
3646, 0.6288448392296511
3647, 0.6332178709573089
3648, 0.6384213291841798
3649, 0.6444315478577113
3650, 0.6512058318313627
3651, 0.6586855129984659
3652, 0.6667969666180327
3653, 0.6754709930956136
3654, 0.6846125614814542
3655, 0.6941173914231127
3656, 0.703857797132485
3657, 0.7137140452550863
3658, 0.7235663539982203
3659, 0.7332802009400196
3660, 0.7427199494463654
3661, 0.7517345850072353
3662, 0.7601535706879455
3663, 0.7677758586686879
3664, 0.7743526753693566
3665, 0.7795046696075346
3666, 0.7826811018810219
3667, 0.7835819813953894
3668, 0.7826073074965553
3669, 0.78028367377923
3670, 0.776922600540577
3671, 0.7726746462483773
3672, 0.7676442039453676
3673, 0.7618976312165207
3674, 0.7555017652612395
3675, 0.748531782790005
3676, 0.741076097681334
3677, 0.7332231552902465
3678, 0.725079667771114
3679, 0.7167556198433653
3680, 0.7083739981659918
3681, 0.7000518980597509
3682, 0.6919058192424662
3683, 0.6840187764376108
3684, 0.6764698928719992
3685, 0.669320054890358
3686, 0.6626175052522194
3687, 0.6564191602589127
3688, 0.6507773125707043
3689, 0.6457508086514836
3690, 0.641377232928882
3691, 0.6376990270230427
3692, 0.6347483853024224
3693, 0.6325401024134496
3694, 0.6310744995631333
3695, 0.6303347203564671
3696, 0.630300537507967
3697, 0.6309380069141838
3698, 0.6322150884182429
3699, 0.6341042979019844
3700, 0.6365646618158102
3701, 0.6395470887878574
3702, 0.6429934332292125
3703, 0.6468455175051787
3704, 0.6510373347127231
3705, 0.655488045038127
3706, 0.6600872918210804
3707, 0.6646794321731189
3708, 0.6690560010647136
3709, 0.6730706186966533
3710, 0.6767418400404979
3711, 0.6802070852830883
3712, 0.683559804269619
3713, 0.6867494096581509
3714, 0.6894500326971252
3715, 0.6910395347243546
3716, 0.6915646676090483
3717, 0.6916368422708365
3718, 0.691503833730054
3719, 0.6911856627305994
3720, 0.6906207161149798
3721, 0.6897296693888241
3722, 0.6884751153415479
3723, 0.68688144780539
3724, 0.6850178678903646
3725, 0.6829708583167724
3726, 0.6808221178147769
3727, 0.6786476933338111
3728, 0.6765147187194988
3729, 0.6744660086851973
3730, 0.6725272747520669
3731, 0.6707199913525626
3732, 0.669059076391255
3733, 0.6675510952172768
3734, 0.6662057605298253
3735, 0.665019737436588
3736, 0.6639934049505323
3737, 0.6631257861154459
3738, 0.6624165137817493
3739, 0.6618623460526384
3740, 0.6614713111855167
3741, 0.6612470363628623
3742, 0.6611942729852163
3743, 0.6613109919730223
3744, 0.6616030232069258
3745, 0.6620727972048703
3746, 0.6627218033033755
3747, 0.6635494326950528
3748, 0.6645518035693551
3749, 0.6657197424629352
3750, 0.6670452436784439
3751, 0.668518965181482
3752, 0.6701368848748387
3753, 0.6718934766400605
3754, 0.6737907209366576
3755, 0.6758339803732274
3756, 0.678025162407804
3757, 0.6803617682181997
3758, 0.6828327359635894
3759, 0.6854031475926439
3760, 0.6879856481366696
3761, 0.6903525650217707
3762, 0.6920269558385762
3763, 0.6926911847714617
3764, 0.6927678023395142
3765, 0.6927281023161801
3766, 0.6927854732517253
3767, 0.693020012000284
3768, 0.6934635038507833
3769, 0.6941208701536646
3770, 0.6949711078634163
3771, 0.6959234003789813
3772, 0.6966285965942848
3773, 0.6962661404206548
3774, 0.6949610029339658
3775, 0.6934839082007804
3776, 0.6921027437565296
3777, 0.6908891714237059
3778, 0.6898595014793073
3779, 0.6890115911927646
3780, 0.6883372970084508
3781, 0.6878228360099157
3782, 0.6874553901592114
3783, 0.6872154644848036
3784, 0.6870846284029044
3785, 0.687041032533784
3786, 0.6870677441702931
3787, 0.6871475124576983
3788, 0.687272376607321
3789, 0.6874415366464425
3790, 0.6876592558568576
3791, 0.6879343273694537
3792, 0.6882820655558314
3793, 0.6887195975225094
3794, 0.6892639367589742
3795, 0.6899297461657751
3796, 0.6907301083651485
3797, 0.6916711730862468
3798, 0.6927522824851204
3799, 0.6939700856234832
3800, 0.6953158051992752
3801, 0.6967755075143096
3802, 0.6983320263334132
3803, 0.6999671083850126
3804, 0.7016607854270589
3805, 0.7033940580754465
3806, 0.7051393278405342
3807, 0.7068731542388591
3808, 0.7085676954227209
3809, 0.7101927740748978
3810, 0.711719869565136
3811, 0.7131088832763237
3812, 0.7143069743946174
3813, 0.7152376269906864
3814, 0.7158032779877607
3815, 0.7159370043488215
3816, 0.7156842601724552
3817, 0.7151693555096891
3818, 0.7145152813104821
3819, 0.7138050563434042
3820, 0.7130941140445365
3821, 0.7124172951174778
3822, 0.7117987116922337
3823, 0.7112580374602151
3824, 0.7108165603487915
3825, 0.7104811386777512
3826, 0.710261841779948
3827, 0.7101663532604776
3828, 0.7101999998971329
3829, 0.7103665070622184
3830, 0.7106648383098586
3831, 0.711093094166272
3832, 0.7116493548850439
3833, 0.7123274350318143
3834, 0.7131132943982865
3835, 0.7140068169492741
3836, 0.7149984569551753
3837, 0.7160767589193757
3838, 0.7172293457901291
3839, 0.7184403121531029
3840, 0.7196905663808373
3841, 0.7209601528851102
3842, 0.7222314242691237
3843, 0.7235005137251546
3844, 0.7247672584626296
3845, 0.7260477137117273
3846, 0.7273683559878011
3847, 0.7287582757910247
3848, 0.7302486793646499
3849, 0.7318674193772322
3850, 0.7336360037625544
3851, 0.7355716782178122
3852, 0.7376779084131225
3853, 0.7399482793570485
3854, 0.7423838081632033
3855, 0.7449673813959649
3856, 0.7476649239575707
3857, 0.7503965594199332
3858, 0.7530019228998623
3859, 0.755343767755176
3860, 0.7575148947980188
3861, 0.7596512921015081
3862, 0.7618088479108492
3863, 0.7639719680225079
3864, 0.7661133310939297
3865, 0.7681985644036675
3866, 0.7701995807925477
3867, 0.7720959368284387
3868, 0.7738714342709173
3869, 0.7755162461247709
3870, 0.7770086069444618
3871, 0.7783040470285824
3872, 0.7793562719629102
3873, 0.7801248678009506
3874, 0.7806168433543951
3875, 0.7808790979103891
3876, 0.7809595623987724
3877, 0.7808836385507745
3878, 0.780638267047146
3879, 0.7801850106038594
3880, 0.7794628949857584
3881, 0.7784184625063766
3882, 0.7770286451762279
3883, 0.7753305436394666
3884, 0.7734024745569894
3885, 0.7713300079401227
3886, 0.7691774636957157
3887, 0.7669808819901967
3888, 0.7647528437880516
3889, 0.7624927448227465
3890, 0.7601931934040556
3891, 0.7578602164541431
3892, 0.7555118266267536
3893, 0.7531813283797848
3894, 0.750909191957693
3895, 0.7487372212080459
3896, 0.7467007987487682
3897, 0.7448083398885333
3898, 0.7430395044984258
3899, 0.7414195314884349
3900, 0.7400413010083473
3901, 0.73899000099429
3902, 0.738310174877462
3903, 0.738018429349146
3904, 0.7381041712653573
3905, 0.7385375631371945
3906, 0.7386749067636604
3907, 0.7386120859094566
3908, 0.7386497263189669
3909, 0.7386517474967517
3910, 0.7384751145731842
3911, 0.7379990648656312
3912, 0.7371667242208756
3913, 0.7360160449542268
3914, 0.7346377050607077
3915, 0.7331321979907949
3916, 0.7315898800749888
3917, 0.7300738382687938
3918, 0.728625180494445
3919, 0.7272553330222357
3920, 0.7259645379036265
3921, 0.7247512192128346
3922, 0.7235945509199958
3923, 0.7224700980942367
3924, 0.7213444224010203
3925, 0.7201685833734547
3926, 0.718897743343748
3927, 0.7175056508680823
3928, 0.7159863383795757
3929, 0.7143576323628212
3930, 0.7126581952941728
3931, 0.7109563284932126
3932, 0.7093251707246939
3933, 0.7078496215197126
3934, 0.7066188158311753
3935, 0.7057136397026986
3936, 0.7051970304223144
3937, 0.7051195985724498
3938, 0.7055224826464312
3939, 0.7064424690497504
3940, 0.7079012100853277
3941, 0.7099109984247692
3942, 0.7124737754238089
3943, 0.7155771097673596
3944, 0.719200225252887
3945, 0.7233214593593291
3946, 0.727905390631474
3947, 0.7328984901380888
3948, 0.7381944798263711
3949, 0.7435306448768405
3950, 0.7478646336787727
3951, 0.7495247677675847
3952, 0.7498765886668233
3953, 0.7500300282976049
3954, 0.7500144158247278
3955, 0.7494752912338333
3956, 0.7485780697446253
3957, 0.747509935316932
3958, 0.7461914961978101
3959, 0.7444218407896802
3960, 0.7419112111338334
3961, 0.7383404868590411
3962, 0.7335331125228205
3963, 0.727601716614736
3964, 0.7208380603348529
3965, 0.7135562251023494
3966, 0.706005931358176
3967, 0.6984076228265074
3968, 0.6909434657650102
3969, 0.6837676730329
3970, 0.6770153846029243
3971, 0.6707832672152063
3972, 0.6651444366539225
3973, 0.6601519877007966
3974, 0.6558410090305025
3975, 0.652230369916318
3976, 0.6493317313912155
3977, 0.6471324612947995
3978, 0.6456086627648118
3979, 0.6447189185171089
3980, 0.644428095877632
3981, 0.6446893368549289
3982, 0.6454485741656911
3983, 0.6466451821205772
3984, 0.6482128594260552
3985, 0.6500811764693375
3986, 0.6521657271215265
3987, 0.6543918485295542
3988, 0.6567144824460976
3989, 0.6590858867014443
3990, 0.6614757605673088
3991, 0.6638814856008026
3992, 0.6663062892320742
3993, 0.6687590654559809
3994, 0.671241507234059
3995, 0.6737360703590384
3996, 0.676162074013006
3997, 0.6783787342616958
3998, 0.6801490270880329
3999, 0.6811547260767339
4000, 0.6810477948685235
4001, 0.6791862294947093
4002, 0.6750190409755569
4003, 0.6695242985096476
4004, 0.663869108085802
4005, 0.6586202274439871
4006, 0.6540419960667593
4007, 0.6502778480508189
4008, 0.6474097688869065
4009, 0.6454791793515353
4010, 0.6444964568304493
4011, 0.6444252979967676
4012, 0.6451805875191724
4013, 0.6465963837288481
4014, 0.6484014623619737
4015, 0.6502874100569548
4016, 0.6521389630375927
4017, 0.6540765073701944
4018, 0.6562228883569015
4019, 0.6585963055264034
4020, 0.6611343996389499
4021, 0.6637274284946578
4022, 0.666271340140298
4023, 0.6686544556046433
4024, 0.6708159656474091
4025, 0.6727486558501319
4026, 0.6744591495044723
4027, 0.6759488634021703
4028, 0.6771955789135801
4029, 0.6781442373039305
4030, 0.6786986648607655
4031, 0.6787522427230708
4032, 0.6782191637584404
4033, 0.6770679077197376
4034, 0.6753511664468778
4035, 0.6732002420198437
4036, 0.6707615593028767
4037, 0.6681463573618971
4038, 0.6653866591659575
4039, 0.6623903561986764
4040, 0.6589259547341173
4041, 0.6547704690996793
4042, 0.6499756086628873
4043, 0.6449107925320081
4044, 0.6399902458266107
4045, 0.6355005480883431
4046, 0.6316105405071999
4047, 0.6284107947582204
4048, 0.625903639548305
4049, 0.6239395868387271
4050, 0.6219506431178513
4051, 0.6190550236552267
4052, 0.6156749829326048
4053, 0.612628193398948
4054, 0.6102064408014424
4055, 0.6084628957976844
4056, 0.6073627878618211
4057, 0.6068282546419683
4058, 0.606771072264212
4059, 0.6071297594570775
4060, 0.6078933023401759
4061, 0.609098713895059
4062, 0.6108094591765358
4063, 0.6130892934207739
4064, 0.6159790629688092
4065, 0.6195013303802425
4066, 0.6236213679181515
4067, 0.6281439931395091
4068, 0.630676125941793
4069, 0.6287879435788474
4070, 0.6267833444000984
4071, 0.6253153748033697
4072, 0.6244514721056482
4073, 0.6241960553170552
4074, 0.6245202686600306
4075, 0.6254016397492695
4076, 0.6267876307911895
4077, 0.6286205736970166
4078, 0.6308163429411803
4079, 0.6332532360714657
4080, 0.6357323582911636
4081, 0.6378997412344157
4082, 0.6391909343624376
4083, 0.6391151412708708
4084, 0.6378570419827689
4085, 0.636052996972662
4086, 0.6342182277860258
4087, 0.6326428669322215
4088, 0.6314806575358721
4089, 0.6308083987947969
4090, 0.6306612295680044
4091, 0.6310513558583919
4092, 0.6319769699907324
4093, 0.6334242684666992
4094, 0.6353686418401246
4095, 0.6377713532675457
4096, 0.6405607889749803
4097, 0.6436158409478969
4098, 0.6467431412871071
4099, 0.6496786392940567
4100, 0.6521968178559545
4101, 0.6542418686364377
4102, 0.655888216076466
4103, 0.6572014743063195
4104, 0.6582164428327296
4105, 0.6589888313058493
4106, 0.6596204424660373
4107, 0.660255741266067
4108, 0.6610351627298917
4109, 0.6620813544849229
4110, 0.6634705428623032
4111, 0.6652229592081865
4112, 0.6672586778346073
4113, 0.669275585640981
4114, 0.6705942146034155
4115, 0.6708502062583865
4116, 0.6706625805026019
4117, 0.6705325227609084
4118, 0.6705685429643689
4119, 0.6706829352192495
4120, 0.6706711044646234
4121, 0.6703210983528959
4122, 0.6695794302336049
4123, 0.6685956143255566
4124, 0.6675679010147465
4125, 0.6666027540124003
4126, 0.6656982490942704
4127, 0.6647660948771468
4128, 0.6637343686959308
4129, 0.6626132072921378
4130, 0.6615075239294044
4131, 0.6605657453922024
4132, 0.6599297438011597
4133, 0.6597098344062227
4134, 0.6599886874995657
4135, 0.6608119306196438
4136, 0.6622095035170265
4137, 0.6641852651165603
4138, 0.6667299094879188
4139, 0.6698232076560117
4140, 0.6734323404372901
4141, 0.677513891388323
4142, 0.6819855678245295
4143, 0.6867126551944197
4144, 0.691359073121453
4145, 0.6952038269487814
4146, 0.697435538689702
4147, 0.6984186992118985
4148, 0.6989352967695642
4149, 0.6993385105166064
4150, 0.6997433841983878
4151, 0.7001901965994092
4152, 0.7007040767701598
4153, 0.7013045259722784
4154, 0.7020091208387874
4155, 0.7028231440707341
4156, 0.703753837644054
4157, 0.7048012739499946
4158, 0.7059543613703082
4159, 0.7071878936052085
4160, 0.7084377847746413
4161, 0.7095896288664617
4162, 0.7104469668523441
4163, 0.7107533830568629
4164, 0.7103190168121243
4165, 0.7091866541533141
4166, 0.7076023608222572
4167, 0.7058373519329114
4168, 0.7040735960729931
4169, 0.7024270469002782
4170, 0.7009443635844078
4171, 0.6996272944584532
4172, 0.6984401083031703
4173, 0.6973221135803293
4174, 0.6961568041581799
4175, 0.6945319796313404
4176, 0.6922635203024435
4177, 0.6897374428048613
4178, 0.687000834887692
4179, 0.6840918551436347
4180, 0.6810729688846899
4181, 0.6780279475862496
4182, 0.6750517947649326
4183, 0.6722398162342774
4184, 0.6696760227608224
4185, 0.667428047930569
4186, 0.6655435728317128
4187, 0.6640671693409037
4188, 0.6630089542634982
4189, 0.6623372886741856
4190, 0.6619371095422599
4191, 0.6615463366799652
4192, 0.6607545842055426
4193, 0.6593361653298565
4194, 0.657559959672842
4195, 0.6558259361515899
4196, 0.6543617710506501
4197, 0.6532571030643606
4198, 0.6525329954125846
4199, 0.6521846885218557
4200, 0.6522084843267711
4201, 0.6526201105701319
4202, 0.6534567737829412
4203, 0.6547641775894408
4204, 0.6565951668286615
4205, 0.6589914391984006
4206, 0.6619802798312301
4207, 0.6655713008583382
4208, 0.6697480889659558
4209, 0.6744616921982807
4210, 0.6795835877456357
4211, 0.6847771235137415
4212, 0.6893489419855074
4213, 0.6930344828622703
4214, 0.6964883635126902
4215, 0.7001693558253186
4216, 0.7042119285857215
4217, 0.7085199240670507
4218, 0.7122595441294826
4219, 0.7146180016316755
4220, 0.7168919875335373
4221, 0.7194916498930336
4222, 0.7224510100989211
4223, 0.7257426492764922
4224, 0.7293216172452608
4225, 0.7331308892267545
4226, 0.7371007075841828
4227, 0.7411578574416792
4228, 0.7452262287754605
4229, 0.7492223183871498
4230, 0.7530655778426479
4231, 0.7567116135680582
4232, 0.7601490773970931
4233, 0.7633900524902564
4234, 0.7664518689693351
4235, 0.7693418949003943
4236, 0.7720467958612905
4237, 0.774491605020666
4238, 0.776513981562885
4239, 0.7777901991011638
4240, 0.7779882577674935
4241, 0.7771757343661453
4242, 0.7757575173180427
4243, 0.774083851015834
4244, 0.7723438557235867
4245, 0.7706370387920916
4246, 0.7690083422533923
4247, 0.7674705178191876
4248, 0.766017065731305
4249, 0.7646459622012566
4250, 0.7633481871123652
4251, 0.7621072856085929
4252, 0.7609082861720852
4253, 0.7597320050028806
4254, 0.7585596412582234
4255, 0.7573912578438
4256, 0.7562232455545138
4257, 0.7550629483612061
4258, 0.7539259850518497
4259, 0.7528304677320662
4260, 0.7517894143524528
4261, 0.750788871102826
4262, 0.7495743695337898
4263, 0.7472259722468582
4264, 0.7444395473999901
4265, 0.7417530509499378
4266, 0.7392539048206068
4267, 0.7369722676824514
4268, 0.7349255714346158
4269, 0.7331289947859497
4270, 0.7315921708571428
4271, 0.7303219688900008
4272, 0.7293306127515663
4273, 0.728620013744995
4274, 0.7281995304041033
4275, 0.7280689259908844
4276, 0.7282224055017383
4277, 0.7286492450815439
4278, 0.7293381769460727
4279, 0.730275243518023
4280, 0.7314448631505625
4281, 0.7328223653066911
4282, 0.7343776820957253
4283, 0.7360874681886797
4284, 0.7379279550010416
4285, 0.7398711317265013
4286, 0.7418881715460985
4287, 0.7439317784461997
4288, 0.7459316253852862
4289, 0.7477719039241421
4290, 0.7492753770362901
4291, 0.7502204597867282
4292, 0.7504982683111111
4293, 0.7502441721827093
4294, 0.749693078902665
4295, 0.7490197518534876
4296, 0.7483349002579303
4297, 0.7477038724441888
4298, 0.7471702878695522
4299, 0.7467547471392839
4300, 0.746481431999701
4301, 0.7463666728823828
4302, 0.7464254623179529
4303, 0.7458308256468151
4304, 0.7451518935732123
4305, 0.7446817814247954
4306, 0.7444077736842906
4307, 0.7442894471703104
4308, 0.7442165588899577
4309, 0.7439527744460853
4310, 0.7431846558843469
4311, 0.7418832810521903
4312, 0.7403738614793833
4313, 0.7389432829040107
4314, 0.7377477826191131
4315, 0.7368636541638257
4316, 0.7363185189876232
4317, 0.7361179854984498
4318, 0.7362472826463884
4319, 0.7366803440645787
4320, 0.7373491909190532
4321, 0.7381567107944697
4322, 0.7389707513094359
4323, 0.7396866232843379
4324, 0.7402941557562076
4325, 0.740871530232971
4326, 0.7415179322793044
4327, 0.7422953059962402
4328, 0.7432246958202056
4329, 0.7443002446130521
4330, 0.7454836515157467
4331, 0.7467027728703257
4332, 0.7478595505835404
4333, 0.7488495766721734
4334, 0.7495775738704632
4335, 0.7499616126664502
4336, 0.7499354182901538
4337, 0.749456255717786
4338, 0.7485580793680595
4339, 0.7473175790927232
4340, 0.74578924213416
4341, 0.7440301097163057
4342, 0.7421190467155272
4343, 0.7401641376134585
4344, 0.7382635219398007
4345, 0.7365146074994101
4346, 0.7349925638008222
4347, 0.7337404516039803
4348, 0.7327894873575331
4349, 0.7321469282975207
4350, 0.7318074279192827
4351, 0.7317470528060894
4352, 0.7319269987216919
4353, 0.7322461934840685
4354, 0.7324618498710795
4355, 0.7320871410741224
4356, 0.7307482519211048
4357, 0.7287183226250101
4358, 0.7262769128297789
4359, 0.7234310847298788
4360, 0.7200874051598699
4361, 0.7162738626916987
4362, 0.7121612738431793
4363, 0.7079587291092606
4364, 0.703842154945609
4365, 0.6999342264870437
4366, 0.696317868612421
4367, 0.6930594353178648
4368, 0.6902132061341486
4369, 0.6878178122626973
4370, 0.6858934366531441
4371, 0.6844494722218771
4372, 0.6834773283246327
4373, 0.6829506336060837
4374, 0.6828323224161014
4375, 0.6830540182220798
4376, 0.6835276843811916
4377, 0.6841596639421719
4378, 0.6848804817190552
4379, 0.6856560286831502
4380, 0.6864979464508664
4381, 0.6874350262411963
4382, 0.6885163330491995
4383, 0.6897724063525372
4384, 0.6912166350923585
4385, 0.6928415192605962
4386, 0.694634252215824
4387, 0.6965585974785939
4388, 0.6985693478446775
4389, 0.7006159410845765
4390, 0.7026538793665518
4391, 0.7046285068963629
4392, 0.7064802042833495
4393, 0.7081667235232774
4394, 0.7096368122450482
4395, 0.7108601625689244
4396, 0.7118257832858965
4397, 0.712518565410538
4398, 0.7129333029191819
4399, 0.7130732158276403
4400, 0.7129481164164254
4401, 0.7125764560101928
4402, 0.7120004835487617
4403, 0.7112534831986492
4404, 0.7103570388264616
4405, 0.7093431323207979
4406, 0.7082381975937638
4407, 0.7070782115073341
4408, 0.7058964686229373
4409, 0.7047257797895926
4410, 0.7035770834451555
4411, 0.7024635388029158
4412, 0.7013919166941119
4413, 0.7003711410083191
4414, 0.69942864520958
4415, 0.6986272958833436
4416, 0.6980448695988847
4417, 0.6977531561529806
4418, 0.6978222498643438
4419, 0.6982963567990043
4420, 0.6992067434862832
4421, 0.7005546437148579
4422, 0.7023531202062431
4423, 0.7046071876688569
4424, 0.7073071493529708
4425, 0.7104397149044925
4426, 0.7139712516503389
4427, 0.7178635544452922
4428, 0.7220733529108405
4429, 0.7265316140023662
4430, 0.7311512559922863
4431, 0.735824420556872
4432, 0.7404142183989416
4433, 0.7447468012483787
4434, 0.748565897210995
4435, 0.7515645512956521
4436, 0.7535360866963019
4437, 0.7545424532381462
4438, 0.754669727215287
4439, 0.7536003798686712
4440, 0.7510210766173633
4441, 0.747395374079836
4442, 0.7429362786767908
4443, 0.7373790868894942
4444, 0.7310263451457807
4445, 0.7246193984527393
4446, 0.7186040962472365
4447, 0.7131853698232643
4448, 0.7084632747558077
4449, 0.7044897443592716
4450, 0.7012818123243425
4451, 0.6988063974473266
4452, 0.6969735037548067
4453, 0.6956021500423663
4454, 0.6943714779566728
4455, 0.6927585644195181
4456, 0.6899037565462682
4457, 0.6862314927300944
4458, 0.682393378946546
4459, 0.6786631725608412
4460, 0.675172297017762
4461, 0.6719856876011063
4462, 0.6691480174312057
4463, 0.6666968277698088
4464, 0.6646802351867221
4465, 0.663148857143942
4466, 0.6621383932499076
4467, 0.6616759925381815
4468, 0.6617730124478204
4469, 0.6624183817870406
4470, 0.6635530646085976
4471, 0.6649484130611363
4472, 0.6654957103625815
4473, 0.6630137600943914
4474, 0.6591373366687736
4475, 0.6553743946382089
4476, 0.652007140413966
4477, 0.6490320208742175
4478, 0.6463393345007012
4479, 0.6438057237357355
4480, 0.641355846453566
4481, 0.6390259556143368
4482, 0.6369515823484428
4483, 0.6353094560973749
4484, 0.6342602806464337
4485, 0.6339116769820135
4486, 0.6343386278111423
4487, 0.6355626945828029
4488, 0.6375679561435285
4489, 0.6403132245457953
4490, 0.6437278719912343
4491, 0.6477004833106387
4492, 0.6520205426865059
4493, 0.6561919282478087
4494, 0.6590192933319688
4495, 0.6595676758837118
4496, 0.6588761051333449
4497, 0.6579250486673908
4498, 0.6570491893323865
4499, 0.6563480118428205
4500, 0.6558503149221317
4501, 0.6555501974440365
4502, 0.6554431440694586
4503, 0.6555097241105362
4504, 0.6557200898413413
4505, 0.6560329604380364
4506, 0.656406471960486
4507, 0.6567980997171229
4508, 0.6571733137722378
4509, 0.6575099201607669
4510, 0.6577897301215359
4511, 0.6580142515583962
4512, 0.6582037048459193
4513, 0.6584107522049134
4514, 0.6587127667273651
4515, 0.659201910824493
4516, 0.659928561895455
4517, 0.6607890655041694
4518, 0.6611282283524712
4519, 0.6596038002760162
4520, 0.6566567226649294
4521, 0.653620432743621
4522, 0.6509799327075192
4523, 0.6488724113241463
4524, 0.6473265717947524
4525, 0.6463172979384162
4526, 0.6458045389199104
4527, 0.6457283506991109
4528, 0.6460099237468165
4529, 0.6465394000459843
4530, 0.6471647025205186
4531, 0.6476073763730953
4532, 0.6471504817493531
4533, 0.6443317462795508
4534, 0.6393043292598354
4535, 0.633573293630459
4536, 0.627849133619193
4537, 0.6224185537069304
4538, 0.6174337945558169
4539, 0.6129892808829022
4540, 0.6091482105760827
4541, 0.6059419389861647
4542, 0.6033756618934033
4543, 0.6014374621710327
4544, 0.6001006290961494
4545, 0.5993256748872975
4546, 0.599061500023297
4547, 0.5992583541090565
4548, 0.5998733738912585
4549, 0.6008654735051976
4550, 0.6022124639069459
4551, 0.6038932482156726
4552, 0.6058930214113365
4553, 0.6081967634562389
4554, 0.6107875183797259
4555, 0.6136202104179922
4556, 0.6166383003616421
4557, 0.6197660154765495
4558, 0.6228949884159353
4559, 0.625892818730223
4560, 0.628635006377652
4561, 0.6310576441902764
4562, 0.6331834084011798
4563, 0.6350984225261931
4564, 0.6368167642209401
4565, 0.6381659776835582
4566, 0.6386396760418037
4567, 0.6375955985002004
4568, 0.6351258915479655
4569, 0.6320088939821855
4570, 0.6288673458225846
4571, 0.6260104362470339
4572, 0.6236040212959209
4573, 0.6217461929224761
4574, 0.6205022900920177
4575, 0.6199099005631677
4576, 0.6199934996645547
4577, 0.6207671927040972
4578, 0.6222439772940379
4579, 0.6244260050219461
4580, 0.6273053889051442
4581, 0.6308478101522921
4582, 0.6350099119218823
4583, 0.6397432780901099
4584, 0.644988037355267
4585, 0.6506681528551194
4586, 0.6566850368723162
4587, 0.6629283600657541
4588, 0.6692831021641966
4589, 0.6756232653031643
4590, 0.6818300486991024
4591, 0.6877991585074733
4592, 0.6934777083117654
4593, 0.6988852481998789
4594, 0.7040823658801011
4595, 0.7091191726887327
4596, 0.7138931224203738
4597, 0.7177874671405021
4598, 0.7198230804224297
4599, 0.7206827494468621
4600, 0.7213447018660721
4601, 0.7221135655702274
4602, 0.7230300696728289
4603, 0.724068486676756
4604, 0.725133150553202
4605, 0.7260402612365838
4606, 0.7266324584007218
4607, 0.7270619481233144
4608, 0.7276914596791069
4609, 0.7287957710634289
4610, 0.7253310095404916
4611, 0.7213907829483179
4612, 0.7182061731155862
4613, 0.7157528714089734
4614, 0.7139430879235369
4615, 0.7126037757501099
4616, 0.7114389093959581
4617, 0.7099802006585776
4618, 0.7077368055700995
4619, 0.704606674032406
4620, 0.700909678242928
4621, 0.6969867612104681
4622, 0.6930359176667411
4623, 0.6891372602516835
4624, 0.6852972957403817
4625, 0.68149518476582
4626, 0.6777215419118982
4627, 0.6739805958228412
4628, 0.6703062183975047
4629, 0.6667673153321475
4630, 0.6634428953634408
4631, 0.6604076694393622
4632, 0.6577207211834358
4633, 0.655423048988355
4634, 0.6535604639988566
4635, 0.6521674105270894
4636, 0.6512659779154729
4637, 0.6508736962685484
4638, 0.6510044950955342
4639, 0.6516710084837777
4640, 0.6528862831648644
4641, 0.6546509121783111
4642, 0.6569574093192964
4643, 0.6597905578948059
4644, 0.663129400758453
4645, 0.6669440687285285
4646, 0.6711922940857531
4647, 0.6758202768198821
4648, 0.6807724827498187
4649, 0.6859931504414126
4650, 0.6914172903740297
4651, 0.696974430456494
4652, 0.7025938834402325
4653, 0.7082129668376123
4654, 0.7137742639262544
4655, 0.7192341471622204
4656, 0.7245603018035
4657, 0.7297267475853461
4658, 0.7347231344586826
4659, 0.7395499776281351
4660, 0.744209020498214
4661, 0.7486917845168871
4662, 0.7529856978154306
4663, 0.7570609918242491
4664, 0.7608625566370865
4665, 0.7643221442039828
4666, 0.7673643110904188
4667, 0.7699350888323294
4668, 0.7720308621474741
4669, 0.7736925972338604
4670, 0.7749943270910931
4671, 0.7760177488474569
4672, 0.7768180289150756
4673, 0.7774082540013213
4674, 0.7777264830225188
4675, 0.777599008722271
4676, 0.7768873473369893
4677, 0.7757590510230651
4678, 0.7744773568239648
4679, 0.7731806623315429
4680, 0.7719052469808336
4681, 0.7706254375593553
4682, 0.7692854412313161
4683, 0.767819499289053
4684, 0.76613595890905
4685, 0.7641593538621566
4686, 0.7619017606188346
4687, 0.7595020002971051
4688, 0.7571617167278146
4689, 0.7550546718218917
4690, 0.7533034643065728
4691, 0.7519885813036961
4692, 0.7511651049649144
4693, 0.7508746416768137
4694, 0.7511456503671703
4695, 0.7519884765042253
4696, 0.7534073264545891
4697, 0.755400424490587
4698, 0.7579550458086498
4699, 0.7610480341406214
4700, 0.7646485731569206
4701, 0.7686963021142483
4702, 0.773090315938177
4703, 0.7776555599422644
4704, 0.7820497393923238
4705, 0.78580564803448
4706, 0.7887787929727632
4707, 0.7913004059368967
4708, 0.7936796909771671
4709, 0.7960235624518103
4710, 0.7983266504951608
4711, 0.8005193305860703
4712, 0.8025258553983943
4713, 0.8042796951223709
4714, 0.8057453152442579
4715, 0.8069315134815052
4716, 0.8078744155035685
4717, 0.8086167762904132
4718, 0.809207660182971
4719, 0.8096968066932915
4720, 0.8101244921083774
4721, 0.8105250849793406
4722, 0.8109323200362839
4723, 0.8113760746337945
4724, 0.8118843606988253
4725, 0.8124946961067179
4726, 0.8132217910725175
4727, 0.8140821516179465
4728, 0.8150851437142834
4729, 0.8162315944540744
4730, 0.8175080623163521
4731, 0.8188961277948431
4732, 0.820373579446553
4733, 0.8219207418221799
4734, 0.8235602036376636
4735, 0.8253286437039062
4736, 0.8272627973126919
4737, 0.8293923289786609
4738, 0.8317269841749139
4739, 0.8342687462204441
4740, 0.8370192430934729
4741, 0.8399596937271391
4742, 0.8430720614315815
4743, 0.8463360649937149
4744, 0.8497244614329225
4745, 0.8532022907361615
4746, 0.8567361455188197
4747, 0.8602792165073682
4748, 0.8637681657628364
4749, 0.8671436833331141
4750, 0.8703330587158078
4751, 0.8732578188394985
4752, 0.8758399028578396
4753, 0.8780050941362023
4754, 0.8796970299391984
4755, 0.8809043951546813
4756, 0.8816310748003369
4757, 0.8819089035752832
4758, 0.8817676251363387
4759, 0.8812464919818916
4760, 0.8803779979297054
4761, 0.8791972915311878
4762, 0.8777244059233326
4763, 0.8759922208388652
4764, 0.8740300732662805
4765, 0.8718740367157464
4766, 0.8695613551138902
4767, 0.8671326868518096
4768, 0.8646229381650984
4769, 0.8620811594070008
4770, 0.8595419364016276
4771, 0.8570358197277705
4772, 0.8545958037908308
4773, 0.8522475719662784
4774, 0.8500172559143141
4775, 0.8479270939370276
4776, 0.8459966098204548
4777, 0.842751486984885
4778, 0.8386018345207806
4779, 0.8347004439331953
4780, 0.8310962886637121
4781, 0.8278314289187728
4782, 0.8249432034474901
4783, 0.8224750900450213
4784, 0.8204525450257563
4785, 0.8188896679782675
4786, 0.8177981579349064
4787, 0.8171819502244327
4788, 0.8170473677914477
4789, 0.8173952956745565
4790, 0.8182197212297113
4791, 0.8195137943565736
4792, 0.8212820175995327
4793, 0.8235145323129679
4794, 0.8262139041417519
4795, 0.8293630284423137
4796, 0.8329395501569538
4797, 0.8369150071052535
4798, 0.8412556424652564
4799, 0.8458967461094905
4800, 0.8507704111779033
4801, 0.8557736347202028
4802, 0.860764517252324
4803, 0.8655319760375343
4804, 0.8698462205847632
4805, 0.8735947915382521
4806, 0.8768841652935736
4807, 0.8798906001696783
4808, 0.8827184186089504
4809, 0.884181438571818
4810, 0.8856072027446371
4811, 0.8871256245910815
4812, 0.8887957462568112
4813, 0.8906698232797678
4814, 0.8927756235168104
4815, 0.8951297949057084
4816, 0.8977432487155915
4817, 0.9006197796076943
4818, 0.9037547286197578
4819, 0.9071226057799883
4820, 0.910668645634168
4821, 0.9143020422937863
4822, 0.9178526264927481
4823, 0.920989824125084
4824, 0.9225811886317629
4825, 0.9204585509489694
4826, 0.9166702480715248
4827, 0.9121508407778127
4828, 0.9070786925459857
4829, 0.9004640607102872
4830, 0.8918011152874072
4831, 0.8826457733559906
4832, 0.8733922098452066
4833, 0.8641533367006314
4834, 0.8549919965809166
4835, 0.8459707120102711
4836, 0.8371418046760162
4837, 0.8285759555595313
4838, 0.820333019910084
4839, 0.8124770433925848
4840, 0.8050787264535987
4841, 0.7982074339964002
4842, 0.79191119858451
4843, 0.7862288530526024
4844, 0.7811891905124728
4845, 0.7768127931617428
4846, 0.7731151169994819
4847, 0.7701019495294673
4848, 0.7677610605878705
4849, 0.7660814854424589
4850, 0.7650480243808064
4851, 0.7646325531651194
4852, 0.7648013416169848
4853, 0.7655089869793424
4854, 0.7667024050187169
4855, 0.7683333766159881
4856, 0.7703220373609938
4857, 0.7725806035618122
4858, 0.7750036750686438
4859, 0.7774479047473964
4860, 0.7797223960936268
4861, 0.7815656902409137
4862, 0.7826376052702593
4863, 0.7825885436874552
4864, 0.7812035565255515
4865, 0.7785149301176406
4866, 0.7747663396664847
4867, 0.7702803071142601
4868, 0.7653587656216381
4869, 0.7602473196632508
4870, 0.7551278308375478
4871, 0.750131177732052
4872, 0.7453277842596233
4873, 0.7407789330019475
4874, 0.7365214574471342
4875, 0.7325840087331151
4876, 0.7289786668801783
4877, 0.7257075654054053
4878, 0.7227737603343931
4879, 0.7201946488280282
4880, 0.717976538715928
4881, 0.7161353025661354
4882, 0.7146838767789978
4883, 0.7136364810605672
4884, 0.712962039423295
4885, 0.7122692355322436
4886, 0.7105846392822905
4887, 0.7087406661206249
4888, 0.7073500851955673
4889, 0.7065430468137921
4890, 0.7063687847364851
4891, 0.7068343648061725
4892, 0.7079453633119468
4893, 0.7097121956990926
4894, 0.7121342260268704
4895, 0.7151967915361583
4896, 0.7188719774727137
4897, 0.7231189485574699
4898, 0.7278878068879577
4899, 0.7330495829653222
4900, 0.7381632526610523
4901, 0.7418572952704385
4902, 0.7435308698866506
4903, 0.7446566000795817
4904, 0.7458504841274984
4905, 0.7445520144369568
4906, 0.7388851104909273
4907, 0.7330758602186058
4908, 0.7271017013638352
4909, 0.7208549057166268
4910, 0.7142843312633691
4911, 0.7073965926894958
4912, 0.7002891910735758
4913, 0.6931008823217464
4914, 0.6859854966974132
4915, 0.6790863875379055
4916, 0.672535707468257
4917, 0.6664304959841015
4918, 0.6608652680081178
4919, 0.6559168212222997
4920, 0.6516365964943911
4921, 0.648076264161305
4922, 0.6452801836205386
4923, 0.643277827023036
4924, 0.6421008432668609
4925, 0.6417528927299904
4926, 0.6422335481941236
4927, 0.6435289329029475
4928, 0.645622863564623
4929, 0.6484801133799984
4930, 0.652068672834158
4931, 0.6563477939555026
4932, 0.6612932092092181
4933, 0.6668819469358374
4934, 0.6730656238725354
4935, 0.6797858040980522
4936, 0.6869593069922126
4937, 0.6944410419437178
4938, 0.7020316373455887
4939, 0.7094359475133103
4940, 0.7163840340646843
4941, 0.7227323434523619
4942, 0.7281423948886224
4943, 0.7311563974361779
4944, 0.7313583068092949
4945, 0.7304221034514536
4946, 0.7288882336386502
4947, 0.7268212654601313
4948, 0.7242653791031083
4949, 0.721307380222851
4950, 0.7180526705029717
4951, 0.7145872726703535
4952, 0.710861568265106
4953, 0.7063783779468666
4954, 0.7002456368301868
4955, 0.6929908655224458
4956, 0.6857211713349551
4957, 0.6789215995582372
4958, 0.6727868277529097
4959, 0.6674155249330629
4960, 0.662856730251201
4961, 0.6591539177502401
4962, 0.656337396857917
4963, 0.654432999504208
4964, 0.6534616536222542
4965, 0.6534523321113586
4966, 0.6544309400636076
4967, 0.6564319314802268
4968, 0.6594702188806458
4969, 0.6635602715237796
4970, 0.6687067780776033
4971, 0.6748896620330911
4972, 0.6820738628892148
4973, 0.6901740653579957
4974, 0.6990489375691911
4975, 0.7084737865139714
4976, 0.7180469909331489
4977, 0.7272259229896098
4978, 0.735700366055155
4979, 0.7436877283807372
4980, 0.7512833551713978
4981, 0.7530275906237542
4982, 0.7522879467309397
4983, 0.7480697696176766
4984, 0.7424447268448962
4985, 0.7367401990240776
4986, 0.7312472199916858
4987, 0.7260693327760752
4988, 0.7212464852103202
4989, 0.7167634503604976
4990, 0.7126025423122347
4991, 0.708728817395369
4992, 0.7051331707783546
4993, 0.7018328987985472
4994, 0.6988639156299147
4995, 0.6962696133148989
4996, 0.6940993078028442
4997, 0.6923768236678787
4998, 0.6911221011226595
4999, 0.6903444588745151
5000, 0.6900480593324129
5001, 0.6902164757857973
5002, 0.6908313041893799
5003, 0.6918593145864937
5004, 0.6932803168312276
5005, 0.695087657784924
5006, 0.6972743404562155
5007, 0.6998400027315081
5008, 0.7027623022374534
5009, 0.7059998661735766
5010, 0.7095024756083061
5011, 0.713197121000427
5012, 0.716985759354226
5013, 0.7207608256019016
5014, 0.7243904571134713
5015, 0.7277667569085867
5016, 0.7308006366778859
5017, 0.733416831467526
5018, 0.7355838401309326
5019, 0.737330338360707
5020, 0.7387338756484463
5021, 0.7399096038946911
5022, 0.7409720529527533
5023, 0.7415883933116424
5024, 0.7373424478729684
5025, 0.7317877506255043
5026, 0.7264294629179809
5027, 0.7213121031930524
5028, 0.7164367947795562
5029, 0.7118523720334359
5030, 0.7076739690494442
5031, 0.7040609261518865
5032, 0.7011671628391771
5033, 0.699116665232266
5034, 0.6979976883962568
5035, 0.6978533543131743
5036, 0.6987006288522425
5037, 0.7005347528958813
5038, 0.7033248401114293
5039, 0.7070111049138746
5040, 0.7115078391631413
5041, 0.7167012246142005
5042, 0.7224481986142938
5043, 0.7283855628910906
5044, 0.7328281183525578
5045, 0.7356046261693818
5046, 0.7382724177705915
5047, 0.7409851344804202
5048, 0.7436875629598821
5049, 0.7463058732428213
5050, 0.7487914846174565
5051, 0.751073282349637
5052, 0.7530439504537466
5053, 0.75459670395384
5054, 0.755641480449509
5055, 0.7560659150876999
5056, 0.7552772024571786
5057, 0.7519388639912937
5058, 0.7473476858348058
5059, 0.7425226946121077
5060, 0.7377269445801123
5061, 0.7330949495812289
5062, 0.7287376418643337
5063, 0.7247435019107046
5064, 0.7212133557834034
5065, 0.7182266518495042
5066, 0.7158308244537357
5067, 0.7140574021673802
5068, 0.7129284232093426
5069, 0.7124406268101414
5070, 0.7125455746111575
5071, 0.7131655979921747
5072, 0.7141760737968086
5073, 0.7154142824046972
5074, 0.7166839101148267
5075, 0.7178355347620002
5076, 0.7188628585783714
5077, 0.7198955254845962
5078, 0.721050922154573
5079, 0.7224067843754901
5080, 0.7239751224038109
5081, 0.725726782606808
5082, 0.7276067686284531
5083, 0.7295486986469247
5084, 0.7314457598983105
5085, 0.7331801381435152
5086, 0.7345854952793958
5087, 0.7354486188927942
5088, 0.735525623120004
5089, 0.7346626205907459
5090, 0.7329169388825413
5091, 0.7305022316037495
5092, 0.7276297660735574
5093, 0.7244549299813767
5094, 0.7211006369459805
5095, 0.7176565773768006
5096, 0.7142017101858764
5097, 0.7108024962897387
5098, 0.707477479398924
5099, 0.7041940521792307
5100, 0.700811752615694
5101, 0.6971304119713839
5102, 0.6930579566289707
5103, 0.6887672305008646
5104, 0.6845525011761643
5105, 0.6806452058102733
5106, 0.6771896640879361
5107, 0.6742855296409892
5108, 0.6719778854291976
5109, 0.6702919604053471
5110, 0.6692268375669439
5111, 0.6687836717372726
5112, 0.6689404226804363
5113, 0.6696704433038616
5114, 0.6709299067124457
5115, 0.6726758969347016
5116, 0.6748656648606669
5117, 0.6774568724294364
5118, 0.6803999271214582
5119, 0.6836442883579356
5120, 0.6871496488659313
5121, 0.6908775845763776
5122, 0.6947844180502972
5123, 0.6988230929983017
5124, 0.7029487341975089
5125, 0.7071177756534618
5126, 0.7112826332265823
5127, 0.7153968893851846
5128, 0.7194125986881471
5129, 0.7232987046524548
5130, 0.7270311387174816
5131, 0.7306049283973401
5132, 0.7340378116671386
5133, 0.7373751124317262
5134, 0.7406881454939992
5135, 0.7440443975221968
5136, 0.7474915016560038
5137, 0.7510602645065392
5138, 0.7547365663251422
5139, 0.7583903553335269
5140, 0.7613312051150372
5141, 0.7623433527471429
5142, 0.7623476624472092
5143, 0.7622841965489944
5144, 0.7623831755125577
5145, 0.7627002664544354
5146, 0.7632271081371002
5147, 0.7639325043315898
5148, 0.7647508852948995
5149, 0.7655777789054201
5150, 0.7662475307322749
5151, 0.7665678400013894
5152, 0.7664289841931126
5153, 0.7658897953733307
5154, 0.7651205095306804
5155, 0.7642894179812852
5156, 0.7634946348899715
5157, 0.7627834432166631
5158, 0.7621616018216733
5159, 0.7616377228972766
5160, 0.7612487731648003
5161, 0.7610547794193858
5162, 0.7611024460347204
5163, 0.7614288335347031
5164, 0.7620409002866942
5165, 0.7629281403838055
5166, 0.7640682439412236
5167, 0.7654268216518327
5168, 0.7669574010972681
5169, 0.7686078167697615
5170, 0.7703162837831923
5171, 0.7720088686271588
5172, 0.7735878005830115
5173, 0.7749262233429298
5174, 0.7758990022620234
5175, 0.7764106824652826
5176, 0.7764518027091292
5177, 0.7761021660232718
5178, 0.7754885197107279
5179, 0.7747425753212327
5180, 0.7739752070484025
5181, 0.7732632250349978
5182, 0.7726547219988418
5183, 0.7721805689208029
5184, 0.7718592302317007
5185, 0.7716987986716493
5186, 0.771695762831025
5187, 0.7718059749714615
5188, 0.7718173031764229
5189, 0.7709356927139095
5190, 0.7692461996300037
5191, 0.7675553225248452
5192, 0.7660965654180811
5193, 0.764955714182437
5194, 0.7641745255280809
5195, 0.7637725354051627
5196, 0.7637375120524192
5197, 0.7640053084011394
5198, 0.7644295486934105
5199, 0.7647530875893387
5200, 0.764739712468952
5201, 0.7644632449843992
5202, 0.7642422173351617
5203, 0.764344867920896
5204, 0.7649128658189106
5205, 0.765993526797047
5206, 0.7675691605618415
5207, 0.7695649617880838
5208, 0.7718815934153742
5209, 0.774426001718319
5210, 0.777161305999677
5211, 0.780114768308114
5212, 0.7833443865148326
5213, 0.7868975293765247
5214, 0.79079338899241
5215, 0.795032760185402
5216, 0.7995915056560818
5217, 0.8044303988016126
5218, 0.8094866192821885
5219, 0.8146492013941885
5220, 0.8196896273167833
5221, 0.8240028660939789
5222, 0.8269069904827958
5223, 0.8288862527432639
5224, 0.8304491289809215
5225, 0.83172012534561
5226, 0.8327059740137185
5227, 0.8333787237532653
5228, 0.8337070627782951
5229, 0.8336520565510048
5230, 0.833184291129165
5231, 0.8322908400163115
5232, 0.8309847899507312
5233, 0.8293069682593297
5234, 0.8273329503353327
5235, 0.825150028044075
5236, 0.8228454879416583
5237, 0.8204983446286761
5238, 0.8181703398805661
5239, 0.8159168978874928
5240, 0.813785299618241
5241, 0.8118094063844815
5242, 0.8100221573545939
5243, 0.8084478813744337
5244, 0.807104262389234
5245, 0.8060076291293644
5246, 0.805163730527784
5247, 0.8045798962851906
5248, 0.8042597254491771
5249, 0.8042115732051183
5250, 0.8044462935093174
5251, 0.8049755519129436
5252, 0.8058121836975444
5253, 0.8069790176441559
5254, 0.8084912324803203
5255, 0.8103669184650819
5256, 0.8126203189593194
5257, 0.8152620014476564
5258, 0.8182997897512341
5259, 0.8217341287538094
5260, 0.8255543773014667
5261, 0.8297617751104617
5262, 0.8343450037217939
5263, 0.8392978544196606
5264, 0.8446069477939835
5265, 0.8502584140816111
5266, 0.856245465072575
5267, 0.8625718514109789
5268, 0.8692334562617701
5269, 0.8762321098670691
5270, 0.8835657212143493
5271, 0.8912371696769094
5272, 0.899244371211708
5273, 0.9075601906235437
5274, 0.9161646636251518
5275, 0.9250236025321987
5276, 0.9340816502070179
5277, 0.9432197256461012
5278, 0.9507858358475795
5279, 0.9566219673836357
5280, 0.9621394455377228
5281, 0.9674031493850078
5282, 0.9724722939491228
5283, 0.977224438005829
5284, 0.9812157307537873
5285, 0.9835670966658658
5286, 0.9835205445501161
5287, 0.9812478381013308
5288, 0.9778001234854642
5289, 0.9738155112143067
5290, 0.9695064109708363
5291, 0.964929992295613
5292, 0.9600715963895212
5293, 0.9548642648707368
5294, 0.9491894182780232
5295, 0.9430141886342643
5296, 0.9364000333641154
5297, 0.9294133119910504
5298, 0.9221330805289928
5299, 0.9146658963631124
5300, 0.9071585542246592
5301, 0.8997834228287666
5302, 0.8926735176647803
5303, 0.8859367478853132
5304, 0.8796572840725223
5305, 0.8738982893820614
5306, 0.8687097587285879
5307, 0.8641253509375019
5308, 0.8601431564231136
5309, 0.8567566408227476
5310, 0.8539420751357624
5311, 0.8516580240553477
5312, 0.8498450966722344
5313, 0.8484167639371487
5314, 0.8472892502341037
5315, 0.8463649865172959
5316, 0.8455441961894702
5317, 0.8447364623819527
5318, 0.8438675589472522
5319, 0.842879998291952
5320, 0.8417401692257409
5321, 0.8403877780142686
5322, 0.8387758873658598
5323, 0.836850449273568
5324, 0.8345585522377675
5325, 0.8318606052653655
5326, 0.8287285981751538
5327, 0.8251791289119137
5328, 0.8212762711239097
5329, 0.8170892186306082
5330, 0.812696108071476
5331, 0.808176476615353
5332, 0.8036159080029756
5333, 0.7990971378361788
5334, 0.7946767174623061
5335, 0.7904173333128038
5336, 0.7863876717786421
5337, 0.7826565791971505
5338, 0.7792919181218364
5339, 0.7763582460149009
5340, 0.7739022745815761
5341, 0.7719883657719125
5342, 0.7706541173548765
5343, 0.76992208064838
5344, 0.7697922221217193
5345, 0.770219810028188
5346, 0.7710626021741025
5347, 0.7721402193918817
5348, 0.7735329666305214
5349, 0.7753948443260484
5350, 0.7777673954096643
5351, 0.7806333700621912
5352, 0.7839493866139037
5353, 0.7876483710159543
5354, 0.7916584405877944
5355, 0.7958970883538761
5356, 0.8002588015005715
5357, 0.8046154007085873
5358, 0.8088065144144436
5359, 0.8126201071727012
5360, 0.815750529087375
5361, 0.8177222214211424
5362, 0.8178627738341476
5363, 0.815657112244281
5364, 0.8113043251005071
5365, 0.8054564134359895
5366, 0.7987127359280956
5367, 0.7914928181449388
5368, 0.7840834893342667
5369, 0.7766775200269652
5370, 0.7694164086659095
5371, 0.7624162364393565
5372, 0.7557551428531893
5373, 0.7494988012570356
5374, 0.7436918274440482
5375, 0.7383659864431887
5376, 0.7335541761377551
5377, 0.7292833533349823
5378, 0.7255647098948569
5379, 0.7224107186757347
5380, 0.7198343106912719
5381, 0.7178516579826468
5382, 0.7164626454721128
5383, 0.7156516790790184
5384, 0.7153815062066299
5385, 0.7156125412562403
5386, 0.7164293696492199
5387, 0.7178804251737114
5388, 0.7199551351232688
5389, 0.7226176453195329
5390, 0.7257900928105941
5391, 0.7293800420660912
5392, 0.7332432716665122
5393, 0.7371145352606232
5394, 0.7404101338606642
5395, 0.741968520865323
5396, 0.7413172631379412
5397, 0.7394641120267322
5398, 0.7371678062905971
5399, 0.7346955026790231
5400, 0.7318127661930166
5401, 0.7259757819549166
5402, 0.717584898952449
5403, 0.7089663807325615
5404, 0.7004454167575577
5405, 0.6921186988202468
5406, 0.6840666376799743
5407, 0.6763532314159306
5408, 0.6690635939875417
5409, 0.6622797582283945
5410, 0.6561038222462305
5411, 0.6506293732577995
5412, 0.6459528336476685
5413, 0.64215258669864
5414, 0.6392864077292209
5415, 0.6374012393433096
5416, 0.6365126283232699
5417, 0.6365693070762459
5418, 0.6373375852410658
5419, 0.6376474765276048
5420, 0.635246391170775
5421, 0.6318814764051531
5422, 0.6290322563046066
5423, 0.6269578079555668
5424, 0.6256643154421245
5425, 0.6250784573190987
5426, 0.6250849078544806
5427, 0.6255378068395954
5428, 0.6262955205871537
5429, 0.6272210873034092
5430, 0.6281925269655256
5431, 0.6291047941570347
5432, 0.6298813122722726
5433, 0.6304609826318802
5434, 0.630792752935312
5435, 0.6308106686712918
5436, 0.6304261393653018
5437, 0.6295021873180469
5438, 0.6278345417842766
5439, 0.6252323606406087
5440, 0.6216972626189337
5441, 0.6175018522343282
5442, 0.6130021574770955
5443, 0.6084781289873862
5444, 0.6041303848352647
5445, 0.6000956227249509
5446, 0.5964655329398907
5447, 0.5932998715051429
5448, 0.5906286238510787
5449, 0.5884616593465867
5450, 0.5867977362839504
5451, 0.5856107287026758
5452, 0.5848565080433797
5453, 0.5844973595876858
5454, 0.5845075722353277
5455, 0.5848804513170244
5456, 0.5856276067731688
5457, 0.5867691270574897
5458, 0.5883317584524627
5459, 0.5903247471986864
5460, 0.5927506507752517
5461, 0.5955959793389198
5462, 0.5988384077868649
5463, 0.6024493001113249
5464, 0.6063886107363723
5465, 0.6106274823648165
5466, 0.61515153599771
5467, 0.6199439249692555
5468, 0.625004251814157
5469, 0.6303398693591382
5470, 0.6359688799198591
5471, 0.6419223650929997
5472, 0.6482154240859876
5473, 0.6548603402384424
5474, 0.6618661179959134
5475, 0.669237963932666
5476, 0.6769735730761074
5477, 0.6850604468653955
5478, 0.6934751900701632
5479, 0.7022193839881135
5480, 0.711267971812867
5481, 0.7205995623853816
5482, 0.7301859776181416
5483, 0.7399978136403318
5484, 0.7499928693830833
5485, 0.7601177133687486
5486, 0.7702734833152662
5487, 0.7803231058162344
5488, 0.7900708257856508
5489, 0.7992627766216067
5490, 0.807659720622707
5491, 0.8151221022883567
5492, 0.8216168836112118
5493, 0.8270725218612053
5494, 0.8314017151501398
5495, 0.8345782319466611
5496, 0.836681379770549
5497, 0.8377907265035642
5498, 0.8379331773239718
5499, 0.8371653733897094
5500, 0.8357040818037955
5501, 0.8337134166447667
5502, 0.8312341518165975
5503, 0.8282525560638299
5504, 0.8247918855365706
5505, 0.8207414781703937
5506, 0.8159089863112268
5507, 0.8107009202468604
5508, 0.8054348111963512
5509, 0.8002204788694932
5510, 0.7950911348732419
5511, 0.7900887064314167
5512, 0.7852243908737354
5513, 0.7804845259283554
5514, 0.7758431957227315
5515, 0.7712542395593105
5516, 0.7666533198626976
5517, 0.761941937267021
5518, 0.7570440809822534
5519, 0.7519243607096775
5520, 0.7465924030780018
5521, 0.7410955422606677
5522, 0.7354991348414276
5523, 0.7298917991789822
5524, 0.7243747096590178
5525, 0.719024971241454
5526, 0.7139195120262554
5527, 0.7091309790787516
5528, 0.7047230729390745
5529, 0.700745046390977
5530, 0.6972172165930686
5531, 0.694157943939798
5532, 0.6915883021482342
5533, 0.6895156124275761
5534, 0.6879363991779902
5535, 0.6868445951789705
5536, 0.686231997850651
5537, 0.6860707932228357
5538, 0.6863241728660978
5539, 0.6869437152331458
5540, 0.6878754150530633
5541, 0.6890493798140128
5542, 0.6904036935675987
5543, 0.6918576720413836
5544, 0.6933531796150226
5545, 0.6948364570406058
5546, 0.6962613901306773
5547, 0.6976047197068542
5548, 0.6988362101529313
5549, 0.6999376744887416
5550, 0.7008514522419427
5551, 0.701379418304552
5552, 0.701246985262594
5553, 0.7006019798383628
5554, 0.6997150846839819
5555, 0.6986998940140899
5556, 0.6975751418411029
5557, 0.6963590107239188
5558, 0.6950603006118568
5559, 0.6936811098417586
5560, 0.6922417342256516
5561, 0.6907483127067842
5562, 0.689228554607026
5563, 0.6876925635838043
5564, 0.6861538712734864
5565, 0.6846381977516519
5566, 0.6831637171357247
5567, 0.6817458381663462
5568, 0.6804118192989401
5569, 0.6791774245473119
5570, 0.6780788705514539
5571, 0.6771445301711846
5572, 0.6764084361782997
5573, 0.675914258329997
5574, 0.6756973092255041
5575, 0.6757942123953227
5576, 0.6762381993757757
5577, 0.6770632147545568
5578, 0.6783017364416206
5579, 0.6799574184783187
5580, 0.6820437095660821
5581, 0.6845693870051351
5582, 0.6875351881137811
5583, 0.6909378221319419
5584, 0.694759601332483
5585, 0.698979024424269
5586, 0.703580737642065
5587, 0.7085194777292615
5588, 0.7137381129559472
5589, 0.7191461978963087
5590, 0.7246086264151747
5591, 0.7299114917223936
5592, 0.7346971889332282
5593, 0.7385115742156575
5594, 0.7410414455014583
5595, 0.7423686557034457
5596, 0.7427811054403968
5597, 0.7425484753047065
5598, 0.7419060252722318
5599, 0.7410724293144062
5600, 0.740219925045294
5601, 0.7394875050111337
5602, 0.7389756263107569
5603, 0.7387579619032739
5604, 0.7388862611044832
5605, 0.7394013445689271
5606, 0.7403414636181628
5607, 0.7417336708631745
5608, 0.7435987162889138
5609, 0.7459442552972806
5610, 0.7487802079160482
5611, 0.752110394532309
5612, 0.7559174483582757
5613, 0.7601649456612578
5614, 0.7647626157402084
5615, 0.7693749109219672
5616, 0.7721361388924467
5617, 0.7725852276007636
5618, 0.7724835287946398
5619, 0.7720703291946378
5620, 0.7715053884611658
5621, 0.771009543991058
5622, 0.7707536525141164
5623, 0.7708370636560784
5624, 0.7712913346574449
5625, 0.7720583238571903
5626, 0.7730462915435432
5627, 0.7742731498371938
5628, 0.7758456052305595
5629, 0.7778343664722831
5630, 0.7802117740160078
5631, 0.7829054562765366
5632, 0.7857818323363861
5633, 0.788647095145766
5634, 0.791273076043
5635, 0.7934311495030679
5636, 0.7949481372381096
5637, 0.7954982744838491
5638, 0.7944303245854244
5639, 0.7916540120235205
5640, 0.7880114509818563
5641, 0.7841073193343154
5642, 0.7801981954070528
5643, 0.776391649623965
5644, 0.7727641778811281
5645, 0.7693769680633042
5646, 0.7662850497148086
5647, 0.7635394618824323
5648, 0.7611769336626161
5649, 0.7592502870141176
5650, 0.7577961003227727
5651, 0.7568456104521528
5652, 0.756422436312508
5653, 0.7565452115474741
5654, 0.7572295013165392
5655, 0.7584746848454172
5656, 0.7602798645350498
5657, 0.7626337872792923
5658, 0.7655162832711917
5659, 0.7688990294768512
5660, 0.772739079351529
5661, 0.7769925780474293
5662, 0.7815953224102498
5663, 0.7864669726821618
5664, 0.7914982867570809
5665, 0.7965559547213266
5666, 0.8014694061124341
5667, 0.8060283739951969
5668, 0.8100390719170681
5669, 0.8133958457667394
5670, 0.8161330768621113
5671, 0.8183843788096661
5672, 0.8203035707123668
5673, 0.8220253846213192
5674, 0.8236419311090523
5675, 0.8252270968407713
5676, 0.826837463342864
5677, 0.8285163286962135
5678, 0.8302993279545438
5679, 0.8322233764151895
5680, 0.834301483856444
5681, 0.8365476179997093
5682, 0.8389704845901541
5683, 0.8415751579880174
5684, 0.8443647801762708
5685, 0.8473319285923004
5686, 0.8504823658796314
5687, 0.8538061925025241
5688, 0.8572794935579141
5689, 0.8608578725340464
5690, 0.8644699767677416
5691, 0.8680161829627434
5692, 0.8713585534971593
5693, 0.8743523475349331
5694, 0.8768783666003509
5695, 0.8788391930296813
5696, 0.880065358958764
5697, 0.8803044534527099
5698, 0.8795667712629484
5699, 0.8781480983799494
5700, 0.8762619466530667
5701, 0.8739936582772886
5702, 0.8713617917897672
5703, 0.8683592725884088
5704, 0.8649677303391052
5705, 0.8611751852664848
5706, 0.8569730434524929
5707, 0.8523622986008738
5708, 0.847368717213516
5709, 0.842057918759573
5710, 0.8365309860711524
5711, 0.830898675342225
5712, 0.8252797450228999
5713, 0.8197801003225345
5714, 0.8144852525789799
5715, 0.809453900618119
5716, 0.8047339179056968
5717, 0.8003558154861712
5718, 0.7963356877625006
5719, 0.7926824762310775
5720, 0.7894021067933933
5721, 0.7865002415782173
5722, 0.7839806926370078
5723, 0.7818519403078922
5724, 0.780119650224716
5725, 0.7787897096095644
5726, 0.7778665400618203
5727, 0.7773526621801492
5728, 0.7772481665770171
5729, 0.7775514064314466
5730, 0.7782533176919563
5731, 0.779338462081299
5732, 0.7807798309014157
5733, 0.7825318343541001
5734, 0.7845189616750768
5735, 0.7866229741033639
5736, 0.788658384063868
5737, 0.7903727636117596
5738, 0.7915327515702197
5739, 0.7920469739018341
5740, 0.7919954654996301
5741, 0.7914902685232134
5742, 0.7905465529365743
5743, 0.7890737854873775
5744, 0.786974404500412
5745, 0.7841760255793155
5746, 0.7806907249172901
5747, 0.7766745114012321
5748, 0.7723391038474815
5749, 0.7678647543540479
5750, 0.7633847996267115
5751, 0.7589927540403958
5752, 0.7547536414009951
5753, 0.7507314521908927
5754, 0.7469898606739224
5755, 0.7435880707195425
5756, 0.7405769089589431
5757, 0.7379993316466339
5758, 0.7358847525090937
5759, 0.7342500456975333
5760, 0.7330905869103808
5761, 0.7323854764471042
5762, 0.7320963587414586
5763, 0.7321701079742876
5764, 0.7325479854561558
5765, 0.7331818030134414
5766, 0.7340330114722284
5767, 0.7350595072169418
5768, 0.7362098990824023
5769, 0.7374198247697207
5770, 0.7386168079291442
5771, 0.7397228769290478
5772, 0.7406884714583245
5773, 0.7414616477433361
5774, 0.7420214427758137
5775, 0.7423520351005363
5776, 0.742425813185132
5777, 0.7421923382642348
5778, 0.7415324846258218
5779, 0.7402817018538022
5780, 0.7382196138120197
5781, 0.7352118709005502
5782, 0.7313373776274604
5783, 0.7268275307977241
5784, 0.721946146182861
5785, 0.7168895916431521
5786, 0.7118212735372708
5787, 0.7068735509451892
5788, 0.7021582739977806
5789, 0.6977796296346751
5790, 0.6938181713174395
5791, 0.6903570725432514
5792, 0.6874535808834082
5793, 0.6851506301798745
5794, 0.6834761368896892
5795, 0.6824330280015222
5796, 0.6820132817320064
5797, 0.682190514224941
5798, 0.6829277333220847
5799, 0.6841768006535293
5800, 0.6858787370249562
5801, 0.6879772166480252
5802, 0.6904028284973023
5803, 0.6930922115952035
5804, 0.6959726587731967
5805, 0.6989712338206692
5806, 0.7020126251425537
5807, 0.7050027818055438
5808, 0.7078412319359155
5809, 0.710405081923768
5810, 0.7125520168808795
5811, 0.7141191020763686
5812, 0.7149575386085499
5813, 0.7150087417004928
5814, 0.7143318047846331
5815, 0.7130762266375374
5816, 0.7114275009262327
5817, 0.7095352952942205
5818, 0.7074978963626444
5819, 0.7053608693939484
5820, 0.7031489853013487
5821, 0.7008974350584892
5822, 0.6986440374558899
5823, 0.6964693928296684
5824, 0.6944795706918607
5825, 0.6927901550927843
5826, 0.6915137177716737
5827, 0.6907101356305939
5828, 0.6904446400010705
5829, 0.6907443539690515
5830, 0.6916151080874554
5831, 0.693039601887739
5832, 0.6949641983645904
5833, 0.6973431058772106
5834, 0.7000675322678231
5835, 0.7029558829078587
5836, 0.7052286090232589
5837, 0.7047854212227641
5838, 0.7031896305915766
5839, 0.7012095815925318
5840, 0.6988818708222231
5841, 0.6962230990591979
5842, 0.6932872769979905
5843, 0.6901415026873097
5844, 0.6868292325168818
5845, 0.683405385818926
5846, 0.679911664887428
5847, 0.6763809599625573
5848, 0.6728538054076727
5849, 0.6693692128461403
5850, 0.6659654456634259
5851, 0.662670715517186
5852, 0.6595149711083013
5853, 0.6565164524711407
5854, 0.6536999375458247
5855, 0.6510822422549223
5856, 0.6486740891414475
5857, 0.6464985400425144
5858, 0.6445628056306085
5859, 0.6428862243918636
5860, 0.6414749238071145
5861, 0.6403454076023837
5862, 0.6394978631974865
5863, 0.6389289570087717
5864, 0.6386376563100206
5865, 0.6386285472511427
5866, 0.638904627758073
5867, 0.639459011880414
5868, 0.640295517791629
5869, 0.6414200900080936
5870, 0.6428265160355748
5871, 0.6444951650581869
5872, 0.6464131445956446
5873, 0.6485561629188693
5874, 0.6508905734435917
5875, 0.653373716340876
5876, 0.655966433483454
5877, 0.6586233247511712
5878, 0.6613045393729333
5879, 0.6639782206031377
5880, 0.6666191720595749
5881, 0.6692144644616494
5882, 0.671764662031642
5883, 0.6742827930461325
5884, 0.6767896328369708
5885, 0.6792891526614778
5886, 0.6817932225189878
5887, 0.6842920562350969
5888, 0.6867827726830599
5889, 0.6892486962151412
5890, 0.6916637208506288
5891, 0.6939795175778636
5892, 0.6960955625578926
5893, 0.6978627941078137
5894, 0.6990978297130261
5895, 0.6996960093613215
5896, 0.6996786520367138
5897, 0.6991576480727794
5898, 0.6982601843676514
5899, 0.6970677134190459
5900, 0.6956288210197491
5901, 0.6939903157106949
5902, 0.6922019333965193
5903, 0.6903105430134416
5904, 0.6883340073858896
5905, 0.686273577850004
5906, 0.6841053658580332
5907, 0.6817620597996178
5908, 0.6791448751431862
5909, 0.6761471293892348
5910, 0.6727061645468777
5911, 0.6688149251872014
5912, 0.664525856366139
5913, 0.6599417047705521
5914, 0.6551861373717215
5915, 0.6503790425410163
5916, 0.6456160301182381
5917, 0.6409698487532538
5918, 0.6365118108250158
5919, 0.6322844439527936
5920, 0.6283230148065323
5921, 0.6246387887820402
5922, 0.6212514822073829
5923, 0.6181728874030219
5924, 0.6154226464170243
5925, 0.6130093574562915
5926, 0.6109530705021865
5927, 0.6092761150207345
5928, 0.60798817351634
5929, 0.6070970589927089
5930, 0.6065959506628041
5931, 0.606479496733721
5932, 0.6067285745530305
5933, 0.6073144452074825
5934, 0.6081959097168023
5935, 0.60932626529454
5936, 0.6106571850164991
5937, 0.6121256812080503
5938, 0.6136590399759607
5939, 0.615190158281189
5940, 0.6166661700075019
5941, 0.6180448924035528
5942, 0.6192834754135339
5943, 0.6203479382856547
5944, 0.621199756145737
5945, 0.6217869485991929
5946, 0.6220500096516721
5947, 0.6219535586491146
5948, 0.6214988011308407
5949, 0.6207229575881203
5950, 0.6196991326388124
5951, 0.618535668566754
5952, 0.6173592457564856
5953, 0.6162819106477627
5954, 0.6154011605432255
5955, 0.614801714731732
5956, 0.6145627311383509
5957, 0.61474708614651
5958, 0.615400861178119
5959, 0.6165574562621366
5960, 0.6182460557041937
5961, 0.6204990996873879
5962, 0.6233157670843376
5963, 0.6266851100238799
5964, 0.6305853131040392
5965, 0.6349798873030287
5966, 0.6398195923161066
5967, 0.6450384108758938
5968, 0.650536369499957
5969, 0.6544546921821013
5970, 0.6551591770284713
5971, 0.6559749435336616
5972, 0.6570085969730215
5973, 0.6582738675564541
5974, 0.6597949666894448
5975, 0.6615895815473334
5976, 0.6636862496104095
5977, 0.6661277702850362
5978, 0.6689593323549098
5979, 0.6722183469105271
5980, 0.6759389897679068
5981, 0.6801556256860225
5982, 0.6848891712986878
5983, 0.6901363665705942
5984, 0.6958825857989897
5985, 0.7020883986996473
5986, 0.7086683942970735
5987, 0.7154844589855165
5988, 0.7223231311833714
5989, 0.7288086080258008
5990, 0.7341160532797906
5991, 0.7371069065077829
5992, 0.7381208375588774
5993, 0.7380049175168634
5994, 0.7369787081768939
5995, 0.7351024217014613
5996, 0.7326596514866078
5997, 0.7300499306435123
5998, 0.727574374431403
5999, 0.7253832237714969
6000, 0.7235196750301732
6001, 0.7219684604762864
6002, 0.7206789427301163
6003, 0.7195685734089494
6004, 0.7185501529468928
6005, 0.7175793885536063
6006, 0.7166240251238395
6007, 0.7156922206934143
6008, 0.7148157843383328
6009, 0.7140554320118007
6010, 0.7134719616764071
6011, 0.7131128160352895
6012, 0.7130359378173122
6013, 0.7132832396779746
6014, 0.7138892421949355
6015, 0.7148693021769982
6016, 0.7162315663852692
6017, 0.7179791253251067
6018, 0.7200895211404416
6019, 0.7225334614476898
6020, 0.7252780556479896
6021, 0.7282819575795705
6022, 0.7314907670305052
6023, 0.7348346735285184
6024, 0.7382440017898628
6025, 0.741632141285228
6026, 0.744908631687155
6027, 0.7480040886696294
6028, 0.7508998473044519
6029, 0.7536354710625651
6030, 0.756272268448291
6031, 0.7588761834913029
6032, 0.7614875744859501
6033, 0.7641111628830916
6034, 0.766691465382567
6035, 0.7691313593204628
6036, 0.7712934166472036
6037, 0.7730324446917596
6038, 0.7742715969272104
6039, 0.7750547158669592
6040, 0.7755274199948153
6041, 0.7758437737326651
6042, 0.7761115497305586
6043, 0.7763974718282738
6044, 0.7767244076584605
6045, 0.7770777119428091
6046, 0.7774220430156268
6047, 0.7777279684683936
6048, 0.7779565067312056
6049, 0.7780627416995315
6050, 0.778003992208032
6051, 0.777752558092308
6052, 0.7772948079006962
6053, 0.776636993574891
6054, 0.775822204275725
6055, 0.7749218998861664
6056, 0.7740148433602152
6057, 0.7731679545791956
6058, 0.7724396120666835
6059, 0.7718794608827423
6060, 0.7715219691253441
6061, 0.7713880044388315
6062, 0.7714947735893807
6063, 0.7718555157397026
6064, 0.7724695616904723
6065, 0.7733339571227686
6066, 0.7744439579504311
6067, 0.7757924467334829
6068, 0.7773743578641189
6069, 0.7791856275088429
6070, 0.7812402865510218
6071, 0.7835516978169805
6072, 0.7861313051835006
6073, 0.7889838124059716
6074, 0.7921010624759021
6075, 0.7954606677219027
6076, 0.7990060591850175
6077, 0.8026675127782784
6078, 0.8063592494165956
6079, 0.8099752717608221
6080, 0.8133818165901623
6081, 0.8164458376572595
6082, 0.819120882902456
6083, 0.8214986295580182
6084, 0.8237533747179553
6085, 0.8260584286714134
6086, 0.8285436899384347
6087, 0.8312831164856482
6088, 0.8343008667487402
6089, 0.8375563673549536
6090, 0.8392294194959677
6091, 0.8370159821976425
6092, 0.8348103721442905
6093, 0.8327438834585988
6094, 0.8307901613951094
6095, 0.8289260484269461
6096, 0.8271491733855163
6097, 0.8254751562093413
6098, 0.8239200889961767
6099, 0.8224780120192835
6100, 0.8211303866793778
6101, 0.8198178923520512
6102, 0.8184074766300465
6103, 0.8166856243351998
6104, 0.8145229327724816
6105, 0.8120403897015623
6106, 0.8094643379716097
6107, 0.8069476436512709
6108, 0.8045602585364295
6109, 0.8023205944300726
6110, 0.8002101960888721
6111, 0.7981964637169824
6112, 0.7962371018688053
6113, 0.7942860353078128
6114, 0.7923089364524627
6115, 0.7902934043056918
6116, 0.7882520538160173
6117, 0.7862196935890433
6118, 0.784233110078861
6119, 0.7823167419162137
6120, 0.7804846240290269
6121, 0.7787305443870521
6122, 0.7770403391331965
6123, 0.7753839728201561
6124, 0.7737270229499532
6125, 0.772032263049572
6126, 0.7702555569134005
6127, 0.768354387081858
6128, 0.7663064638783451
6129, 0.7641023816103079
6130, 0.7617477636626532
6131, 0.7592585462137914
6132, 0.7566560814717441
6133, 0.7539801482506221
6134, 0.7512984200393954
6135, 0.7487079815126809
6136, 0.7463224102957252
6137, 0.7442483781402325
6138, 0.7425784517194699
6139, 0.7413818895440483
6140, 0.7407074548224115
6141, 0.7405827337766682
6142, 0.7409980177473026
6143, 0.7362237993582388
6144, 0.7298969295601488
6145, 0.7240546137041026
6146, 0.7187177338191486
6147, 0.7139058642945447
6148, 0.7096401846404969
6149, 0.7059386989870096
6150, 0.7028214727545151
6151, 0.70029475628484
6152, 0.6976948435037391
6153, 0.6949258992949945
6154, 0.6926743738420789
6155, 0.6908323365620678
6156, 0.6892075261376498
6157, 0.6874763660447225
6158, 0.6853452330963671
6159, 0.682871716580732
6160, 0.680368511774122
6161, 0.6780912910553819
6162, 0.676164816961401
6163, 0.6746417698296095
6164, 0.6735269442364709
6165, 0.6727940729157614
6166, 0.6723934824295459
6167, 0.6722595848565937
6168, 0.6723230638491708
6169, 0.6725036185105728
6170, 0.6727305284529521
6171, 0.6729535290332954
6172, 0.6731440322858117
6173, 0.6732790483156811
6174, 0.6733414378907542
6175, 0.6732897341291801
6176, 0.6730416913643116
6177, 0.6724929596297375
6178, 0.6716078772952193
6179, 0.6704735597863252
6180, 0.6692027619394163
6181, 0.6678819355909739
6182, 0.6665675849952009
6183, 0.6653098716078552
6184, 0.664159846672282
6185, 0.6631505680110067
6186, 0.6623152092634541
6187, 0.6616767351263816
6188, 0.6612556484790845
6189, 0.6610510062672141
6190, 0.6610521821240448
6191, 0.661233498421425
6192, 0.6615598681054043
6193, 0.6619881765046992
6194, 0.6624600618566597
6195, 0.6629237401881575
6196, 0.6633230636033094
6197, 0.6636112412582661
6198, 0.6637459205398285
6199, 0.6636957165001455
6200, 0.6634403363692782
6201, 0.662963894503379
6202, 0.662256552630527
6203, 0.6613088007178215
6204, 0.6601124650178779
6205, 0.6586534277971634
6206, 0.6569376285120212
6207, 0.654987750280505
6208, 0.652837600955328
6209, 0.6505488521895104
6210, 0.6481920434317191
6211, 0.6458387879150431
6212, 0.6435449097985013
6213, 0.6413530425210664
6214, 0.6392903167586648
6215, 0.637373585853112
6216, 0.6356043708265026
6217, 0.633982785213805
6218, 0.6325123200485007
6219, 0.631198251783761
6220, 0.6300463334967421
6221, 0.629063634575643
6222, 0.628266952594898
6223, 0.6276700406744646
6224, 0.6272747970149153
6225, 0.6270903727243249
6226, 0.6271219999851545
6227, 0.6273697928952774
6228, 0.627823963294906
6229, 0.6284851341683825
6230, 0.6293627873938529
6231, 0.6304545700989905
6232, 0.6317636683671062
6233, 0.6332936262860942
6234, 0.6350391393039045
6235, 0.6370025045049823
6236, 0.6391635726542221
6237, 0.6415061553525135
6238, 0.6440019942455173
6239, 0.646629244466254
6240, 0.6493604159273131
6241, 0.6521660494489339
6242, 0.6550194835019797
6243, 0.6578895400125969
6244, 0.6607538564599129
6245, 0.6635914749562828
6246, 0.666383266958549
6247, 0.6691147838458108
6248, 0.6717813198876659
6249, 0.6743822989408924
6250, 0.6769331550582831
6251, 0.67946015670569
6252, 0.6819904575582333
6253, 0.6845639074195659
6254, 0.6872254082087648
6255, 0.6900142552627233
6256, 0.6929682383664586
6257, 0.6961178561664031
6258, 0.699477318541953
6259, 0.7030263793322031
6260, 0.7065414269394911
6261, 0.7092679833020504
6262, 0.7110786533258505
6263, 0.7128203774460591
6264, 0.7148262759903213
6265, 0.7171704258454464
6266, 0.7198651465253522
6267, 0.7228881211819447
6268, 0.726194825923294
6269, 0.7297317312886381
6270, 0.7334263779922863
6271, 0.7371953607870997
6272, 0.7409435323211171
6273, 0.7445726899410717
6274, 0.7479939629603856
6275, 0.7511529690191144
6276, 0.7540269983536572
6277, 0.7566318227579615
6278, 0.7589997597317418
6279, 0.7611796837549477
6280, 0.7632769334682411
6281, 0.7654020757708155
6282, 0.767659583292041
6283, 0.7701459307856184
6284, 0.7729540236418943
6285, 0.7761343082200257
6286, 0.7797165445624302
6287, 0.7836991083414755
6288, 0.7880569207164183
6289, 0.7927282963026326
6290, 0.7975799542112895
6291, 0.8024494815597036
6292, 0.8070612893329672
6293, 0.8109538543098408
6294, 0.8130761634648724
6295, 0.8129818615277776
6296, 0.8110379211436398
6297, 0.8074260182076041
6298, 0.8024820415217483
6299, 0.7965897905315587
6300, 0.7900562875531865
6301, 0.7830738902830164
6302, 0.7758049909699062
6303, 0.7683551282177347
6304, 0.7608049973828278
6305, 0.7532101991329251
6306, 0.7456258601721992
6307, 0.738074463972628
6308, 0.7305602716999682
6309, 0.723121046127523
6310, 0.7158009496211961
6311, 0.7086454008552866
6312, 0.7017120548675444
6313, 0.6950662735051157
6314, 0.6887733551496565
6315, 0.6828694022467766
6316, 0.6773768175115087
6317, 0.6722823884686888
6318, 0.6675388898667832
6319, 0.6630841080260471
6320, 0.658864838441501
6321, 0.6548350175358367
6322, 0.6510073021146068
6323, 0.6474542483831015
6324, 0.6442716574195405
6325, 0.6415729210757403
6326, 0.6394659782524802
6327, 0.6380338214707335
6328, 0.6373156698549741
6329, 0.6373104654422228
6330, 0.6379830810050986
6331, 0.6392600372899709
6332, 0.6410316739856183
6333, 0.6431722878279434
6334, 0.6455419418889687
6335, 0.6479990742072913
6336, 0.6504153960223259
6337, 0.6526950271700899
6338, 0.6547965080563181
6339, 0.6567105405340422
6340, 0.6584672802148083
6341, 0.6601171060795855
6342, 0.6617143280078928
6343, 0.6632579272619868
6344, 0.6646658281309902
6345, 0.6656941030693331
6346, 0.6659581844900693
6347, 0.6652071241698491
6348, 0.6636236777739375
6349, 0.6615824354839165
6350, 0.6594178080233198
6351, 0.6573740658576512
6352, 0.6555969932140314
6353, 0.6541509604628971
6354, 0.653029418029977
6355, 0.6521517264594164
6356, 0.6513527222128465
6357, 0.6504396207010927
6358, 0.6493099856199838
6359, 0.6480546341311825
6360, 0.6469237348143706
6361, 0.6462079356927908
6362, 0.6461285417539493
6363, 0.6468187303697143
6364, 0.6483436155153726
6365, 0.6507192386807893
6366, 0.653924027069377
6367, 0.6579170437571712
6368, 0.6626421578788525
6369, 0.6679509162858116
6370, 0.6734598015194712
6371, 0.6783748972050638
6372, 0.6819218532457734
6373, 0.6844584026743614
6374, 0.6868143950562543
6375, 0.6894215399818224
6376, 0.6923432653710527
6377, 0.6951555990309035
6378, 0.6965285225642384
6379, 0.6968388280542821
6380, 0.6972364000252461
6381, 0.6979728927995834
6382, 0.6990787741047085
6383, 0.7005332843475958
6384, 0.7023172530207712
6385, 0.7044062417868177
6386, 0.7067767450377376
6387, 0.7093286265704002
6388, 0.7118227426231056
6389, 0.7145329832346277
6390, 0.7174144674790875
6391, 0.7203654494980555
6392, 0.7232574176923762
6393, 0.7259575018330067
6394, 0.728395462626077
6395, 0.7305937737287694
6396, 0.73262765903289
6397, 0.7345407322183739
6398, 0.7363786071145019
6399, 0.7382374561004139
6400, 0.7402712322672703
6401, 0.7426190788435203
6402, 0.7453709579572285
6403, 0.7485395261463944
6404, 0.752102490657636
6405, 0.7560214442297801
6406, 0.7602594761156515
6407, 0.7647779677440408
6408, 0.7695606006166734
6409, 0.774595289204958
6410, 0.7798562612258015
6411, 0.7852982223943634
6412, 0.7908525323814849
6413, 0.7964298968231092
6414, 0.8018736004253555
6415, 0.8069998127061868
6416, 0.8115953729102421
6417, 0.8153960060958425
6418, 0.8178839267031359
6419, 0.8181419420194914
6420, 0.8161567342507148
6421, 0.8130018606166827
6422, 0.8093276253381401
6423, 0.8053776154885575
6424, 0.8012421022639364
6425, 0.7969393551156845
6426, 0.7924577212351811
6427, 0.7877835001807796
6428, 0.7829100819171309
6429, 0.7778488660395423
6430, 0.7726510551917052
6431, 0.7673753786760884
6432, 0.7621015645743267
6433, 0.7569141905159694
6434, 0.7518915951795653
6435, 0.7471086763375405
6436, 0.7426345168739152
6437, 0.738524693966099
6438, 0.7348265813567332
6439, 0.7315770427681177
6440, 0.728816388094344
6441, 0.7265744353437716
6442, 0.724877122825245
6443, 0.7237461305462561
6444, 0.7231978639879525
6445, 0.7232347876010976
6446, 0.7238454963077281
6447, 0.7250024358735181
6448, 0.7266613333637165
6449, 0.7287612778057722
6450, 0.7312318686352628
6451, 0.7340021854215175
6452, 0.7370147980177533
6453, 0.7402369232980184
6454, 0.7436641604946896
6455, 0.7473120714344781
6456, 0.7512043463981932
6457, 0.7553508809539492
6458, 0.7597610681827964
6459, 0.7644188034903263
6460, 0.769293129033092
6461, 0.7743378776202667
6462, 0.7795009990618454
6463, 0.7847033433272903
6464, 0.789857311763964
6465, 0.7948584204092675
6466, 0.7995771150539907
6467, 0.8037163649794773
6468, 0.8058400866559251
6469, 0.8049921865644076
6470, 0.8033454331131646
6471, 0.8016809218443481
6472, 0.8001866226820716
6473, 0.7989323270219534
6474, 0.7978982046015195
6475, 0.7970102371879361
6476, 0.7961092032299718
6477, 0.794931558537363
6478, 0.7931819413804057
6479, 0.7907452129396771
6480, 0.7877888332913017
6481, 0.7845790681359462
6482, 0.7813172722958427
6483, 0.7781170855320364
6484, 0.7750271602257869
6485, 0.7720748443586041
6486, 0.7692646137263375
6487, 0.7665970245387949
6488, 0.7640775206625008
6489, 0.7617202984626804
6490, 0.7595471971601941
6491, 0.7575826604098164
6492, 0.7558504815886553
6493, 0.7543706477563944
6494, 0.7531587079715275
6495, 0.75222522642722
6496, 0.7515763796723489
6497, 0.7512123103567484
6498, 0.7511289502547919
6499, 0.7513192832777751
6500, 0.7517753876392297
6501, 0.752486748957073
6502, 0.7534458310057824
6503, 0.7546448786761327
6504, 0.7560789127369469
6505, 0.7577431390202859
6506, 0.7596329560303471
6507, 0.7617391678443168
6508, 0.7640491568109525
6509, 0.7665394016468783
6510, 0.7691783794769166
6511, 0.771927179669969
6512, 0.7747369323747738
6513, 0.7775602264558787
6514, 0.7803448163792647
6515, 0.7830441875259649
6516, 0.7856112253130344
6517, 0.7880120581940017
6518, 0.7902154459616276
6519, 0.7921977932639608
6520, 0.7939370156610646
6521, 0.7954152608200699
6522, 0.796621386147851
6523, 0.7975459341183548
6524, 0.798182092436795
6525, 0.7985310029847814
6526, 0.7985975584554337
6527, 0.7983876932578636
6528, 0.7979172903612196
6529, 0.7972015026099436
6530, 0.7962578947653782
6531, 0.7950997064540031
6532, 0.7937426901442675
6533, 0.7921921720701162
6534, 0.7904609359896647
6535, 0.78857076764634
6536, 0.7865630417784444
6537, 0.7844880957791015
6538, 0.7824099045753022
6539, 0.7803728693029613
6540, 0.7784177139856125
6541, 0.7765694137449526
6542, 0.7748416907979959
6543, 0.7732433042612512
6544, 0.7717674616040161
6545, 0.7704057859608274
6546, 0.7691413560328564
6547, 0.7679538627262364
6548, 0.7668174794967443
6549, 0.7657097586594369
6550, 0.7645922505543866
6551, 0.763428189108628
6552, 0.7621817691328355
6553, 0.7608197477036827
6554, 0.7593123051592783
6555, 0.7576399870040115
6556, 0.7558045626611605
6557, 0.7538066331535102
6558, 0.751654922526169
6559, 0.7493624417263179
6560, 0.7469516442542334
6561, 0.7444370201624186
6562, 0.7418324126270103
6563, 0.7391589972092633
6564, 0.736440672108244
6565, 0.7337019450990506
6566, 0.7309705631701577
6567, 0.7282850674483679
6568, 0.725687518335293
6569, 0.7232141256934832
6570, 0.7208966035315861
6571, 0.7187717709854327
6572, 0.7168621657099817
6573, 0.7151908228070464
6574, 0.7137789592983516
6575, 0.7126458830792279
6576, 0.7118101698677477
6577, 0.7112938892094057
6578, 0.7111225922132518
6579, 0.7113030209327915
6580, 0.7118238476352728
6581, 0.7126341245797521
6582, 0.7136391320884211
6583, 0.7147494716876344
6584, 0.7160227011248853
6585, 0.7175759292857801
6586, 0.7194972092211163
6587, 0.721821237041102
6588, 0.724572327885471
6589, 0.7277462130786045
6590, 0.7313157486651292
6591, 0.7352415678558869
6592, 0.7394835919126843
6593, 0.7439734469609642
6594, 0.7486406218286795
6595, 0.7534302274186333
6596, 0.7582756990699251
6597, 0.7631026549520423
6598, 0.7678161827017778
6599, 0.7723228149301528
6600, 0.7764783084687465
6601, 0.7801497084932606
6602, 0.7832489190012794
6603, 0.7857777322651129
6604, 0.7877711998010927
6605, 0.789278817526542
6606, 0.7903449892029557
6607, 0.7910267104587889
6608, 0.7913742923216931
6609, 0.7914535668462248
6610, 0.791324088757516
6611, 0.7910181804469236
6612, 0.7905199335141411
6613, 0.7892608296587239
6614, 0.7852452754557022
6615, 0.7802614653436744
6616, 0.7750158115587691
6617, 0.7695669748130346
6618, 0.7638735583038273
6619, 0.7572647147027987
6620, 0.7470399658302094
6621, 0.7357104463175166
6622, 0.7242745278144522
6623, 0.7129163657825921
6624, 0.7017673618325138
6625, 0.6909107464462066
6626, 0.6804337026158657
6627, 0.670420089024654
6628, 0.6609401682152066
6629, 0.6520557654242859
6630, 0.6438329762737468
6631, 0.6363287673194036
6632, 0.6295854944487972
6633, 0.6236329126708012
6634, 0.618484121687516
6635, 0.6141312247058267
6636, 0.6105492100211465
6637, 0.6076879102554656
6638, 0.6054927673840733
6639, 0.603889860717243
6640, 0.6028024453139994
6641, 0.6021519637573954
6642, 0.6018600821802865
6643, 0.601864265083837
6644, 0.6021257166593055
6645, 0.6026164945772201
6646, 0.6033285106039794
6647, 0.6042780620748595
6648, 0.6054730670482606
6649, 0.6069032648069602
6650, 0.6085367913945386
6651, 0.6103121868415332
6652, 0.6121272136299019
6653, 0.61386767049279
6654, 0.6154226627380922
6655, 0.6166963650718599
6656, 0.6176332554006424
6657, 0.618205147286146
6658, 0.6184105909514542
6659, 0.6182642826919129
6660, 0.6177932830036948
6661, 0.6170427602717197
6662, 0.616085464343893
6663, 0.6150176635678665
6664, 0.6139568958494565
6665, 0.6130344666395888
6666, 0.6123710385015909
6667, 0.6120749688750398
6668, 0.612206266671281
6669, 0.6127689937558722
6670, 0.6137014400671147
6671, 0.614881743871898
6672, 0.6161411644572539
6673, 0.6173429583962611
6674, 0.6184592617351873
6675, 0.6196003267385848
6676, 0.6209740109651916
6677, 0.6227904164355016
6678, 0.6251918044947686
6679, 0.6281578237591906
6680, 0.6311858487544061
6681, 0.6326766723043565
6682, 0.632386245742734
6683, 0.632074674686057
6684, 0.6324755097704204
6685, 0.6336594212198727
6686, 0.6351702256283301
6687, 0.6351946673404252
6688, 0.6327913813837347
6689, 0.6300532072932756
6690, 0.6278902289948701
6691, 0.6264859624205185
6692, 0.6258511663212719
6693, 0.6259337951067607
6694, 0.6266683538005243
6695, 0.6279706535883315
6696, 0.6297485936283627
6697, 0.6319211764419563
6698, 0.6344366600627406
6699, 0.6372709902499967
6700, 0.6403649783068123
6701, 0.6435795196755428
6702, 0.6466599134885694
6703, 0.6492730476281622
6704, 0.6510885679325457
6705, 0.6519469541842717
6706, 0.6519285120625973
6707, 0.6512989839298077
6708, 0.6504079444009355
6709, 0.6496237809716473
6710, 0.6492471742898852
6711, 0.6495074152106405
6712, 0.6505545333668695
6713, 0.6524764197464346
6714, 0.6552904169372884
6715, 0.6589848369057807
6716, 0.6635005350767166
6717, 0.6687541020798952
6718, 0.6746297480784942
6719, 0.6809862972369509
6720, 0.6876478871751136
6721, 0.6943141002582753
6722, 0.7005122395484622
6723, 0.70563771422923
6724, 0.7093547405409216
6725, 0.7119267901562617
6726, 0.7137995122879317
6727, 0.7152786164281012
6728, 0.7164851019813318
6729, 0.7173754627800037
6730, 0.7177122481295901
6731, 0.7172134311482211
6732, 0.7159167202979856
6733, 0.7142558849059718
6734, 0.7126066884938212
6735, 0.7111549340788371
6736, 0.7097595323174745
6737, 0.7074111630292358
6738, 0.7034965904203543
6739, 0.6991439414473333
6740, 0.6947190506477063
6741, 0.6901512936087388
6742, 0.6853215764977975
6743, 0.6805058871086969
6744, 0.676139514547082
6745, 0.672478251744995
6746, 0.6696790353493148
6747, 0.6678192679864826
6748, 0.6669487044988762
6749, 0.6670746206051053
6750, 0.6682010764179672
6751, 0.6702872975280881
6752, 0.673276818539123
6753, 0.6770713382255172
6754, 0.681540244404351
6755, 0.6864959523654285
6756, 0.6916976599029471
6757, 0.6968754822009308
6758, 0.7016675646036554
6759, 0.705563831026965
6760, 0.707881475997322
6761, 0.7080638481139674
6762, 0.7061673589929474
6763, 0.7027925997435898
6764, 0.6985948732948348
6765, 0.6940766243592593
6766, 0.6896116924157629
6767, 0.6854752158600228
6768, 0.6819003315578377
6769, 0.6790520632399857
6770, 0.677038595493464
6771, 0.6759443302355186
6772, 0.6758351954170465
6773, 0.676720867920616
6774, 0.6785975755239064
6775, 0.6814416032351179
6776, 0.6852030613468972
6777, 0.6898027966263087
6778, 0.6951666245201321
6779, 0.7011913792538896
6780, 0.7077599028051693
6781, 0.7147589107170674
6782, 0.722070442174316
6783, 0.7295901195091989
6784, 0.7371942164210397
6785, 0.7447633879428102
6786, 0.752172931503915
6787, 0.7593299550807995
6788, 0.7661727980705866
6789, 0.772680208790797
6790, 0.7788109396393574
6791, 0.7844828311735397
6792, 0.7895687877526268
6793, 0.793887055214519
6794, 0.7972050383960898
6795, 0.7994055747625692
6796, 0.8005937058509915
6797, 0.8010350826625313
6798, 0.8009651666670684
6799, 0.8005782153679902
6800, 0.7999944091877244
6801, 0.7992922574299384
6802, 0.798514167729398
6803, 0.7977226107904205
6804, 0.7969531193484449
6805, 0.796231940687336
6806, 0.795594402212988
6807, 0.7950852283067296
6808, 0.7947165682918639
6809, 0.7945104671369689
6810, 0.7944755659842037
6811, 0.7945424626865123
6812, 0.7943647989146997
6813, 0.7938986457874377
6814, 0.7935271400297585
6815, 0.7933419504114686
6816, 0.7933411549988904
6817, 0.7934974177809465
6818, 0.7937773196225734
6819, 0.7941810306211793
6820, 0.794743631930441
6821, 0.7954967792820999
6822, 0.7964588403466277
6823, 0.7976428357508427
6824, 0.7990520182766256
6825, 0.8006746622644891
6826, 0.8025011269624666
6827, 0.8045180025644214
6828, 0.8067108524138585
6829, 0.8090496502653709
6830, 0.8115075977926298
6831, 0.8140554809483985
6832, 0.8166465534421619
6833, 0.8192152975248644
6834, 0.8216886469288754
6835, 0.8239822069187004
6836, 0.8260385488496711
6837, 0.8278694975137613
6838, 0.829538875359965
6839, 0.8311096326824292
6840, 0.8326267423890193
6841, 0.8340859887836299
6842, 0.8352244045044157
6843, 0.8355391669711147
6844, 0.8355947618813174
6845, 0.8356748759384753
6846, 0.8358245154769173
6847, 0.8360547883339418
6848, 0.8363650512546427
6849, 0.8367361659575002
6850, 0.8371558382851818
6851, 0.8376042931325769
6852, 0.8380503550772964
6853, 0.8384544536218878
6854, 0.8387849960002991
6855, 0.8389983175692861
6856, 0.8390566471182349
6857, 0.8389369195006723
6858, 0.8386410715629683
6859, 0.8381844996637702
6860, 0.8376070682854617
6861, 0.8369470409379428
6862, 0.8362352433492483
6863, 0.8354953023127036
6864, 0.8347519752247885
6865, 0.8340199326174582
6866, 0.8333120605726039
6867, 0.8326354732688547
6868, 0.8319930091839326
6869, 0.8313750920256519
6870, 0.8307644218849048
6871, 0.830122075958285
6872, 0.8293739908123274
6873, 0.8283898699872956
6874, 0.8269990168493437
6875, 0.8251723174965503
6876, 0.8230542148132163
6877, 0.820787954294458
6878, 0.8184534649405183
6879, 0.8161038648735279
6880, 0.8137819681805842
6881, 0.8115278160060102
6882, 0.8093734961898961
6883, 0.8073554573469336
6884, 0.8055001011521792
6885, 0.8038282975678771
6886, 0.8023518671465766
6887, 0.8010751618796853
6888, 0.7999857709459118
6889, 0.799068200477069
6890, 0.798303152363942
6891, 0.7976800114306147
6892, 0.7972021482076672
6893, 0.7968948384529217
6894, 0.7967863873662663
6895, 0.7969116661546221
6896, 0.7972937553123361
6897, 0.797943835766726
6898, 0.7988506359048304
6899, 0.799990531171027
6900, 0.8013062119269179
6901, 0.8027078025883236
6902, 0.8040805493663401
6903, 0.8052910661598102
6904, 0.8062117385395647
6905, 0.8067745848853293
6906, 0.8069675203194453
6907, 0.8068057152791106
6908, 0.8063010250875537
6909, 0.8054630413118938
6910, 0.8042948503974642
6911, 0.8028220643041535
6912, 0.8011006039500158
6913, 0.7992151906796845
6914, 0.7972509435586264
6915, 0.7952952024708255
6916, 0.7934199581683999
6917, 0.7916752777034913
6918, 0.7900741114975957
6919, 0.7885812187668328
6920, 0.7870617022191885
6921, 0.7853414474104174
6922, 0.7834476623368605
6923, 0.7815537677261201
6924, 0.7797271225889282
6925, 0.7779160548761951
6926, 0.7759571658558397
6927, 0.7735220581329422
6928, 0.7702207923889787
6929, 0.7660242482125916
6930, 0.76129500311451
6931, 0.7564022030628449
6932, 0.7515954428322345
6933, 0.747033342486637
6934, 0.7428126012791767
6935, 0.7390061300806021
6936, 0.7356516925275415
6937, 0.7327598198735867
6938, 0.7303049860118911
6939, 0.7282113402082325
6940, 0.7262877496585388
6941, 0.7242034982217795
6942, 0.7215056894017948
6943, 0.7178159326643963
6944, 0.7130195718002115
6945, 0.7072556247128481
6946, 0.7008240564379262
6947, 0.6941013538918577
6948, 0.6874166924286356
6949, 0.6810250777751248
6950, 0.675081493232422
6951, 0.6696881562742678
6952, 0.664911769031408
6953, 0.6607765375741813
6954, 0.6572964735977301
6955, 0.6544686857702775
6956, 0.6522778905963595
6957, 0.650711055293493
6958, 0.649761384998231
6959, 0.6494098184946296
6960, 0.6496308755471066
6961, 0.650406434235205
6962, 0.6516998197592159
6963, 0.6534617576574443
6964, 0.6556577050160987
6965, 0.6582539550271858
6966, 0.6612052624555725
6967, 0.6644739006020755
6968, 0.6680391576416095
6969, 0.671843106911953
6970, 0.6757963816127102
6971, 0.6797971985218019
6972, 0.6836941348541721
6973, 0.6872847473892749
6974, 0.6903385290621168
6975, 0.6926467717527084
6976, 0.6940098915864004
6977, 0.6943475744070413
6978, 0.6936985418946344
6979, 0.6921889305726804
6980, 0.6899127787320722
6981, 0.6868766785176754
6982, 0.6829245871520815
6983, 0.6778778683193256
6984, 0.6717141112680268
6985, 0.6647065967300914
6986, 0.6573237404026836
6987, 0.6500380385138724
6988, 0.6432008294962501
6989, 0.6370544663997874
6990, 0.6317585356851033
6991, 0.6274302074992695
6992, 0.6241298327025491
6993, 0.6218802739064085
6994, 0.6206689593847134
6995, 0.6204300061587651
6996, 0.6210924958347869
6997, 0.6225670562309873
6998, 0.6247562585263868
6999, 0.6275821880571448
7000, 0.6309362145005984
7001, 0.6337752592273544
7002, 0.6355187584915613
7003, 0.637908493977499
7004, 0.641253304203732
7005, 0.6456145595339734
7006, 0.6509902899977271
7007, 0.6572236045467421
7008, 0.6638980926643248
7009, 0.6702454179620868
7010, 0.6757228853637917
7011, 0.6807119728620054
7012, 0.6858178823790327
7013, 0.6912306553159162
7014, 0.6968706899900553
7015, 0.7025610628724323
7016, 0.7081391529154959
7017, 0.7132693101454114
7018, 0.7174206432233426
7019, 0.7198273101212904
7020, 0.7198631066611193
7021, 0.7181935378396949
7022, 0.7160484897963201
7023, 0.7141809425965484
7024, 0.7126139619644095
7025, 0.7102545086949333
7026, 0.708545328981954
7027, 0.7076047947336496
7028, 0.7072834438365837
7029, 0.7073075066494028
7030, 0.7071897459641314
7031, 0.7063277019736663
7032, 0.7043165593368717
7033, 0.6997743339232247
7034, 0.6909375510531682
7035, 0.6810996186961829
7036, 0.6716063290246543
7037, 0.6627956895605893
7038, 0.6547990169612339
7039, 0.6476554163904282
7040, 0.641346069171013
7041, 0.6358144570104326
7042, 0.6309450961422036
7043, 0.6265865789589617
7044, 0.6225948012915964
7045, 0.6188656753145403
7046, 0.6153621871669752
7047, 0.612120367263562
7048, 0.6091945300930923
7049, 0.6066193961702729
7050, 0.6044230660592792
7051, 0.6026470220755429
7052, 0.6013122150280618
7053, 0.6004421194801888
7054, 0.6000421986038528
7055, 0.6001206863803745
7056, 0.6006531283425426
7057, 0.6016175231621564
7058, 0.6029713279096914
7059, 0.6046558998907098
7060, 0.6065657538970868
7061, 0.6085895585105203
7062, 0.6105677181151818
7063, 0.6123367656503158
7064, 0.613746048275297
7065, 0.614675191199201
7066, 0.614891125207056
7067, 0.6140136006145241
7068, 0.6119558051550262
7069, 0.6093101228216267
7070, 0.606669740194124
7071, 0.6043979056026636
7072, 0.6026642876903546
7073, 0.6015294675159576
7074, 0.6009019426125862
7075, 0.6005021273293272
7076, 0.5998452587772808
7077, 0.5986870721094193
7078, 0.5973979325386749
7079, 0.5965258381345103
7080, 0.59640258930484
7081, 0.5971812812819002
7082, 0.5989068476532255
7083, 0.6015671332997201
7084, 0.6051240588302257
7085, 0.6095114386648959
7086, 0.6146225817107801
7087, 0.6202636464874022
7088, 0.6254263635635288
7089, 0.6282763631821792
7090, 0.6307812840115183
7091, 0.6336309028022574
7092, 0.6368448494049366
7093, 0.6402920924616563
7094, 0.6434080643986295
7095, 0.6447513088438065
7096, 0.6452255367461922
7097, 0.6458491703536203
7098, 0.646788233637131
7099, 0.6480438264722516
7100, 0.6495870978605165
7101, 0.6513790905071017
7102, 0.6533632116443984
7103, 0.6554639982795438
7104, 0.6575856814952683
7105, 0.6595940325526243
7106, 0.6613684673688489
7107, 0.6629139789153013
7108, 0.6643673042576403
7109, 0.665878371799528
7110, 0.6675521897203759
7111, 0.6694414287612694
7112, 0.6715672325832693
7113, 0.6739338252786056
7114, 0.676538549488367
7115, 0.6793695700353765
7116, 0.6824169047096659
7117, 0.6856715889135874
7118, 0.6891268920315347
7119, 0.6927766332540143
7120, 0.6966200525391286
7121, 0.700655596573323
7122, 0.7048818655291905
7123, 0.7092969043067805
7124, 0.7138988501749784
7125, 0.718681780085492
7126, 0.7236397418328796
7127, 0.7287658551174854
7128, 0.7340520775640363
7129, 0.7394889443841559
7130, 0.7450693056414884
7131, 0.750784986772957
7132, 0.7566279357282311
7133, 0.7625916430271545
7134, 0.7686671628080697
7135, 0.7748558464798735
7136, 0.7811580594235118
7137, 0.787578015284086
7138, 0.7941212441488149
7139, 0.8007947297626556
7140, 0.8075937858150982
7141, 0.8144983700259375
7142, 0.8214275970776084
7143, 0.8280061163633275
7144, 0.8340171073439869
7145, 0.8398339329434505
7146, 0.8454872017685191
7147, 0.8509179854150677
7148, 0.8550476494794588
7149, 0.8584407391227482
7150, 0.861298875405818
7151, 0.8636247016523773
7152, 0.8656042213226184
7153, 0.8673609623730544
7154, 0.8689669835745675
7155, 0.8704843535062526
7156, 0.8719733056235096
7157, 0.8734903926330363
7158, 0.8750842117947144
7159, 0.8767926409489354
7160, 0.8786460152469232
7161, 0.8806647846281485
7162, 0.8828611178199656
7163, 0.8852392656513776
7164, 0.8877965837343877
7165, 0.8905190473032822
7166, 0.8933824085592632
7167, 0.8963460216812525
7168, 0.8993434423112886
7169, 0.9022623215032486
7170, 0.9048815976183575
7171, 0.9067112966390433
7172, 0.9075344865940167
7173, 0.9078963957346309
7174, 0.9081505697981359
7175, 0.9084351344661139
7176, 0.9073721239106448
7177, 0.9060773587944629
7178, 0.9049955130539302
7179, 0.9041641282558852
7180, 0.9036074788879161
7181, 0.9033356040595731
7182, 0.9033414095359692
7183, 0.9035934628114325
7184, 0.9040500200321948
7185, 0.9046433264268047
7186, 0.9052889116685511
7187, 0.9058947519646967
7188, 0.9063816825149978
7189, 0.9066904696658636
7190, 0.9068179090306376
7191, 0.9068027719844067
7192, 0.9066831830841824
7193, 0.9064370921154937
7194, 0.9058686496417273
7195, 0.9046605303679651
7196, 0.9030228073398407
7197, 0.901287536756101
7198, 0.8995943928327295
7199, 0.8979988249554566
7200, 0.8965259295527281
7201, 0.8951933387883421
7202, 0.8940093029878818
7203, 0.8929752930295772
7204, 0.8920891667648759
7205, 0.891340325389048
7206, 0.8907106632849139
7207, 0.890176687859868
7208, 0.889691852285626
7209, 0.8890825477767874
7210, 0.887385166465517
7211, 0.883593972536014
7212, 0.8791301934034821
7213, 0.874462782552995
7214, 0.8696774775587308
7215, 0.8647999243876716
7216, 0.8598434747413987
7217, 0.8548183758483645
7218, 0.8497295324993489
7219, 0.8445664843978116
7220, 0.8393190526881754
7221, 0.8339738416049407
7222, 0.8285322799268473
7223, 0.8230289910127715
7224, 0.8175245507589499
7225, 0.8120977750173222
7226, 0.8068374868003177
7227, 0.8018345498158587
7228, 0.797165754028174
7229, 0.7928955279582239
7230, 0.7890819881113481
7231, 0.7857606889652314
7232, 0.7829498720841621
7233, 0.7806547278835088
7234, 0.7788493531315221
7235, 0.7774266236173465
7236, 0.7761408931244133
7237, 0.7748949125984752
7238, 0.7738992407789053
7239, 0.7732501460338046
7240, 0.7729144994000122
7241, 0.7727699698708502
7242, 0.7725697088801446
7243, 0.7717035279610904
7244, 0.768957888455463
7245, 0.7645899593491169
7246, 0.7593559921320377
7247, 0.7536939713063002
7248, 0.7478370697105652
7249, 0.7418991223557942
7250, 0.7359412828166201
7251, 0.7300177872517587
7252, 0.7241883597934826
7253, 0.7185269261334502
7254, 0.7131236335330658
7255, 0.7080807944409466
7256, 0.7035077496670401
7257, 0.699504854193914
7258, 0.6961656017424668
7259, 0.693578703249502
7260, 0.6918273958162909
7261, 0.690972115730761
7262, 0.6910669258559622
7263, 0.6921562472525323
7264, 0.694249336684575
7265, 0.6973282307501956
7266, 0.701366809575295
7267, 0.7062993054999985
7268, 0.7120249988944803
7269, 0.7184343117663227
7270, 0.7254120922367595
7271, 0.7327990039938798
7272, 0.7404309514651578
7273, 0.7479701291980707
7274, 0.7548104298117165
7275, 0.7613684345726824
7276, 0.7680088680650752
7277, 0.770797241872624
7278, 0.7690554463959225
7279, 0.7660677414022053
7280, 0.7601539176803666
7281, 0.7534695405534582
7282, 0.7457339676603858
7283, 0.7365071032781418
7284, 0.7258026216461072
7285, 0.7141208758613061
7286, 0.7019653601997405
7287, 0.6897028571135299
7288, 0.6775491304633504
7289, 0.6656732113525876
7290, 0.6541867825204074
7291, 0.6431954688272081
7292, 0.6328175606753178
7293, 0.6231844209110856
7294, 0.614409075423757
7295, 0.6066129405179143
7296, 0.599902522579988
7297, 0.5943891010079473
7298, 0.5901737883092046
7299, 0.5873552698699972
7300, 0.5860055454857098
7301, 0.5861645008765961
7302, 0.5878212355761504
7303, 0.5908794771341327
7304, 0.5950870739859067
7305, 0.59983482991747
7306, 0.6037761970030341
7307, 0.6056430987186727
7308, 0.6061675090985835
7309, 0.6064125967218491
7310, 0.6068120125128393
7311, 0.6075789094411731
7312, 0.6088659018306511
7313, 0.6107627847977752
7314, 0.6132418462545203
7315, 0.6161684333792947
7316, 0.6192826954158477
7317, 0.6221901081354992
7318, 0.6244285003947115
7319, 0.6257347791505443
7320, 0.6262211198442037
7321, 0.6262171942503838
7322, 0.6259332630345583
7323, 0.6253298978126017
7324, 0.6242392206068753
7325, 0.622477396661234
7326, 0.619911307047252
7327, 0.6165498677962843
7328, 0.6126747691313258
7329, 0.6087404190161517
7330, 0.6051627159165129
7331, 0.6022258686661629
7332, 0.6000948716713775
7333, 0.5988423453698225
7334, 0.5984759928786632
7335, 0.5989454684043712
7336, 0.6001611592997156
7337, 0.6019988629714261
7338, 0.604327607630712
7339, 0.6070061954829117
7340, 0.6099344550846665
7341, 0.6130631324258105
7342, 0.6163205793095504
7343, 0.6190348118899219
7344, 0.6178855344527425
7345, 0.6149799461821643
7346, 0.6124951183319269
7347, 0.61071141135552
7348, 0.6096731803658257
7349, 0.6093487019170547
7350, 0.609645683489348
7351, 0.610359015487517
7352, 0.6110916143061769
7353, 0.61142736477979
7354, 0.611424637893794
7355, 0.6114853617974824
7356, 0.6118748133510844
7357, 0.61268853104217
7358, 0.6139484784592608
7359, 0.6156200024499469
7360, 0.6176569428281056
7361, 0.6200164666142303
7362, 0.6226618938927637
7363, 0.6250163728196646
7364, 0.6250218420791303
7365, 0.6252118209968527
7366, 0.6257014336595359
7367, 0.626484471937265
7368, 0.6275385987300317
7369, 0.6288315497178628
7370, 0.6303295260185103
7371, 0.6320117986499131
7372, 0.633903622996301
7373, 0.6360447113130107
7374, 0.6384778108009784
7375, 0.6412364970328934
7376, 0.6443451423451
7377, 0.6477803916699677
7378, 0.6515058226704903
7379, 0.65545615348397
7380, 0.659535663857758
7381, 0.6636104706224746
7382, 0.667565866419135
7383, 0.6712908818144506
7384, 0.6747003008090766
7385, 0.6776604768877694
7386, 0.6797553704601994
7387, 0.6803620306731791
7388, 0.6799160290236187
7389, 0.6791968315168434
7390, 0.6785328477374373
7391, 0.678041714532836
7392, 0.6777719853236118
7393, 0.6777446471946521
7394, 0.6779837646686481
7395, 0.6785065159389528
7396, 0.6793365388255276
7397, 0.6804754105366488
7398, 0.6819055698328972
7399, 0.6835588142034279
7400, 0.6852779257215312
7401, 0.6867278427773204
7402, 0.6876873980026078
7403, 0.6883951025498799
7404, 0.6891266673411761
7405, 0.6899949901717553
7406, 0.6910165576210778
7407, 0.6921601471021802
7408, 0.6933764027399768
7409, 0.6946223501749542
7410, 0.6958801556881106
7411, 0.6972021690333793
7412, 0.6986722371239042
7413, 0.7003640153346186
7414, 0.7023126162450984
7415, 0.7045546056772344
7416, 0.7070885653992182
7417, 0.7099005180958309
7418, 0.7129664907513366
7419, 0.7162596021577228
7420, 0.7197470118262306
7421, 0.7234032639535244
7422, 0.7272136211160931
7423, 0.7311796214577262
7424, 0.7353176259660887
7425, 0.7396497773599421
7426, 0.7442030809520072
7427, 0.7489986968407314
7428, 0.7540551752834185
7429, 0.7593738566351554
7430, 0.7649465124618808
7431, 0.7707497096068787
7432, 0.7767394082778978
7433, 0.7828244617263211
7434, 0.7888739210245715
7435, 0.7947668890119446
7436, 0.8005153444180074
7437, 0.8062051917195243
7438, 0.8119018190176287
7439, 0.8176150861257034
7440, 0.8233378951051162
7441, 0.8290510759744275
7442, 0.8347296906303403
7443, 0.8403337881782333
7444, 0.8458152505596686
7445, 0.8511183028150646
7446, 0.8561934572132563
7447, 0.8610212409840615
7448, 0.8656236203891351
7449, 0.8700583150316106
7450, 0.8743952248375162
7451, 0.878702751971114
7452, 0.8830254037958633
7453, 0.8874059414942645
7454, 0.8918747174801033
7455, 0.8964557175830895
7456, 0.9011645438699608
7457, 0.9060192558871444
7458, 0.9110293045296457
7459, 0.9161977259629775
7460, 0.92151866192473
7461, 0.9269727656100313
7462, 0.9324990977639199
7463, 0.9379396703346636
7464, 0.942972941181711
7465, 0.9467113467342411
7466, 0.9501542506857465
7467, 0.9531072472757804
7468, 0.9552146687782833
7469, 0.9564929565055861
7470, 0.9572511055114318
7471, 0.9577672283880403
7472, 0.9582143404214909
7473, 0.958686228224862
7474, 0.9592204017502537
7475, 0.9597930424374624
7476, 0.960334665590415
7477, 0.96074666412184
7478, 0.9609696311005801
7479, 0.9610267603870599
7480, 0.9609931068264559
7481, 0.9609212440635098
7482, 0.960845737827806
7483, 0.9607816720389549
7484, 0.9607326733896147
7485, 0.960696367291152
7486, 0.9606799296362891
7487, 0.9606921327418427
7488, 0.960745785496196
7489, 0.960862828303941
7490, 0.9610449969713909
7491, 0.9612770476638736
7492, 0.9615018061761614
7493, 0.9614927608430401
7494, 0.9607379988781714
7495, 0.9595219549227197
7496, 0.9582411579071286
7497, 0.9570420399985237
7498, 0.9560038968513036
7499, 0.9551634243939565
7500, 0.954547601490212
7501, 0.9541772173726788
7502, 0.9540642029580914
7503, 0.9542169794181208
7504, 0.9546401882426452
7505, 0.95525175156116
7506, 0.95535279924573
7507, 0.9548624712359386
7508, 0.9545426714287831
7509, 0.9545034912110913
7510, 0.9547547394036281
7511, 0.9552815318044496
7512, 0.9560305676701065
7513, 0.9569111153768397
7514, 0.9576309904482379
7515, 0.957530737959763
7516, 0.956163149006856
7517, 0.9540416858258226
7518, 0.9516372199332854
7519, 0.9491185431826475
7520, 0.9465378245153145
7521, 0.9439620916264384
7522, 0.9414650085014488
7523, 0.939064852137884
7524, 0.9367309072140756
7525, 0.934414447754477
7526, 0.9320550015685978
7527, 0.9295230472518629
7528, 0.9266598944925679
7529, 0.9233146186596377
7530, 0.9194969596388403
7531, 0.9153657832841176
7532, 0.9110557522397542
7533, 0.9066502390953699
7534, 0.9023028177341775
7535, 0.8981773758033789
7536, 0.8943510314563691
7537, 0.8908236282681692
7538, 0.8875575510907742
7539, 0.8844625012328243
7540, 0.8813953143105342
7541, 0.878167158097826
7542, 0.8744865128405809
7543, 0.8698575319233744
7544, 0.8636587081926713
7545, 0.8556851312111441
7546, 0.8463502334587958
7547, 0.8361268981691995
7548, 0.8253462933224669
7549, 0.8142110529727589
7550, 0.8029182660126445
7551, 0.7916292843750193
7552, 0.780501747385911
7553, 0.7696804259409207
7554, 0.7593139008727186
7555, 0.749514846036988
7556, 0.7403919545167705
7557, 0.7320412019245269
7558, 0.7245313613457872
7559, 0.7179601395938328
7560, 0.7124072446980615
7561, 0.7079448010172568
7562, 0.704635562686504
7563, 0.7025330781924076
7564, 0.7016494663328247
7565, 0.7019829883839014
7566, 0.7035140866454966
7567, 0.706205330037552
7568, 0.710015138228552
7569, 0.7149030901013412
7570, 0.7208043121501093
7571, 0.7276442457264107
7572, 0.7353233036198622
7573, 0.7437260445332731
7574, 0.7527023443731226
7575, 0.7620303922400954
7576, 0.7712774124746943
7577, 0.7785000283183264
7578, 0.7800704618380653
7579, 0.7786510501986442
7580, 0.7751718024646235
7581, 0.7699701689836844
7582, 0.7633890587743455
7583, 0.7558732045901954
7584, 0.7478788576036266
7585, 0.7397930918876793
7586, 0.7319178748356698
7587, 0.7244599846405272
7588, 0.7175578659946851
7589, 0.7113443866977461
7590, 0.7058837789630478
7591, 0.7010900596060904
7592, 0.6921208852340369
7593, 0.6825207844605893
7594, 0.6739069111625543
7595, 0.666430427195365
7596, 0.6602404138569474
7597, 0.655468404534128
7598, 0.6522270063060424
7599, 0.6505851276522562
7600, 0.6505693037842495
7601, 0.6521638917145434
7602, 0.6553104156358828
7603, 0.6599143377183928
7604, 0.6658351868121947
7605, 0.6728837718054146
7606, 0.6807802172255843
7607, 0.6889831086217242
7608, 0.6957902630005397
7609, 0.6983663159836251
7610, 0.6981844842053453
7611, 0.6961465793407388
7612, 0.6927337707719132
7613, 0.6885653455655446
7614, 0.6841899307015273
7615, 0.679988506971827
7616, 0.6761822565634682
7617, 0.6729232136309817
7618, 0.6703314544516266
7619, 0.66849746440148
7620, 0.667502022997581
7621, 0.6674448144657091
7622, 0.6683724546922937
7623, 0.6703088129802451
7624, 0.6732475727674713
7625, 0.6771010509473897
7626, 0.6817308905156825
7627, 0.6869080942176989
7628, 0.692182664774734
7629, 0.6966764022647147
7630, 0.6997402199630408
7631, 0.7018218931794938
7632, 0.7034234915387173
7633, 0.7047525569065504
7634, 0.7048739818128534
7635, 0.7019101776399652
7636, 0.6987283052432862
7637, 0.6958081658654753
7638, 0.6931845011709288
7639, 0.6908868926783212
7640, 0.6889183256087028
7641, 0.6872468779009024
7642, 0.6858293532867515
7643, 0.6846008154942376
7644, 0.6834351408080168
7645, 0.6822341055326424
7646, 0.6795176565064588
7647, 0.6722169682879849
7648, 0.6649016735870673
7649, 0.6577714975019611
7650, 0.6509993011491582
7651, 0.6447318590462522
7652, 0.6391029262806427
7653, 0.6341796957801651
7654, 0.6300244561832345
7655, 0.6266786269470795
7656, 0.6241560329420494
7657, 0.6224668151970894
7658, 0.6216166741251354
7659, 0.6215932397654135
7660, 0.6223755528416722
7661, 0.6239476665992815
7662, 0.6262613551398208
7663, 0.6292704032531844
7664, 0.6329231592843363
7665, 0.637165650065428
7666, 0.6419389308863255
7667, 0.6471842044453727
7668, 0.6528320955649426
7669, 0.6588137602960815
7670, 0.6650538490604887
7671, 0.67145994923534
7672, 0.6779356786440149
7673, 0.6843781934086846
7674, 0.6906801917842543
7675, 0.696698337102094
7676, 0.7021417991635536
7677, 0.706417900948769
7678, 0.7094695964682917
7679, 0.7117878377901846
7680, 0.7135400644238228
7681, 0.7147364327225417
7682, 0.7153533858594427
7683, 0.7153831536030493
7684, 0.7148598390966381
7685, 0.7138586014557563
7686, 0.7124950650458631
7687, 0.7109031583840916
7688, 0.709212005782962
7689, 0.7075117833598272
7690, 0.705889593769861
7691, 0.7044231459345071
7692, 0.7031728047198185
7693, 0.7022026460378917
7694, 0.7015565732470114
7695, 0.7012714312646956
7696, 0.7013825797456362
7697, 0.7019188845088679
7698, 0.7028833083434726
7699, 0.7042860254279768
7700, 0.7061343476459649
7701, 0.7084256620213396
7702, 0.7111628265963993
7703, 0.7143487797316174
7704, 0.7179791170859376
7705, 0.722046087704589
7706, 0.7265518906126418
7707, 0.731470271098454
7708, 0.7367826493225875
7709, 0.7424654714612737
7710, 0.748470591288836
7711, 0.7544495370772935
7712, 0.7590641330157181
7713, 0.7636817376138367
7714, 0.7685452298715687
7715, 0.7736101746525059
7716, 0.77873005564492
7717, 0.7836949090788987
7718, 0.7883659995245758
7719, 0.7928585908525205
7720, 0.7974052690733623
7721, 0.802168819634202
7722, 0.8072356151264789
7723, 0.8126527368232611
7724, 0.8184556297885903
7725, 0.8246441537191278
7726, 0.8312224557154643
7727, 0.8381735046510557
7728, 0.8454432622776288
7729, 0.8528871873606745
7730, 0.8601788020037836
7731, 0.8670433887961153
7732, 0.8737381423453295
7733, 0.8805872210680991
7734, 0.8876997408065657
7735, 0.8951065141369047
7736, 0.9027901728928354
7737, 0.9107063676984163
7738, 0.9187833632831565
7739, 0.9269037174341973
7740, 0.9348837466883664
7741, 0.9425091254131212
7742, 0.9495979308636298
7743, 0.956095985424207
7744, 0.9620489077031282
7745, 0.9675046518234789
7746, 0.9724791769640133
7747, 0.9769649762768872
7748, 0.9809512607789016
7749, 0.9844210584739679
7750, 0.9873665972670924
7751, 0.9897749115368545
7752, 0.9916478738550708
7753, 0.9929856271715377
7754, 0.9937819178916023
7755, 0.9939948461410069
7756, 0.9934057922682169
7757, 0.9917126127112088
7758, 0.9892781056789681
7759, 0.9864136939071075
7760, 0.9832450921191087
7761, 0.9798930730782061
7762, 0.9764546108141098
7763, 0.9729486903751821
7764, 0.9693558485990134
7765, 0.9657510187763447
7766, 0.9623021236085189
7767, 0.9591514485770096
7768, 0.9563832852464863
7769, 0.9540381555582312
7770, 0.9521280637191908
7771, 0.9505245087927277
7772, 0.9473753549585193
7773, 0.9433729599812257
7774, 0.9397610460757629
7775, 0.9365486631752823
7776, 0.9336155364210295
7777, 0.9300769592978599
7778, 0.9239960387066031
7779, 0.9172496110257038
7780, 0.910634402051958
7781, 0.9042309063027045
7782, 0.8980333347387158
7783, 0.8920048122174363
7784, 0.8860935581296207
7785, 0.880232837713411
7786, 0.8743316671125434
7787, 0.8683130001652953
7788, 0.8621416939569294
7789, 0.8558376861190434
7790, 0.8494540466093241
7791, 0.8430590288913138
7792, 0.8367113437305876
7793, 0.8304652307582359
7794, 0.8243687833215014
7795, 0.8184605149021239
7796, 0.8127786589918493
7797, 0.8073557404733201
7798, 0.8022181966594011
7799, 0.7973954980966306
7800, 0.7929079895508467
7801, 0.788773976527735
7802, 0.7850083948937756
7803, 0.7816099819328792
7804, 0.7785642612688478
7805, 0.7758434235990865
7806, 0.7733892398574637
7807, 0.7711171579540013
7808, 0.7689068996185534
7809, 0.7665985522772301
7810, 0.7640251356986506
7811, 0.7610774306839839
7812, 0.7577132188359332
7813, 0.7539763072059704
7814, 0.7499314809020685
7815, 0.745617662937687
7816, 0.7410404683422096
7817, 0.7361938553517838
7818, 0.7310829193682213
7819, 0.7257557614900043
7820, 0.720298806861299
7821, 0.714813035673769
7822, 0.7094187085694106
7823, 0.7042315819012637
7824, 0.6993543577699932
7825, 0.6948763322245866
7826, 0.6908753278225924
7827, 0.6874187971266169
7828, 0.6845643165562253
7829, 0.6823560284446035
7830, 0.6808109125867032
7831, 0.6799218932352755
7832, 0.6796381896785303
7833, 0.6798744929522286
7834, 0.6805480421164992
7835, 0.6816376418065505
7836, 0.6832193197181782
7837, 0.6854213828618698
7838, 0.6883487861838525
7839, 0.6920994145477305
7840, 0.6967194367605979
7841, 0.7021875632234367
7842, 0.7083966920017364
7843, 0.7149505524499918
7844, 0.7190008154104368
7845, 0.7182400786651986
7846, 0.7166371284294399
7847, 0.7150589194316329
7848, 0.7139413903019031
7849, 0.713501226218336
7850, 0.7137573671157917
7851, 0.7132461957905333
7852, 0.7067755876711297
7853, 0.7001700717587882
7854, 0.693983302162606
7855, 0.6881437731063476
7856, 0.6824976862318423
7857, 0.6768913257771251
7858, 0.6711308461990394
7859, 0.6650097937575444
7860, 0.6584156421568519
7861, 0.6513976809885822
7862, 0.6442176868674396
7863, 0.6372744335853293
7864, 0.6309475711673108
7865, 0.6255314804993659
7866, 0.6212621807331355
7867, 0.6183183214012776
7868, 0.6168148692435491
7869, 0.6168190949974608
7870, 0.618344635580563
7871, 0.6213541429893839
7872, 0.6257544542736182
7873, 0.6313968150054596
7874, 0.6380644244317383
7875, 0.6454487141287818
7876, 0.6530989116426396
7877, 0.6603710664668183
7878, 0.6665920408679835
7879, 0.6716615709294436
7880, 0.6760742139528584
7881, 0.6802263878820897
7882, 0.684182400418036
7883, 0.6877680768055002
7884, 0.690790407081224
7885, 0.6931156342273643
7886, 0.6947019548199586
7887, 0.6954977736357535
7888, 0.6953091337071492
7889, 0.6938963182217716
7890, 0.6912040068164385
7891, 0.6875031895921733
7892, 0.6831799737454938
7893, 0.6785910733498335
7894, 0.673957771986408
7895, 0.6694167112712841
7896, 0.665075234532096
7897, 0.6609679187380547
7898, 0.6571303886206573
7899, 0.6535714637215404
7900, 0.6502921833540941
7901, 0.6473126631572284
7902, 0.6446855638561348
7903, 0.6424580398508073
7904, 0.64068074356797
7905, 0.6393642402596661
7906, 0.6384036150788724
7907, 0.6375194985828951
7908, 0.6359250553834263
7909, 0.63215462879458
7910, 0.6260434947975941
7911, 0.6188373645813016
7912, 0.6114305135487896
7913, 0.6042816224978522
7914, 0.5976093839874814
7915, 0.5915161257780457
7916, 0.5860658337615146
7917, 0.5812939874503137
7918, 0.5772130830553609
7919, 0.5738260003735369
7920, 0.5711277685167134
7921, 0.5690992100850073
7922, 0.5677141341591937
7923, 0.5669391876552359
7924, 0.5667365628440444
7925, 0.5670675066909883
7926, 0.5678917510850268
7927, 0.5691686390795364
7928, 0.5708537024436825
7929, 0.5728988624238462
7930, 0.5752487564526061
7931, 0.5778372377437698
7932, 0.5805749528321256
7933, 0.5833661211243418
7934, 0.5860916252138156
7935, 0.5886275790631302
7936, 0.5908801910478277
7937, 0.5927957845574712
7938, 0.5943927063578501
7939, 0.5957355452444513
7940, 0.5968988678185594
7941, 0.5979495629076171
7942, 0.5989437770026604
7943, 0.5999169062221393
7944, 0.6008903318014526
7945, 0.6018832297963523
7946, 0.6028823666064799
7947, 0.6038693677597465
7948, 0.6048182305543812
7949, 0.6056970007160347
7950, 0.6065037416398268
7951, 0.6072680329899638
7952, 0.6080561277553685
7953, 0.608958223762004
7954, 0.610072546891362
7955, 0.6114744853063502
7956, 0.6132266352710182
7957, 0.6153736184634289
7958, 0.6179435163952415
7959, 0.6209524651065745
7960, 0.6244068090661236
7961, 0.6283015619253538
7962, 0.6326210133504621
7963, 0.6373507057799983
7964, 0.6424600853555926
7965, 0.6479176827313706
7966, 0.65368831261436
7967, 0.6597363652138883
7968, 0.6660226073048701
7969, 0.6725099726517271
7970, 0.679164163492179
7971, 0.6859514171346511
7972, 0.6928547112946231
7973, 0.6998522656068108
7974, 0.7069314282421084
7975, 0.7140844219920736
7976, 0.7213018527047336
7977, 0.7285441381275458
7978, 0.7355983187176186
7979, 0.7413499743510061
7980, 0.746099601824269
7981, 0.7507395503108246
7982, 0.755348788164906
7983, 0.7598947734860116
7984, 0.7643555590837307
7985, 0.7687514425165265
7986, 0.7731207988014842
7987, 0.7775189051948572
7988, 0.7820289474234735
7989, 0.7867479998142132
7990, 0.7917579610012649
7991, 0.7971012434408247
7992, 0.8027986433028464
7993, 0.8088464413238686
7994, 0.8152345421199978
7995, 0.8219334095811225
7996, 0.8289117297897348
7997, 0.8361262049603512
7998, 0.843529280009365
7999, 0.8510516144316168
8000, 0.8585575486092534
8001, 0.8658332022671508
8002, 0.8728653436499284
8003, 0.8797524403836106
8004, 0.8864823810779969
8005, 0.892995181077311
8006, 0.899215794322183
8007, 0.9050500994903633
8008, 0.9103740652612436
8009, 0.9149877436243844
8010, 0.9186988647221743
8011, 0.9215617074935407
8012, 0.9237906793507649
8013, 0.9255487005185734
8014, 0.9269278908839704
8015, 0.9279931112050033
8016, 0.9287907914464889
8017, 0.9293518731654599
8018, 0.9296999157922298
8019, 0.9298352170783591
8020, 0.929727325928559
8021, 0.9294224135063509
8022, 0.9289378515629005
8023, 0.9282433846123705
8024, 0.9273142592668947
8025, 0.926161649138294
8026, 0.9248148494307862
8027, 0.9233078658000616
8028, 0.9216845401914733
8029, 0.9199976947713514
8030, 0.9182913619536993
8031, 0.916617672236875
8032, 0.9150306678303587
8033, 0.9135821217317168
8034, 0.912332563335761
8035, 0.9113228199688196
8036, 0.9105902266440211
8037, 0.9101482978648033
8038, 0.9099259964403019
8039, 0.9092249281753141
8040, 0.9057538141106971
8041, 0.9012993297528711
8042, 0.8969600103830976
8043, 0.892718830653736
8044, 0.8879767878845436
8045, 0.8816949819550902
8046, 0.8744368438641562
8047, 0.8671048296421637
8048, 0.8600054633527545
8049, 0.8532353005101418
8050, 0.8468284337962106
8051, 0.8408046915061478
8052, 0.8351744155531842
8053, 0.8299318228932938
8054, 0.8250654129211331
8055, 0.8205533191858801
8056, 0.8163697013494152
8057, 0.8124874495765708
8058, 0.8088797081043232
8059, 0.8055182380200128
8060, 0.802372687133169
8061, 0.7993917308826111
8062, 0.7965023915569547
8063, 0.7936277752411455
8064, 0.7907344275314055
8065, 0.7878443602661904
8066, 0.7849945683365783
8067, 0.7822213558997159
8068, 0.7795470164047125
8069, 0.7769764446083018
8070, 0.7745048868680549
8071, 0.7721135510003939
8072, 0.7697808148956129
8073, 0.7674741568369005
8074, 0.7651538852846814
8075, 0.7627537458034166
8076, 0.7601706405867247
8077, 0.7572324815016367
8078, 0.7537022774501081
8079, 0.7494128446095082
8080, 0.744448905043257
8081, 0.7390617853999405
8082, 0.7335001543388298
8083, 0.7279572064023376
8084, 0.7225668980669016
8085, 0.7174047987155883
8086, 0.7125036830386853
8087, 0.7078394550704495
8088, 0.7033300806464124
8089, 0.6988737731294439
8090, 0.6943624361327766
8091, 0.6897302915354093
8092, 0.6849923191737666
8093, 0.6802396394674891
8094, 0.6756299557891516
8095, 0.6713457590612528
8096, 0.6675557331625959
8097, 0.6643978704703767
8098, 0.6619766126624163
8099, 0.660355137990007
8100, 0.659550545607894
8101, 0.6595243661706374
8102, 0.6601450003677516
8103, 0.6611629873797149
8104, 0.6621954604551342
8105, 0.6628641981983981
8106, 0.6630734081907824
8107, 0.6630991178357278
8108, 0.6633228353978788
8109, 0.6640303351753039
8110, 0.6653426692009891
8111, 0.6670285690869744
8112, 0.6655599011248706
8113, 0.6598674174068729
8114, 0.6542889765037102
8115, 0.6493145852268286
8116, 0.6449977349583392
8117, 0.6413365881024051
8118, 0.6382928831253615
8119, 0.6358121818000039
8120, 0.6338027405519576
8121, 0.6321347267836096
8122, 0.6306696972603116
8123, 0.6292882627323839
8124, 0.627946284247268
8125, 0.6266890581091065
8126, 0.625602732805427
8127, 0.624753240218348
8128, 0.6241465560072164
8129, 0.623705332495223
8130, 0.6232311608605691
8131, 0.6223936961233308
8132, 0.6208606073195665
8133, 0.6187507250293678
8134, 0.6165200166325819
8135, 0.6144859263722374
8136, 0.6127764116770668
8137, 0.6114118354136417
8138, 0.6103164917778192
8139, 0.609381379902571
8140, 0.6084386014855174
8141, 0.6072681288575639
8142, 0.6056804947303328
8143, 0.6035964563111099
8144, 0.6010884166198207
8145, 0.5983271198457041
8146, 0.5954867772113713
8147, 0.5926993008825197
8148, 0.590103311521758
8149, 0.5877994280287494
8150, 0.5858593234225242
8151, 0.5843505083868215
8152, 0.5832951957829252
8153, 0.5826831250887204
8154, 0.5824961412756644
8155, 0.5826848380663083
8156, 0.583194803494998
8157, 0.5839673893162638
8158, 0.5849485290525688
8159, 0.5861056175108551
8160, 0.5874170930298943
8161, 0.5888875175142941
8162, 0.5905476884896915
8163, 0.592441386602129
8164, 0.594646271903686
8165, 0.5972366561442093
8166, 0.6002724918753447
8167, 0.6037983128018612
8168, 0.6077535113138872
8169, 0.6117207891968462
8170, 0.6136010155308848
8171, 0.6140040032681173
8172, 0.6145759998762024
8173, 0.6155137411249818
8174, 0.6167925264377694
8175, 0.6183444766070593
8176, 0.6201194753946867
8177, 0.622044759164708
8178, 0.6240906762647809
8179, 0.6262388207869183
8180, 0.6284568268935499
8181, 0.630721113886669
8182, 0.6329739132769834
8183, 0.6351339936659532
8184, 0.637087394364578
8185, 0.6386877022728777
8186, 0.63977539943062
8187, 0.6402232976716955
8188, 0.6399981152494575
8189, 0.639155843114518
8190, 0.6378395990407709
8191, 0.6362217661531138
8192, 0.6344692794227044
8193, 0.6327375918754027
8194, 0.6311333590944194
8195, 0.6297358803900923
8196, 0.6285869061087945
8197, 0.6277045262219212
8198, 0.6270736703796634
8199, 0.6266469301841076
8200, 0.6263365349712766
8201, 0.6260076215244454
8202, 0.6255633119989938
8203, 0.6250155080554141
8204, 0.6244733863075288
8205, 0.6240536571142639
8206, 0.6238292897201015
8207, 0.6238394335073676
8208, 0.6241078668062539
8209, 0.624632970317156
8210, 0.6253877848746587
8211, 0.6263290881405277
8212, 0.6273573529269875
8213, 0.6283342200083321
8214, 0.629124492661506
8215, 0.6296886527505241
8216, 0.6301482599339642
8217, 0.6307009649708909
8218, 0.6315160123853172
8219, 0.6327153062328972
8220, 0.6343823464698147
8221, 0.6365606803949652
8222, 0.6392795705807012
8223, 0.6425434066933301
8224, 0.6463471886266212
8225, 0.6506809153181403
8226, 0.6555188308457396
8227, 0.6608348001605827
8228, 0.6666045144898008
8229, 0.6727894934986295
8230, 0.6793513715625318
8231, 0.6862550537778169
8232, 0.6934535747195547
8233, 0.7009003088720445
8234, 0.7085455100938898
8235, 0.7163273190534084
8236, 0.7241833355010016
8237, 0.7320386479925125
8238, 0.7397937372265498
8239, 0.7473250960746255
8240, 0.7544649705804021
8241, 0.7610279834443511
8242, 0.766872577802652
8243, 0.7719556595064041
8244, 0.7763516612975262
8245, 0.7801945690904218
8246, 0.7835690032400289
8247, 0.7863572494396747
8248, 0.7882268338115915
8249, 0.7894231230986993
8250, 0.7903553052829096
8251, 0.7911596888445647
8252, 0.7918561809008318
8253, 0.7924558343120216
8254, 0.7929584410128436
8255, 0.7933833704533144
8256, 0.7937780792680952
8257, 0.7941957128526255
8258, 0.7946929121668477
8259, 0.79533068764853
8260, 0.7961522625978545
8261, 0.7971959631517427
8262, 0.7984848453345447
8263, 0.8000202693646724
8264, 0.8017308028338026
8265, 0.8030759528427407
8266, 0.801840830377128
8267, 0.7994580335148253
8268, 0.7971136806008665
8269, 0.7949353619360396
8270, 0.7929530705881537
8271, 0.7911843837319358
8272, 0.7896353708055209
8273, 0.7882998992033939
8274, 0.787169633202983
8275, 0.7862135639204385
8276, 0.7854039260788993
8277, 0.7847082202793225
8278, 0.7840998574040393
8279, 0.7835730835673201
8280, 0.7831479392351647
8281, 0.782850337457054
8282, 0.7827083464328289
8283, 0.7827593940283856
8284, 0.7830221050475297
8285, 0.7835148935133109
8286, 0.7842571678482159
8287, 0.7852466937297525
8288, 0.7864863169764281
8289, 0.7879695469872375
8290, 0.7896744580425145
8291, 0.7915728071553323
8292, 0.793614696974262
8293, 0.7957313861084421
8294, 0.7978382993618609
8295, 0.7998400215920006
8296, 0.8015968822832117
8297, 0.8029596017619112
8298, 0.8037301124946539
8299, 0.8036101089482158
8300, 0.802170953211735
8301, 0.799078004042005
8302, 0.794586711965898
8303, 0.7893156579530114
8304, 0.7837645911683515
8305, 0.7782507360215422
8306, 0.7729741155279893
8307, 0.7680723773685721
8308, 0.7636366799943033
8309, 0.7597258395586503
8310, 0.7563709489454457
8311, 0.7535834016893903
8312, 0.7495687398390553
8313, 0.745380999906263
8314, 0.7417117649600873
8315, 0.7385417597187643
8316, 0.735850734197535
8317, 0.7336168764987083
8318, 0.7318214494860514
8319, 0.7304458017896407
8320, 0.7294765496011619
8321, 0.7288952289007887
8322, 0.7286860564543373
8323, 0.7288311867493517
8324, 0.7293048541403233
8325, 0.730068441106827
8326, 0.7310613668181866
8327, 0.7321908312009794
8328, 0.7333278401945471
8329, 0.7343147202787744
8330, 0.734976972539225
8331, 0.7351474719426921
8332, 0.7346890210226361
8333, 0.7335239597289418
8334, 0.7316463970389013
8335, 0.7291286248177504
8336, 0.7261235098778505
8337, 0.7228283956514813
8338, 0.7194459371876564
8339, 0.7161545555655447
8340, 0.713089623937481
8341, 0.7103402040950015
8342, 0.7079634244794154
8343, 0.7059573318215145
8344, 0.7042785601241351
8345, 0.7028478296039239
8346, 0.7015453897861975
8347, 0.7002354956227667
8348, 0.6987956911753783
8349, 0.6971344853653655
8350, 0.6952220753736044
8351, 0.6930875897766927
8352, 0.6907901741008228
8353, 0.6884211372747926
8354, 0.6860796114828255
8355, 0.6838458786654583
8356, 0.6818122464790951
8357, 0.6800197362881404
8358, 0.6784712898709785
8359, 0.6771400649959336
8360, 0.6759260766664265
8361, 0.6747326178365761
8362, 0.6734548186548096
8363, 0.6719973392274625
8364, 0.6703329479183029
8365, 0.6684740438871525
8366, 0.6664836457218768
8367, 0.6644520421213184
8368, 0.6624389942286801
8369, 0.6604838311654442
8370, 0.6585973986040456
8371, 0.6567713750545148
8372, 0.6550063086512543
8373, 0.6533190951250233
8374, 0.6517284964369647
8375, 0.6502427134232045
8376, 0.6488461114410208
8377, 0.6474653845607523
8378, 0.645990723095453
8379, 0.6443055510527922
8380, 0.6423181428192326
8381, 0.6400567737805585
8382, 0.6376428467111988
8383, 0.6352565551651433
8384, 0.6331053955011157
8385, 0.6313667647662993
8386, 0.6302073936900142
8387, 0.6297703087338584
8388, 0.6301653235967329
8389, 0.6314797623812396
8390, 0.6337669210612146
8391, 0.6370441363312825
8392, 0.6413040856891751
8393, 0.6465132748558373
8394, 0.6526096676082158
8395, 0.6595112695774823
8396, 0.6670857618011812
8397, 0.6750854548474288
8398, 0.6830650465436953
8399, 0.6903090851737482
8400, 0.691593154376631
8401, 0.6901091424222987
8402, 0.6879100916186349
8403, 0.6856302162223631
8404, 0.6835027298912815
8405, 0.6814973831875601
8406, 0.6795214867891198
8407, 0.6775231994485702
8408, 0.6755927498807843
8409, 0.6738572356441294
8410, 0.6724304660384379
8411, 0.6713812809264696
8412, 0.6707514253564221
8413, 0.6705631534105603
8414, 0.6708164902211285
8415, 0.6715030226636399
8416, 0.6726098231220266
8417, 0.674099952424641
8418, 0.6759596563210152
8419, 0.678153430967796
8420, 0.6806390677738211
8421, 0.6833309030592685
8422, 0.6860694369559772
8423, 0.6886795241736345
8424, 0.6910768596243341
8425, 0.6933244763152598
8426, 0.695515497819583
8427, 0.6977003802432084
8428, 0.6998802039505417
8429, 0.7020529740857653
8430, 0.7042095654712878
8431, 0.7063393354518636
8432, 0.7084316131680175
8433, 0.7104540647456797
8434, 0.7123692039143992
8435, 0.7140891636904716
8436, 0.7152229801969888
8437, 0.7155626251601245
8438, 0.7158103428531041
8439, 0.7163180331207639
8440, 0.7171798647973023
8441, 0.7183788342937356
8442, 0.7197839234450192
8443, 0.7212361143110799
8444, 0.7226058937442931
8445, 0.7239065599663846
8446, 0.7252475081116256
8447, 0.7266536188452466
8448, 0.7280862281933738
8449, 0.7294534446829044
8450, 0.7306181443146968
8451, 0.7314837806680776
8452, 0.732016087587976
8453, 0.732229151043885
8454, 0.7321822595939804
8455, 0.7319402188302797
8456, 0.7315473171232904
8457, 0.7310448067272269
8458, 0.7304553112034359
8459, 0.7297905658563207
8460, 0.7290595402839394
8461, 0.7282645664497774
8462, 0.727403896085349
8463, 0.7264730551203006
8464, 0.7254598902967173
8465, 0.7243471266084722
8466, 0.7231065096001635
8467, 0.7216798347389001
8468, 0.7199995004923565
8469, 0.7179562036096504
8470, 0.715435834498166
8471, 0.7124075087678835
8472, 0.7089360053926724
8473, 0.7051414405896805
8474, 0.7011392108892828
8475, 0.6970184375268895
8476, 0.6928556735081379
8477, 0.6887018933884442
8478, 0.6845995496939489
8479, 0.6806153729993389
8480, 0.6768518563387919
8481, 0.6734249421621998
8482, 0.6704352177613646
8483, 0.6679546725650136
8484, 0.6660297811112307
8485, 0.6646849455318107
8486, 0.6639268752134346
8487, 0.663748166747
8488, 0.6641248595352817
8489, 0.6650213432839882
8490, 0.666390241864112
8491, 0.6681727329724297
8492, 0.6703052569947754
8493, 0.6727307389334107
8494, 0.6753929121079124
8495, 0.6782504795997086
8496, 0.6812711114451074
8497, 0.684423107913504
8498, 0.6876870426475084
8499, 0.6910418214758591
8500, 0.6944648338813187
8501, 0.6979476835498121
8502, 0.7014762139105069
8503, 0.7050445088052888
8504, 0.7086538944662096
8505, 0.7123013265732002
8506, 0.7159981572845361
8507, 0.7197590116349322
8508, 0.7236075148662304
8509, 0.7275824450044446
8510, 0.7317157548601697
8511, 0.736045109089957
8512, 0.7405963713611149
8513, 0.7453657448390764
8514, 0.7503226991374813
8515, 0.7553641719053835
8516, 0.7602875655129694
8517, 0.7647851872408534
8518, 0.7685775431671852
8519, 0.7715728266256939
8520, 0.7731873200713112
8521, 0.7734925815393703
8522, 0.7736105747351473
8523, 0.7737868033146754
8524, 0.7740836229813087
8525, 0.7745338127404234
8526, 0.7751486745038477
8527, 0.775928777458963
8528, 0.7768692930024071
8529, 0.7779501796686378
8530, 0.7791581288998665
8531, 0.7804853126440039
8532, 0.7819273703569037
8533, 0.7834878881100956
8534, 0.7851747131011685
8535, 0.7869433093547387
8536, 0.7886132577973556
8537, 0.7898824890839317
8538, 0.7908711564687833
8539, 0.7919131808176413
8540, 0.7931579360726042
8541, 0.7946452167857142
8542, 0.7963741230344993
8543, 0.7983375140221293
8544, 0.8004882432960917
8545, 0.8027717163376341
8546, 0.8051290829277967
8547, 0.8074850205659088
8548, 0.8098208495657535
8549, 0.8121476225678481
8550, 0.8144918119366166
8551, 0.8169076405345516
8552, 0.8193684583255446
8553, 0.8217869880596735
8554, 0.8240230809288936
8555, 0.8258853111665235
8556, 0.8272857158552083
8557, 0.8282370281948097
8558, 0.8287997761820692
8559, 0.829018850043872
8560, 0.8288904278547905
8561, 0.8283499296647054
8562, 0.8273382577624967
8563, 0.825813122153511
8564, 0.823251457012309
8565, 0.8189113886928189
8566, 0.8141164045424476
8567, 0.8089489880916949
8568, 0.803477953908745
8569, 0.7977670483370306
8570, 0.7919190532892249
8571, 0.7860613898654336
8572, 0.7803251958544505
8573, 0.7748617835922592
8574, 0.7697892748895077
8575, 0.7651940570922188
8576, 0.7611106370871764
8577, 0.7575293108114434
8578, 0.7543903529499851
8579, 0.751626797347357
8580, 0.7492174266114385
8581, 0.7471770594322286
8582, 0.7455396542732681
8583, 0.7443384320915567
8584, 0.7435727207434335
8585, 0.743239911371555
8586, 0.7433158022246298
8587, 0.7437615468647533
8588, 0.7445347837459002
8589, 0.7454590712090928
8590, 0.7455588892616708
8591, 0.7428401976285829
8592, 0.7389257172767694
8593, 0.7353605507422565
8594, 0.7325151310781268
8595, 0.730458432765151
8596, 0.7291170604134388
8597, 0.7280279520405625
8598, 0.7253096147851807
8599, 0.7198838927997093
8600, 0.7137142487660505
8601, 0.7073331409667811
8602, 0.700602275150008
8603, 0.6935509165077706
8604, 0.6865524427918095
8605, 0.6800365341033232
8606, 0.6743014072798523
8607, 0.6695276965908907
8608, 0.6658093375253628
8609, 0.6631855262751242
8610, 0.6616487188830308
8611, 0.660910173154898
8612, 0.6596198619293744
8613, 0.6589659984565338
8614, 0.6592603829796844
8615, 0.6604785999827911
8616, 0.6625671110359769
8617, 0.6654587077544388
8618, 0.6690723606980354
8619, 0.6732075268817717
8620, 0.6774884589547244
8621, 0.6818314317611199
8622, 0.6865551453004413
8623, 0.6918354179215997
8624, 0.6976857450329894
8625, 0.7040671082727925
8626, 0.7109177836772455
8627, 0.7181329924110372
8628, 0.7255806195664399
8629, 0.733106307450323
8630, 0.7404918633790298
8631, 0.7474961029486747
8632, 0.7538704454966875
8633, 0.7593965958305194
8634, 0.763875624933735
8635, 0.7667790515198666
8636, 0.7672059718047209
8637, 0.7656459772167534
8638, 0.7629495652900852
8639, 0.7591759655851715
8640, 0.754135989890454
8641, 0.7480722713059231
8642, 0.7415523951936044
8643, 0.7349962721580197
8644, 0.7286656241962334
8645, 0.7227406590355918
8646, 0.7173358135627286
8647, 0.7125416848000434
8648, 0.7084122436421937
8649, 0.7049712663006256
8650, 0.7022262849937009
8651, 0.7001577557765165
8652, 0.6987211581008728
8653, 0.6978308186355308
8654, 0.6973281499677201
8655, 0.6969990355821912
8656, 0.6966163431591651
8657, 0.6960283313027629
8658, 0.6952266887824264
8659, 0.6943213605041562
8660, 0.6934502451559231
8661, 0.6926860834611142
8662, 0.6919454566406048
8663, 0.6907394365894156
8664, 0.688762864531262
8665, 0.6867659410827347
8666, 0.6851707929167129
8667, 0.6841125508513978
8668, 0.6836439014266129
8669, 0.6837613169705204
8670, 0.6844480909605103
8671, 0.6856562100213193
8672, 0.6873122337541551
8673, 0.6893561488841552
8674, 0.6917016569562361
8675, 0.6942683469717296
8676, 0.6969854977952298
8677, 0.6997585257219499
8678, 0.7025174175296054
8679, 0.7051920302821075
8680, 0.7077118155733517
8681, 0.7100488163877037
8682, 0.7121696721404005
8683, 0.7140613938783862
8684, 0.7157389230321997
8685, 0.717200653074768
8686, 0.7184696849916584
8687, 0.7195676231497842
8688, 0.7205074785821008
8689, 0.7213217163040392
8690, 0.7220270501896147
8691, 0.7226408734051166
8692, 0.7231666974514495
8693, 0.7234955162662329
8694, 0.7230507608277439
8695, 0.7216458552777617
8696, 0.7199601741552344
8697, 0.7181975142568359
8698, 0.7164210973256302
8699, 0.714687365417647
8700, 0.7130601688391508
8701, 0.7116110038451239
8702, 0.7104123540287396
8703, 0.7095332560274419
8704, 0.7090404814003218
8705, 0.7089778626586336
8706, 0.7093804814601326
8707, 0.710268877928145
8708, 0.7116342369727164
8709, 0.7134512796061527
8710, 0.7156758920543023
8711, 0.7182053137296661
8712, 0.7208726241764114
8713, 0.7234575512007005
8714, 0.7257510956065762
8715, 0.7276972795731415
8716, 0.7293568758832973
8717, 0.7307913225650691
8718, 0.732024079152495
8719, 0.7329948562007089
8720, 0.7335938486601059
8721, 0.7337176019984276
8722, 0.7332713862364264
8723, 0.7322247654587617
8724, 0.7306007984057987
8725, 0.7284577994717464
8726, 0.725911645246125
8727, 0.7231052805103595
8728, 0.7201649079439321
8729, 0.717199387969828
8730, 0.7142902843954136
8731, 0.7114985324220953
8732, 0.7088549176497684
8733, 0.7063614581751559
8734, 0.703975021627236
8735, 0.7015974213871686
8736, 0.6991206047437588
8737, 0.6965026222647138
8738, 0.6938416273383348
8739, 0.6913023229722143
8740, 0.6890344877490694
8741, 0.6871429589049769
8742, 0.6856900002974496
8743, 0.68470706880859
8744, 0.684201666197057
8745, 0.6841586243459206
8746, 0.6845453522396819
8747, 0.6853197383598681
8748, 0.6864265704001568
8749, 0.6878156267061812
8750, 0.6894414796259737
8751, 0.691266207355896
8752, 0.693273523206946
8753, 0.6954483482381564
8754, 0.6977889066823656
8755, 0.7002889919651645
8756, 0.7029290138872211
8757, 0.7056748824310183
8758, 0.7084534537795997
8759, 0.7111567408496655
8760, 0.71363481656998
8761, 0.7157268069534302
8762, 0.7173389428062562
8763, 0.7185231937068064
8764, 0.7194940268597223
8765, 0.7205048144480425
8766, 0.7217622856169635
8767, 0.7233948625857596
8768, 0.7254264329278018
8769, 0.7278007713577583
8770, 0.7303172553508271
8771, 0.7320746909322206
8772, 0.7301999811779778
8773, 0.7265674085151826
8774, 0.722691397142591
8775, 0.718792895657391
8776, 0.7149536071240171
8777, 0.7112255806470054
8778, 0.7077033088495371
8779, 0.7044750075422529
8780, 0.7016307450729069
8781, 0.6992685194222094
8782, 0.6974527481791275
8783, 0.6962300969767344
8784, 0.6956377282724336
8785, 0.6956826376281074
8786, 0.6963772420369911
8787, 0.6977191126218188
8788, 0.6996843105046483
8789, 0.7022398113774622
8790, 0.7052841616066484
8791, 0.7086184778364837
8792, 0.7118362046552323
8793, 0.714711314650703
8794, 0.7176190214683039
8795, 0.720823428700354
8796, 0.7244130775394994
8797, 0.7284328175208793
8798, 0.7328626481595099
8799, 0.7376740933705371
8800, 0.7428285126021549
8801, 0.748247751517974
8802, 0.7538665791028296
8803, 0.7595628868141514
8804, 0.7651695152574227
8805, 0.7704480903101598
8806, 0.7750492323621919
8807, 0.7785359066238484
8808, 0.7804105262550773
8809, 0.7803093885951008
8810, 0.7782060731485794
8811, 0.7743532080080474
8812, 0.7690113186611833
8813, 0.7624433924308128
8814, 0.7549813537241848
8815, 0.7469876152989514
8816, 0.7387952505494715
8817, 0.7306692400287066
8818, 0.722792358994777
8819, 0.7153304000750863
8820, 0.7084229974540323
8821, 0.7021697671031487
8822, 0.6966693725263591
8823, 0.691985080731931
8824, 0.6881711339739186
8825, 0.685283722766773
8826, 0.6833674917161623
8827, 0.6824613119516614
8828, 0.6825871974692379
8829, 0.683746001516359
8830, 0.6859126413233405
8831, 0.6890465868487449
8832, 0.6930545792730596
8833, 0.6978404908595153
8834, 0.703275068002341
8835, 0.7091915388340797
8836, 0.7154226837510499
8837, 0.721739974997656
8838, 0.7278996901089975
8839, 0.7336491626562092
8840, 0.7387807511154543
8841, 0.743212078834534
8842, 0.7469558634291661
8843, 0.7500770034408726
8844, 0.7526450919629198
8845, 0.7547281567948432
8846, 0.7564058812641768
8847, 0.7577645256882823
8848, 0.7589179879403032
8849, 0.7599620347563646
8850, 0.7608623647285538
8851, 0.7612303131775996
8852, 0.760006536647241
8853, 0.7570175584416984
8854, 0.7535060463575822
8855, 0.7501814888751228
8856, 0.7472960115274334
8857, 0.7449334728353142
8858, 0.7430870341119905
8859, 0.7417215221102602
8860, 0.740753771170308
8861, 0.7400541807841543
8862, 0.7393833043993581
8863, 0.7382610396999457
8864, 0.7365095570982928
8865, 0.7343707983359521
8866, 0.7317121127885172
8867, 0.7280939065913445
8868, 0.7233333662940592
8869, 0.7177960018662014
8870, 0.7119648118169021
8871, 0.7061949750099635
8872, 0.700710593952637
8873, 0.6956264084759622
8874, 0.6909939262353844
8875, 0.6868395939923805
8876, 0.6831513404647318
8877, 0.6799089505877792
8878, 0.6770774904682748
8879, 0.6746120025909413
8880, 0.6724860904179318
8881, 0.6706812494622707
8882, 0.6692072270972415
8883, 0.6680959325583937
8884, 0.6673868389921974
8885, 0.6671139948688498
8886, 0.6673029310144115
8887, 0.6679699379170069
8888, 0.6691164276546231
8889, 0.6707482827663752
8890, 0.67285944236067
8891, 0.6748209303749647
8892, 0.673471973524775
8893, 0.6725181143787823
8894, 0.6720984885631008
8895, 0.6722095961275993
8896, 0.6728224000727617
8897, 0.6738986181208481
8898, 0.6753927920457427
8899, 0.6772526574188129
8900, 0.6794302521498182
8901, 0.6818691204773916
8902, 0.684504169802847
8903, 0.6872751204340757
8904, 0.6901042507498104
8905, 0.6929190514268081
8906, 0.6956484738597789
8907, 0.6982060430348122
8908, 0.7005089817399446
8909, 0.7024427415846553
8910, 0.7038597605513128
8911, 0.7046045331352954
8912, 0.7045409808704914
8913, 0.7036508153328389
8914, 0.7020474540031361
8915, 0.6999180338090037
8916, 0.6974659243956
8917, 0.6948650013147604
8918, 0.6922492130117005
8919, 0.6897234601398461
8920, 0.6873542787596483
8921, 0.6851930505608851
8922, 0.6832760702899812
8923, 0.6816214926797101
8924, 0.6802478037244867
8925, 0.6791587351104994
8926, 0.6783516893290387
8927, 0.6778257890365735
8928, 0.6775684567559741
8929, 0.6775751491719363
8930, 0.6778440254356293
8931, 0.6783741398199477
8932, 0.6791756769566046
8933, 0.6802558639221966
8934, 0.6816224543812526
8935, 0.6832790987772416
8936, 0.6852110729252062
8937, 0.6873813526058672
8938, 0.689695021549385
8939, 0.6919297616781634
8940, 0.6936542053487312
8941, 0.6946153279921029
8942, 0.6951117827231578
8943, 0.6954326467650653
8944, 0.6957087740519884
8945, 0.6960102597725571
8946, 0.6963988337774394
8947, 0.6969451395540444
8948, 0.6977105938333648
8949, 0.6987557810402624
8950, 0.7001289557432269
8951, 0.701853806643352
8952, 0.7039407192596635
8953, 0.7063631584072352
8954, 0.7090607858877843
8955, 0.7112740645754202
8956, 0.7119947908913886
8957, 0.711567931454587
8958, 0.7104199457860908
8959, 0.7094510782262987
8960, 0.7086466271616777
8961, 0.7079665862888695
8962, 0.7073670229338896
8963, 0.7068004157057047
8964, 0.7062299739348181
8965, 0.705636050601646
8966, 0.7050170832936055
8967, 0.7044113338629546
8968, 0.7038708830273026
8969, 0.7034570889712345
8970, 0.7032331902014979
8971, 0.703236189315922
8972, 0.7034864632864029
8973, 0.7039779540360271
8974, 0.70467017273357
8975, 0.7055099257365591
8976, 0.7064159864409537
8977, 0.7072906274242877
8978, 0.7080287796129614
8979, 0.708475382132
8980, 0.7083359654450144
8981, 0.7070987385350823
8982, 0.7048351114639446
8983, 0.7020395695893239
8984, 0.6989410131124225
8985, 0.6956270504940544
8986, 0.6921305799466824
8987, 0.6884715026365663
8988, 0.6846552266711856
8989, 0.6806899686135343
8990, 0.6765983032503741
8991, 0.672413261273384
8992, 0.6681762673872452
8993, 0.6639188061436754
8994, 0.6596877797953161
8995, 0.6555250304472685
8996, 0.6514966678840145
8997, 0.647708399892594
8998, 0.6442927119665002
8999, 0.6413923553482855
9000, 0.6391487795339864
9001, 0.6376742819017824
9002, 0.6370543914946983
9003, 0.6373376639883258
9004, 0.638542690859114
9005, 0.6406507992313875
9006, 0.6436246839560814
9007, 0.6474189253013946
9008, 0.6519724962361026
9009, 0.6572248312709149
9010, 0.6631101328588861
9011, 0.669555398443212
9012, 0.6764696657006252
9013, 0.6837819429765154
9014, 0.6914174179292355
9015, 0.6992905112131194
9016, 0.7072924034427375
9017, 0.7152531619751737
9018, 0.7229592470814239
9019, 0.7301020349237491
9020, 0.7361814530799393
9021, 0.7400926140993063
9022, 0.7405099056256648
9023, 0.7372834084478511
9024, 0.7328986083001371
9025, 0.728093143883315
9026, 0.72303695297634
9027, 0.7177873628681883
9028, 0.7123811447552605
9029, 0.7068761133359976
9030, 0.7013409350802444
9031, 0.6958571251502015
9032, 0.6904647055118505
9033, 0.6851336370574497
9034, 0.679924286531144
9035, 0.6751532040388781
9036, 0.6711665622925707
9037, 0.6681699119274214
9038, 0.666272129633614
9039, 0.6655136557747043
9040, 0.665864760334214
9041, 0.667226556470798
9042, 0.669417058346067
9043, 0.6721459860344206
9044, 0.6746820848876603
9045, 0.67648088307538
9046, 0.6783371787662278
9047, 0.6806019150268633
9048, 0.6833788150595254
9049, 0.6867120923672188
9050, 0.6905889903575582
9051, 0.6949733033832051
9052, 0.6994459921310139
9053, 0.7020068355496392
9054, 0.7048437215140637
9055, 0.7078763436602363
9056, 0.7109547784963696
9057, 0.7139018211341296
9058, 0.7165348650523251
9059, 0.7187331097268571
9060, 0.720403302369532
9061, 0.7213541331526927
9062, 0.7207809144717766
9063, 0.7177369359814215
9064, 0.7130198381033952
9065, 0.7075145152918167
9066, 0.7015059768122484
9067, 0.6951855062370254
9068, 0.6887869452224723
9069, 0.6825410077351094
9070, 0.676593095055181
9071, 0.6710284417921155
9072, 0.6658993213796152
9073, 0.6612064188325388
9074, 0.6569485929243737
9075, 0.6531245819605
9076, 0.649734787521071
9077, 0.6468095251074564
9078, 0.6443804610589585
9079, 0.6424733049390253
9080, 0.6411249539999141
9081, 0.6403379417092497
9082, 0.6400981606371529
9083, 0.6403714705628076
9084, 0.6411146488367023
9085, 0.6422698340863316
9086, 0.6437616581464148
9087, 0.6455293800944366
9088, 0.6474925814308246
9089, 0.6495706660651362
9090, 0.6516798594758795
9091, 0.6537053871688656
9092, 0.6555251121805179
9093, 0.6570053224309713
9094, 0.6580408612713852
9095, 0.6586089668018841
9096, 0.6587699385660076
9097, 0.6586454588843356
9098, 0.6583678531069539
9099, 0.6580575006610957
9100, 0.6578152078883005
9101, 0.6577214714514071
9102, 0.6578470622970831
9103, 0.6582443462073342
9104, 0.658952409873723
9105, 0.6599916414942265
9106, 0.6613643918090245
9107, 0.663051354321948
9108, 0.665011818071996
9109, 0.6671967308350134
9110, 0.6695588689532492
9111, 0.6720650604137332
9112, 0.6747123833343124
9113, 0.6775195392926391
9114, 0.6805217386980748
9115, 0.6837502951197513
9116, 0.6872210538194102
9117, 0.6909301162407612
9118, 0.694845056052441
9119, 0.6988912292187883
9120, 0.7029250838404468
9121, 0.7066973864885557
9122, 0.7099665094472474
9123, 0.7127425889539715
9124, 0.7151677892239796
9125, 0.7173277066518708
9126, 0.7192710770036129
9127, 0.7210440618358319
9128, 0.7226848244592575
9129, 0.724208570323158
9130, 0.7256014447188088
9131, 0.7268165367132273
9132, 0.7277742222843131
9133, 0.7283769894669143
9134, 0.7285315551865145
9135, 0.7281864779433174
9136, 0.7273624939918786
9137, 0.7261416306911374
9138, 0.7246350677723884
9139, 0.7229478176900902
9140, 0.7211751449031908
9141, 0.7193982681258413
9142, 0.7176951863790544
9143, 0.716125600867998
9144, 0.7147443324364049
9145, 0.7135934312784853
9146, 0.7126968403243644
9147, 0.7120734241105325
9148, 0.7117303504051424
9149, 0.7116681223526092
9150, 0.711881664998838
9151, 0.7123579897844562
9152, 0.7130776945518249
9153, 0.7140185583501614
9154, 0.7151581152463116
9155, 0.7164733205003423
9156, 0.717944702023521
9157, 0.7195372701636834
9158, 0.7211917902953812
9159, 0.7227885382633081
9160, 0.7241362178582961
9161, 0.7251343083789688
9162, 0.7259015481166146
9163, 0.7266454358538846
9164, 0.7275094443352893
9165, 0.728519292163054
9166, 0.7296325486995208
9167, 0.7307514506086078
9168, 0.7317421990531717
9169, 0.7325212478407598
9170, 0.733059241132113
9171, 0.7333808237085341
9172, 0.7335316194387554
9173, 0.7335409410105705
9174, 0.733419544937728
9175, 0.7331553192954805
9176, 0.7327400650203485
9177, 0.732214087890776
9178, 0.7316536752171008
9179, 0.731124814242869
9180, 0.7306523201493988
9181, 0.7302415261613452
9182, 0.7298841296209805
9183, 0.7295492987760565
9184, 0.7292108453117986
9185, 0.7288055057962833
9186, 0.7282199230611796
9187, 0.7272390391825362
9188, 0.725474494983493
9189, 0.7225140960078773
9190, 0.7184286708862221
9191, 0.7137127185554135
9192, 0.7087822316313428
9193, 0.7038728062125479
9194, 0.6991181937365701
9195, 0.694576446228168
9196, 0.6902867812280105
9197, 0.6862572097058568
9198, 0.6824715693393546
9199, 0.6789158591553177
9200, 0.6755518587023155
9201, 0.6723500645410244
9202, 0.6692869051868647
9203, 0.6663544798436466
9204, 0.6635685995073208
9205, 0.6609409934171783
9206, 0.6584846668660267
9207, 0.6561932269172251
9208, 0.6540424573372497
9209, 0.652015650454144
9210, 0.6500978265625169
9211, 0.6482891932812307
9212, 0.6465891972241659
9213, 0.6449627589175592
9214, 0.6433275519288134
9215, 0.6415570036677786
9216, 0.6395128952304744
9217, 0.6371306696598676
9218, 0.6344590614146004
9219, 0.6316678427474884
9220, 0.6289839316294279
9221, 0.6266270921753475
9222, 0.6247822721696551
9223, 0.623594980977791
9224, 0.6231753463968326
9225, 0.623590909865565
9226, 0.624895561496046
9227, 0.6271154048950657
9228, 0.63026378747265
9229, 0.6343296476479321
9230, 0.6392576768404786
9231, 0.6449832603165392
9232, 0.6514060976793454
9233, 0.658418036951674
9234, 0.665911192756294
9235, 0.6737886989662065
9236, 0.6819378383915746
9237, 0.6902437952056895
9238, 0.6985823242681316
9239, 0.7068056205917631
9240, 0.7147435996518213
9241, 0.7221181361310811
9242, 0.728245147128854
9243, 0.7319782748393242
9244, 0.7333998685342177
9245, 0.7333719824826059
9246, 0.7322073652471919
9247, 0.7299243505266108
9248, 0.7265034945307594
9249, 0.7219442011121746
9250, 0.7162044109495814
9251, 0.7091512018746864
9252, 0.7005863663081986
9253, 0.6905400864922854
9254, 0.6794492593165903
9255, 0.6678902324877681
9256, 0.6563497163199344
9257, 0.6451686218982066
9258, 0.6345931082753291
9259, 0.6248029747570298
9260, 0.6159530519723142
9261, 0.6081589294110974
9262, 0.601507211851515
9263, 0.5960615907129337
9264, 0.5918528290902569
9265, 0.5888904010035986
9266, 0.5871498294509744
9267, 0.5865585530030083
9268, 0.5869902737226188
9269, 0.5882459371027674
9270, 0.5900638336451125
9271, 0.5922157940721398
9272, 0.5946254177724924
9273, 0.5974010956100333
9274, 0.6007240069982902
9275, 0.604694214146422
9276, 0.6093151780298721
9277, 0.6144343217903991
9278, 0.6196675754695592
9279, 0.6243733967658057
9280, 0.6279452903704379
9281, 0.6304120981785856
9282, 0.6320683929026446
9283, 0.6330508376349682
9284, 0.6335260785034302
9285, 0.6338011645855006
9286, 0.6341896531086507
9287, 0.6349234366245754
9288, 0.6361437165193354
9289, 0.6379321917698486
9290, 0.6403348361529653
9291, 0.6433697160630609
9292, 0.6470459008788679
9293, 0.6513577624654661
9294, 0.6562823495013846
9295, 0.661756745529313
9296, 0.6676764241632898
9297, 0.6738779473334796
9298, 0.680160361409077
9299, 0.6863442007429739
9300, 0.6922808926391381
9301, 0.697760408678441
9302, 0.7025396207534274
9303, 0.7067327689512063
9304, 0.71069399919209
9305, 0.7146523836005276
9306, 0.7187248803779196
9307, 0.7229858970987406
9308, 0.7274492287372337
9309, 0.7320905067497783
9310, 0.736853636524686
9311, 0.7416354131170186
9312, 0.7463372701838614
9313, 0.7508687207891189
9314, 0.7551605911344875
9315, 0.7591735112505116
9316, 0.7628708920827261
9317, 0.7661673644200869
9318, 0.7689407813821295
9319, 0.7710407506833253
9320, 0.7724103055748557
9321, 0.7731096597952317
9322, 0.7732839116047031
9323, 0.7731226239276341
9324, 0.7727380896429784
9325, 0.7721740315373055
9326, 0.7714568311754775
9327, 0.7706335771990114
9328, 0.7698469738187322
9329, 0.7692463503101475
9330, 0.7688558976461927
9331, 0.767947959234737
9332, 0.7661476710851561
9333, 0.7646669135286401
9334, 0.7637080862159279
9335, 0.7632592949352655
9336, 0.7632818881045839
9337, 0.7637427653789818
9338, 0.7645850715539709
9339, 0.7657560640158035
9340, 0.7671906045843637
9341, 0.7687803845421051
9342, 0.7703230701347988
9343, 0.7711954144034548
9344, 0.7709411708023514
9345, 0.770288491145124
9346, 0.769739384442322
9347, 0.7694566476772846
9348, 0.7694870483326516
9349, 0.7698597409925023
9350, 0.770565770420462
9351, 0.7715426194750683
9352, 0.7726112524419857
9353, 0.7735792221142157
9354, 0.774566607024296
9355, 0.7758223685648491
9356, 0.7774805720439955
9357, 0.7795932964191953
9358, 0.7821816647084362
9359, 0.7852379047586706
9360, 0.7887467710199548
9361, 0.7926638659678545
9362, 0.7959217394926212
9363, 0.7982871325606239
9364, 0.8009449158982257
9365, 0.8038402277701316
9366, 0.8059735479982002
9367, 0.8070607597572989
9368, 0.8072896874852092
9369, 0.8070993856690628
9370, 0.8069879781096758
9371, 0.8070181925615146
9372, 0.8071855474771656
9373, 0.807442936228377
9374, 0.8076839798439122
9375, 0.8074387651446172
9376, 0.8059356905457017
9377, 0.8037526839145456
9378, 0.8012543913180019
9379, 0.7984400950556623
9380, 0.7952589602707022
9381, 0.7916782067612406
9382, 0.787717710394933
9383, 0.7834451626762536
9384, 0.7789188839961209
9385, 0.7741557540946469
9386, 0.7692142788501236
9387, 0.7643018265601464
9388, 0.7596553200495081
9389, 0.7554142905658472
9390, 0.7515809795135504
9391, 0.7477773319129509
9392, 0.743519217982553
9393, 0.7393697941535219
9394, 0.7356688122619849
9395, 0.7324861120079912
9396, 0.7298428069378908
9397, 0.7277350119239958
9398, 0.72614455153948
9399, 0.7249573996878662
9400, 0.7235020270329923
9401, 0.7208038127021092
9402, 0.7178171918246168
9403, 0.7151067942781951
9404, 0.7127854985912825
9405, 0.7108740827783314
9406, 0.7093638802105652
9407, 0.7082306587580203
9408, 0.707435072264881
9409, 0.7069246959876786
9410, 0.7066236891243768
9411, 0.7064554500364818
9412, 0.7063247360446523
9413, 0.7061289238842314
9414, 0.7057860622492789
9415, 0.7052249676711088
9416, 0.7043788705290285
9417, 0.7031608076827647
9418, 0.7014171237085414
9419, 0.6989781453110563
9420, 0.6957745023008678
9421, 0.6919093575764604
9422, 0.687572080747851
9423, 0.682938816994947
9424, 0.6781498881356157
9425, 0.6733126464194862
9426, 0.6685218114283419
9427, 0.6638454636308947
9428, 0.6593148380980586
9429, 0.6549005362049943
9430, 0.650489794306987
9431, 0.6459485537957833
9432, 0.6412804824321062
9433, 0.6366867091980352
9434, 0.6323802439923792
9435, 0.6284832345639257
9436, 0.6250427740946078
9437, 0.6220396504818287
9438, 0.6194169596920711
9439, 0.6171013737717166
9440, 0.6150196181627761
9441, 0.613124467622851
9442, 0.611397276057842
9443, 0.6098643805756163
9444, 0.6085666098045065
9445, 0.6075350228904364
9446, 0.6067857592370997
9447, 0.6062953686291638
9448, 0.6060195926190929
9449, 0.6059186492641591
9450, 0.6059655851698924
9451, 0.6061706304747921
9452, 0.6065570641331303
9453, 0.6071549629415762
9454, 0.6079741055466545
9455, 0.609076714109808
9456, 0.6105709772918267
9457, 0.6125775622675462
9458, 0.615181982955233
9459, 0.6183842476537817
9460, 0.6220914708523777
9461, 0.6261158071786935
9462, 0.6302456782424514
9463, 0.6344048941802942
9464, 0.6386367944494472
9465, 0.6429808730378506
9466, 0.6474328389119866
9467, 0.6519963513160784
9468, 0.6566737539684532
9469, 0.6614722213118763
9470, 0.6664303203311583
9471, 0.67159302921737
9472, 0.6769777396357969
9473, 0.6822524703023055
9474, 0.684939374040951
9475, 0.6851433122900015
9476, 0.685581390352305
9477, 0.6867911736663658
9478, 0.6888254020240593
9479, 0.6915895030286733
9480, 0.6948459526856232
9481, 0.6981133375646541
9482, 0.7004986734096803
9483, 0.7006926712153008
9484, 0.6980802589940052
9485, 0.6936311110657464
9486, 0.6886081833492775
9487, 0.6837979992802996
9488, 0.6796090139770299
9489, 0.6762411595927809
9490, 0.6737817160523379
9491, 0.6722444681430837
9492, 0.6716015907928313
9493, 0.6717795341979672
9494, 0.6726682965211493
9495, 0.6741312069842206
9496, 0.6760056637796029
9497, 0.6781202460464033
9498, 0.6803210292888303
9499, 0.6824935743523102
9500, 0.6845268965361124
9501, 0.6863172358578966
9502, 0.6877606253304518
9503, 0.6887498410039266
9504, 0.6891764932482877
9505, 0.6889197641013642
9506, 0.687882398923381
9507, 0.6860729689772843
9508, 0.6836354738237661
9509, 0.6808197435865485
9510, 0.6778672023756118
9511, 0.6749435020526146
9512, 0.6721499678166842
9513, 0.6695208442179088
9514, 0.6670298691231211
9515, 0.6646699291088655
9516, 0.662435038162732
9517, 0.6603773381115444
9518, 0.6586073769155218
9519, 0.657254796493751
9520, 0.6564597947048388
9521, 0.6563323035290253
9522, 0.6569358299697492
9523, 0.658221445829163
9524, 0.6595748476166476
9525, 0.6586197996926919
9526, 0.6563443913571234
9527, 0.6545217137373796
9528, 0.6534469686493789
9529, 0.6531551458424857
9530, 0.6536381593238513
9531, 0.6548542004416114
9532, 0.6567561677293747
9533, 0.6592962590756796
9534, 0.662418051092842
9535, 0.666087885055858
9536, 0.6702595974612072
9537, 0.6749042662416499
9538, 0.6799743506080815
9539, 0.6854012396357319
9540, 0.6911005962998419
9541, 0.696899271287266
9542, 0.7024128816169849
9543, 0.706827940186837
9544, 0.7097937654381884
9545, 0.7119132738403934
9546, 0.7134661196669345
9547, 0.7144669004686165
9548, 0.7149377650054373
9549, 0.7149783069905546
9550, 0.7146971446660493
9551, 0.7141583529410842
9552, 0.7133906268479243
9553, 0.7124128503813617
9554, 0.7112637804540709
9555, 0.7100208078486369
9556, 0.7087791044000286
9557, 0.7076395703952061
9558, 0.7066804777561411
9559, 0.7059628888033475
9560, 0.7055293804294592
9561, 0.7054027654551331
9562, 0.7055960179124163
9563, 0.7061191286645991
9564, 0.7069668498086807
9565, 0.7081282677884113
9566, 0.70957956254123
9567, 0.711285374048679
9568, 0.7132150650567926
9569, 0.7153372908052633
9570, 0.7176314661929067
9571, 0.7200790699664426
9572, 0.7226655290018701
9573, 0.7253858540654703
9574, 0.7282316450789056
9575, 0.7312033990985585
9576, 0.7343013815828533
9577, 0.7375350355775888
9578, 0.7409157617275068
9579, 0.7444500473918509
9580, 0.7481396086041038
9581, 0.7519837742039042
9582, 0.7559690875224806
9583, 0.7600681481345777
9584, 0.7642289739756178
9585, 0.7683019386321658
9586, 0.7715506391815424
9587, 0.7722279174126043
9588, 0.7715042830346168
9589, 0.7705481609242376
9590, 0.7696326664819323
9591, 0.7688834618397113
9592, 0.7683691116509637
9593, 0.7681154966337985
9594, 0.7681330042827841
9595, 0.7684436919083276
9596, 0.7690466342077016
9597, 0.7698626608206511
9598, 0.7706731370482877
9599, 0.7710254498728147
9600, 0.7704769130294665
9601, 0.7690633617860914
9602, 0.7668557202754565
9603, 0.7633871133611436
9604, 0.7582018420082938
9605, 0.7525999122421422
9606, 0.746932697774392
9607, 0.7412806959982512
9608, 0.7356609908416172
9609, 0.7300778603321905
9610, 0.7245615313813575
9611, 0.7191939459252178
9612, 0.7140848277926513
9613, 0.7093374361274607
9614, 0.7050349827552098
9615, 0.701241408090175
9616, 0.6979976453007914
9617, 0.6953173010998351
9618, 0.6931854799787084
9619, 0.6915613456382904
9620, 0.6903717123638592
9621, 0.6895248577312378
9622, 0.6889084531740963
9623, 0.6883760888829729
9624, 0.6877618526651751
9625, 0.6868910369417586
9626, 0.6856248394629009
9627, 0.6838989426729825
9628, 0.6816985903888149
9629, 0.6790799830249086
9630, 0.6761550303622159
9631, 0.6730941342754266
9632, 0.6700602089684874
9633, 0.6671898130521629
9634, 0.6646141935484207
9635, 0.6624212944814631
9636, 0.6606903453392577
9637, 0.6594642552048685
9638, 0.658733185160152
9639, 0.6584378212243642
9640, 0.658455962467272
9641, 0.6586291785526209
9642, 0.6587666683598388
9643, 0.6587235179257843
9644, 0.6584406364358413
9645, 0.657958201115731
9646, 0.6573757378307263
9647, 0.6568142620979429
9648, 0.6563837344062935
9649, 0.6561316518129815
9650, 0.6560683499678195
9651, 0.6561673116772277
9652, 0.6563757195969447
9653, 0.6566634118851363
9654, 0.6570040122329998
9655, 0.6574175094085325
9656, 0.6579258355377168
9657, 0.6585734636050639
9658, 0.6594113941781797
9659, 0.6604745472015549
9660, 0.6618003053539122
9661, 0.6633969536543955
9662, 0.6652642804897403
9663, 0.6672668278838796
9664, 0.6674136592310067
9665, 0.6612215857528595
9666, 0.654236930748831
9667, 0.6476503584764881
9668, 0.6416940388797197
9669, 0.6365123127944613
9670, 0.6321983829700546
9671, 0.6288200832140878
9672, 0.6264256852761261
9673, 0.625041063924642
9674, 0.6246762481865146
9675, 0.6253244932598435
9676, 0.6269583821895685
9677, 0.6295226543643115
9678, 0.6329528056546504
9679, 0.6371727854680574
9680, 0.642111875622895
9681, 0.6476781398868348
9682, 0.653779433453762
9683, 0.6602852732723803
9684, 0.6670245684497257
9685, 0.6737991063336705
9686, 0.6803694456943671
9687, 0.6865421167658192
9688, 0.6922187724748002
9689, 0.6974299101694509
9690, 0.7022479767413629
9691, 0.7066677126701377
9692, 0.7106122053015353
9693, 0.7138696676850731
9694, 0.7159486834932742
9695, 0.7160269561061191
9696, 0.7136030086480393
9697, 0.7094215109006848
9698, 0.7045659538549757
9699, 0.699739222503437
9700, 0.6953506731937962
9701, 0.691685583744824
9702, 0.6889257745759497
9703, 0.6871732466290096
9704, 0.6864721346596692
9705, 0.6868131446735393
9706, 0.6881457153265816
9707, 0.6903873491990931
9708, 0.6934101894813206
9709, 0.696971118877252
9710, 0.7006254987126946
9711, 0.7041542176217372
9712, 0.7077900903701861
9713, 0.7116578710148032
9714, 0.7157241804912143
9715, 0.7198658180537147
9716, 0.7239365775952349
9717, 0.7277567328555093
9718, 0.731110762015374
9719, 0.7338129120050222
9720, 0.7357060449599065
9721, 0.7367263655398285
9722, 0.7369023490911956
9723, 0.7363431465955257
9724, 0.7351950473278437
9725, 0.7335893275284642
9726, 0.7316412080365808
9727, 0.7294388902276642
9728, 0.7270459344376754
9729, 0.7245644484974579
9730, 0.7220892125147118
9731, 0.7197582293743703
9732, 0.7177314288519983
9733, 0.716156583124969
9734, 0.7151442573452582
9735, 0.7147537469233581
9736, 0.7149716847920238
9737, 0.7157344001703321
9738, 0.7169835462767872
9739, 0.71869105217614
9740, 0.7208436778176541
9741, 0.7234543254703258
9742, 0.7266351356741579
9743, 0.7305291691990111
9744, 0.7352183167411156
9745, 0.7407160028959545
9746, 0.74698874161183
9747, 0.7539616990415609
9748, 0.7615527910031568
9749, 0.7696541169956572
9750, 0.7781246444723097
9751, 0.7868107760557614
9752, 0.7955260048350902
9753, 0.8040895115716893
9754, 0.8123367971310106
9755, 0.8201682578365865
9756, 0.8275071839988218
9757, 0.8342701776154624
9758, 0.8404102019566034
9759, 0.8459171668648915
9760, 0.8507739249770975
9761, 0.8549369376281023
9762, 0.8582996512566924
9763, 0.8607526110995101
9764, 0.862229558302439
9765, 0.8627649477550243
9766, 0.8625112464778133
9767, 0.861713881805504
9768, 0.8606364103679703
9769, 0.8594834368719175
9770, 0.8584243473708665
9771, 0.8575642648741922
9772, 0.8569646171400854
9773, 0.8566018180063483
9774, 0.8561627121063506
9775, 0.8551087694223908
9776, 0.8538335895659361
9777, 0.8525989330610162
9778, 0.8513252580520883
9779, 0.8497574999928643
9780, 0.8477097484346002
9781, 0.8453608017757239
9782, 0.8429587326902936
9783, 0.8406316117230145
9784, 0.8384401604134686
9785, 0.8364092851674971
9786, 0.8345344564886825
9787, 0.8327816497626032
9788, 0.8311105822132762
9789, 0.8294606811085915
9790, 0.8277669154647415
9791, 0.8259509213150729
9792, 0.8238774757650406
9793, 0.8212176371633584
9794, 0.8176569696668782
9795, 0.8135160163882724
9796, 0.8092036049670505
9797, 0.8049434962823339
9798, 0.8008822755498582
9799, 0.7971255715351334
9800, 0.7937487091677833
9801, 0.790803340875573
9802, 0.7883055896989764
9803, 0.7862574898005893
9804, 0.7846376739133336
9805, 0.7831568645762531
9806, 0.7795062189147646
9807, 0.7759529831996773
9808, 0.7726826973667629
9809, 0.769660515488046
9810, 0.7668226035090028
9811, 0.763157570332783
9812, 0.7578758427502944
9813, 0.7526762319898078
9814, 0.7477315639435507
9815, 0.7430646054355039
9816, 0.7386694025869804
9817, 0.7345179789997455
9818, 0.7305583562531538
9819, 0.7267186077942698
9820, 0.7229132378581302
9821, 0.7190624094823681
9822, 0.7151523381610888
9823, 0.711253677504707
9824, 0.7074776908949615
9825, 0.7039273225861601
9826, 0.700705434172878
9827, 0.6978991225467014
9828, 0.6955982595151688
9829, 0.6938829458894399
9830, 0.6928211218291926
9831, 0.6924420303405168
9832, 0.692718813898619
9833, 0.6935413935868512
9834, 0.6946056741085062
9835, 0.6954672884235911
9836, 0.6958953589758619
9837, 0.696028593033488
9838, 0.695819132792805
9839, 0.6946973674744483
9840, 0.6925493451156249
9841, 0.6902127566680754
9842, 0.6883154760777249
9843, 0.687115950727125
9844, 0.6867045805270657
9845, 0.6871104260435243
9846, 0.6883225871950251
9847, 0.6903238521311325
9848, 0.6930957651257434
9849, 0.6966428350436003
9850, 0.7009741853777512
9851, 0.7060765005991703
9852, 0.7119000072716152
9853, 0.7183245751221442
9854, 0.725172360647622
9855, 0.7321791163692221
9856, 0.7390422770375348
9857, 0.7454008036817564
9858, 0.7508156515777391
9859, 0.7547632352212363
9860, 0.7568712653982178
9861, 0.7574379162074407
9862, 0.7571132467471238
9863, 0.7565012254373482
9864, 0.7560634775287942
9865, 0.7561538157021432
9866, 0.7570503723427713
9867, 0.7588948896268164
9868, 0.761749749831499
9869, 0.7655814958262812
9870, 0.7703192474152163
9871, 0.7758297816714746
9872, 0.7819050248295403
9873, 0.7882648946453467
9874, 0.7944942477048094
9875, 0.800288970097982
9876, 0.8056054535083693
9877, 0.8105512583076997
9878, 0.8151566664091106
9879, 0.8194507018416463
9880, 0.8234769451981736
9881, 0.8271944465140583
9882, 0.8305049057531532
9883, 0.8332625225230077
9884, 0.8353298665778347
9885, 0.8365727095518422
9886, 0.8368646451248465
9887, 0.8361172127336285
9888, 0.8342671904621366
9889, 0.8312912574759553
9890, 0.827227187482659
9891, 0.8222038387941542
9892, 0.8164172342959916
9893, 0.8101595135644634
9894, 0.8037262951946443
9895, 0.797357003484329
9896, 0.7912230017705725
9897, 0.7854453878933171
9898, 0.7801040260952233
9899, 0.7752486111005037
9900, 0.7709214827773082
9901, 0.7671254165203938
9902, 0.7638052732363618
9903, 0.7607215754823861
9904, 0.7568844502360751
9905, 0.7505796267994692
9906, 0.7429111396518602
9907, 0.7353726579133586
9908, 0.7284167873632948
9909, 0.7221834427544359
9910, 0.716708230991224
9911, 0.7119825746766724
9912, 0.7079732631769219
9913, 0.704646884535242
9914, 0.7019617570723471
9915, 0.6998784838695151
9916, 0.6983631861518148
9917, 0.6973693265329785
9918, 0.6968431704024302
9919, 0.6966946449288041
9920, 0.696805358335823
9921, 0.6970057676753607
9922, 0.6971042478235847
9923, 0.6969404749301884
9924, 0.6964976119236567
9925, 0.6959590875414932
9926, 0.6955855382718492
9927, 0.6955751156946818
9928, 0.6960413538143582
9929, 0.6970311173354784
9930, 0.6985455432370212
9931, 0.7005551474156286
9932, 0.7030174923613082
9933, 0.7058820759518386
9934, 0.7090994632780904
9935, 0.7126099121256698
9936, 0.7163299054652967
9937, 0.7197266420988193
9938, 0.7213749955777339
9939, 0.7228464405278571
9940, 0.7242810860248445
9941, 0.7256197272988226
9942, 0.7267867239369589
9943, 0.7277069777251569
9944, 0.7283225174899605
9945, 0.7286027832945448
9946, 0.7285535155058152
9947, 0.7282140957147154
9948, 0.7276609080249141
9949, 0.7269951286674973
9950, 0.7263298660629601
9951, 0.7257917224718666
9952, 0.7255003859991955
9953, 0.7255630068458165
9954, 0.7260749626005353
9955, 0.7271102272392943
9956, 0.728731412941418
9957, 0.7309813661861816
9958, 0.7338974836750628
9959, 0.7375028181960788
9960, 0.7418056390311318
9961, 0.7467933439844042
9962, 0.7524263282120884
9963, 0.7586636306035158
9964, 0.7654468490946565
9965, 0.7727123747162113
9966, 0.7803693833372797
9967, 0.7874002477836031
9968, 0.7927615235868454
9969, 0.7982472480925469
9970, 0.8039427730541631
9971, 0.8097669973439998
9972, 0.8155984161610517
9973, 0.8212975201800726
9974, 0.8267071702914628
9975, 0.8318246240529152
9976, 0.8367531044952089
9977, 0.8415557789724484
9978, 0.8461853725228864
9979, 0.8504665368510611
9980, 0.8540264580785525
9981, 0.8565238926665115
9982, 0.8581704305157052
9983, 0.8591961944141988
9984, 0.8596754230051887
9985, 0.859620208183868
9986, 0.8590575943545806
9987, 0.8580552109141987
9988, 0.8567108712863308
9989, 0.8551202338684373
9990, 0.8510551711602607
9991, 0.8451793142024534
9992, 0.8392940470693308
9993, 0.8334564410561811
9994, 0.827674327056412
9995, 0.8218011121413195
9996, 0.8154588746453928
9997, 0.808517944157716
9998, 0.8012685619931043
9999, 0.7938887625817113
10000, 0.7864446386332374
10001, 0.7789647393902593
10002, 0.7714046362933908
10003, 0.7636470986510022
10004, 0.755585106489016
10005, 0.7473317277319325
10006, 0.7391363200362707
10007, 0.7312052277120077
10008, 0.7236845224800914
10009, 0.7166600933413918
10010, 0.7101672172532567
10011, 0.7041989726489566
10012, 0.6987293533829089
10013, 0.6937256931768067
10014, 0.6891553093457344
10015, 0.6850212168025137
10016, 0.681337591462574
10017, 0.6781345850925916
10018, 0.6754171996957261
10019, 0.6731579276241193
10020, 0.6712521730338846
10021, 0.6694067747306868
10022, 0.6670423260863257
10023, 0.66348923625789
10024, 0.6588504372462747
10025, 0.6538178365284052
10026, 0.6489087456828745
10027, 0.6443850225299401
10028, 0.6403545910131924
10029, 0.6368613806026536
10030, 0.6339086085586169
10031, 0.6314758455133812
10032, 0.6295433097298772
10033, 0.6280837740888469
10034, 0.6270760130062872
10035, 0.6265113268388658
10036, 0.6263903817590978
10037, 0.6267279765877153
10038, 0.6275488524380339
10039, 0.6288839349093659
10040, 0.6307530661557043
10041, 0.6331537065756391
10042, 0.6360403752465353
10043, 0.6391579286487168
10044, 0.641187663905624
10045, 0.6408948341707912
10046, 0.6401539418432267
10047, 0.6397063664817012
10048, 0.6397214088213317
10049, 0.6402813051003478
10050, 0.6414249033897258
10051, 0.6431493778453921
10052, 0.6425625403702668
10053, 0.6419947609913272
10054, 0.6417659548480356
10055, 0.6420701846588672
10056, 0.6430732210827794
10057, 0.6448391429992806
10058, 0.64734483274724
10059, 0.6504390942916569
10060, 0.6536298590216437
10061, 0.6560387328215959
10062, 0.6575921255606925
10063, 0.6592583874717896
10064, 0.6617629955860082
10065, 0.6654093745166042
10066, 0.6703294458438905
10067, 0.6765346601246881
10068, 0.6839714951970421
10069, 0.6925302136253655
10070, 0.7020296358906691
10071, 0.7121617765564584
10072, 0.7221448011366995
10073, 0.7295246472601349
10074, 0.7338861380727489
10075, 0.7370540965125215
10076, 0.7392641701025615
10077, 0.740395896437987
10078, 0.7403096680215779
10079, 0.738939311350478
10080, 0.736331049384744
10081, 0.7326523012997683
10082, 0.7281581026850664
10083, 0.7231594481136768
10084, 0.7179523949949737
10085, 0.7127449499953771
10086, 0.707673040947058
10087, 0.702799769258986
10088, 0.6981257134131694
10089, 0.6935869342851185
10090, 0.6890969953017388
10091, 0.6846329129894728
10092, 0.6802677051727661
10093, 0.6761509701844619
10094, 0.672465058989713
10095, 0.6693612309516861
10096, 0.6669708387325364
10097, 0.6653558868641466
10098, 0.6645349330172601
10099, 0.6644630657670803
10100, 0.6650457214897246
10101, 0.6661573793683188
10102, 0.6676267691742742
10103, 0.6693040584702984
10104, 0.671070518903701
10105, 0.6728970266448513
10106, 0.6748182278137758
10107, 0.6769117368667262
10108, 0.6792681519737094
10109, 0.6819634176817779
10110, 0.6850666049284644
10111, 0.6886374168569249
10112, 0.6927239833519315
10113, 0.6973505749647583
10114, 0.7021798943624104
10115, 0.7023420736676342
10116, 0.7007353486104546
10117, 0.6997100680116728
10118, 0.6993270488360397
10119, 0.6995346316796998
10120, 0.7002373682668397
10121, 0.7013198375725174
10122, 0.7026672354457628
10123, 0.704196123530026
10124, 0.7058932881039269
10125, 0.7078057770481877
10126, 0.7100175318590759
10127, 0.7126043561783378
10128, 0.7156074219426023
10129, 0.7190448587686161
10130, 0.7228948547197473
10131, 0.7271063337425137
10132, 0.7315923520670539
10133, 0.7362433510488735
10134, 0.7409346680624993
10135, 0.7455360121196971
10136, 0.7499186383741101
10137, 0.7539421906992483
10138, 0.757592154139804
10139, 0.7609612764303211
10140, 0.7641041037086566
10141, 0.7670612050610492
10142, 0.7698821786476204
10143, 0.7726312085078118
10144, 0.7753663516866377
10145, 0.7780442222774501
10146, 0.7803674576716104
10147, 0.782566673862569
10148, 0.7846951950338628
10149, 0.7867389376369156
10150, 0.7886986641594645
10151, 0.7905974834083652
10152, 0.7924588684227979
10153, 0.7942986277450527
10154, 0.7961120501791513
10155, 0.7978800628254588
10156, 0.799569505256529
10157, 0.8011400528919633
10158, 0.8025481824904197
10159, 0.803756095255532
10160, 0.8047467799238462
10161, 0.8055261978016047
10162, 0.8061420099700475
10163, 0.8066566995836699
10164, 0.8071420340569585
10165, 0.8076635380147777
10166, 0.8082806932621053
10167, 0.8090341397652108
10168, 0.8099402670349222
10169, 0.8109948746344489
10170, 0.8121516308314743
10171, 0.8133310971812217
10172, 0.8144446111645361
10173, 0.8154367747053501
10174, 0.8162811862065827
10175, 0.8169680778129524
10176, 0.8174740528606187
10177, 0.8177429120673781
10178, 0.8176938427957213
10179, 0.8172186135973146
10180, 0.8162393495777119
10181, 0.8147385102794032
10182, 0.8127686572819623
10183, 0.8104106181285107
10184, 0.8076998015347788
10185, 0.804297016212954
10186, 0.800333263293769
10187, 0.7962989804427932
10188, 0.7921825606084861
10189, 0.7879253749194423
10190, 0.7835090847914605
10191, 0.7790230609033792
10192, 0.7746284801656681
10193, 0.7704671241748632
10194, 0.7664622125379106
10195, 0.7619137330675514
10196, 0.7575699441854037
10197, 0.7535140089342165
10198, 0.7497639130169602
10199, 0.746322363159705
10200, 0.7431665775844399
10201, 0.7402706172438849
10202, 0.7375867928213344
10203, 0.7350777915095562
10204, 0.7326960707862932
10205, 0.7304077555007245
10206, 0.7281967308146223
10207, 0.7260574901394515
10208, 0.7239936026847522
10209, 0.7219946397203643
10210, 0.7200572587077582
10211, 0.718152070631686
10212, 0.7162497888128322
10213, 0.7143154261362136
10214, 0.7123352664903229
10215, 0.7103209919189913
10216, 0.7083066001561349
10217, 0.7063495828261221
10218, 0.7045007699825768
10219, 0.7028177475964229
10220, 0.7013633197737453
10221, 0.7002076044423031
10222, 0.6994277486173964
10223, 0.6991003662006702
10224, 0.699287856049155
10225, 0.7000327106882379
10226, 0.7013539339327626
10227, 0.703277180029281
10228, 0.7058058721192949
10229, 0.708938988445381
10230, 0.712636600708465
10231, 0.7168478414230968
10232, 0.7215161221081398
10233, 0.7265780125942416
10234, 0.7319807662043035
10235, 0.737677385040961
10236, 0.7436008808935421
10237, 0.7496540619559857
10238, 0.755726170621361
10239, 0.7617149502845734
10240, 0.7675446442490634
10241, 0.77318448509052
10242, 0.7786558908732611
10243, 0.7840006425220026
10244, 0.7892597886009021
10245, 0.7944771578360573
10246, 0.7996938795040485
10247, 0.8049846798339139
10248, 0.8103848225615283
10249, 0.8159017539502954
10250, 0.8214156063645683
10251, 0.8264241440201863
10252, 0.8302628859558268
10253, 0.8331331092336781
10254, 0.8343445958479119
10255, 0.8327231865968857
10256, 0.8265097713130121
10257, 0.8203380295097631
10258, 0.8144362679358658
10259, 0.8087668237222944
10260, 0.8032294057931796
10261, 0.7976796195941317
10262, 0.7917046912732877
10263, 0.7837085506072778
10264, 0.7722619225965267
10265, 0.7594292449693787
10266, 0.7461150584747224
10267, 0.7324417733092128
10268, 0.718407990150659
10269, 0.7040295539724652
10270, 0.6895483144676423
10271, 0.6753674606332797
10272, 0.6619332740919873
10273, 0.6496186880467275
10274, 0.6387104986888513
10275, 0.6294585691546167
10276, 0.6220512185377649
10277, 0.6166238725043083
10278, 0.6132566510110088
10279, 0.6119724125301937
10280, 0.6127319047876304
10281, 0.615482884313684
10282, 0.6201278626586421
10283, 0.6265493344614355
10284, 0.6345646188645545
10285, 0.6439332866822516
10286, 0.6543667106044806
10287, 0.6655335160424064
10288, 0.6770486008884793
10289, 0.6883561123782626
10290, 0.6977441177962518
10291, 0.701659838917549
10292, 0.7025851053329304
10293, 0.7021001471843371
10294, 0.7006503077108559
10295, 0.6985116385692814
10296, 0.6957966498632692
10297, 0.6925484182322035
10298, 0.6887797851254751
10299, 0.684551166069971
10300, 0.680045179336444
10301, 0.6755539251979785
10302, 0.6714080574733978
10303, 0.6679342919117571
10304, 0.6654250104479043
10305, 0.6641148357549302
10306, 0.6641749892897478
10307, 0.6657277201821297
10308, 0.6688675065395429
10309, 0.6736598741046684
10310, 0.6801164269835085
10311, 0.6882063405681011
10312, 0.697839246183247
10313, 0.7088830321919801
10314, 0.7211719788948503
10315, 0.7345117993955929
10316, 0.7486918800287052
10317, 0.7634585623501676
10318, 0.7785179683638153
10319, 0.7935638789230027
10320, 0.8066024059642768
10321, 0.8183347616047626
10322, 0.8296066196676779
10323, 0.8403971522512904
10324, 0.8505887334590904
10325, 0.8584475367184372
10326, 0.862875681834664
10327, 0.8670212719117822
10328, 0.8713577722533562
10329, 0.8759126359420684
10330, 0.8806234199456767
10331, 0.8853812831512685
10332, 0.8900954268229363
10333, 0.8947360476420144
10334, 0.8993461123645438
10335, 0.9040129950736611
10336, 0.9087132695915663
10337, 0.911442596901511
10338, 0.9118247383029169
10339, 0.9122343722862002
10340, 0.9127340425691894
10341, 0.9132617946502816
10342, 0.9137421533248102
10343, 0.914101920409394
10344, 0.914264346503832
10345, 0.9141484323337307
10346, 0.9136953647959636
10347, 0.9128764313966856
10348, 0.9117304887246707
10349, 0.9103403639779062
10350, 0.9087509250257839
10351, 0.9067054374006528
10352, 0.9037102097428822
10353, 0.9004255019566749
10354, 0.8965604607959781
10355, 0.8926462253574471
10356, 0.8892291016665189
10357, 0.8863602870023622
10358, 0.8840637186448962
10359, 0.882329934171249
10360, 0.8811533139737225
10361, 0.8805394594163355
10362, 0.8805205721381288
10363, 0.8811264589505349
10364, 0.8823735121434055
10365, 0.8842555649672984
10366, 0.8867373520470508
10367, 0.8897722695314438
10368, 0.8932991564594134
10369, 0.897243094066976
10370, 0.9014940890472297
10371, 0.905902907552736
10372, 0.9102111300772981
10373, 0.9134748100406607
10374, 0.915003201955901
10375, 0.9154054091185027
10376, 0.9147260219211131
10377, 0.9131253155366462
10378, 0.9108301893822132
10379, 0.9080313367865143
10380, 0.9043872544224685
10381, 0.8995172311025813
10382, 0.8943715514578109
10383, 0.8890239240464897
10384, 0.8835047102933837
10385, 0.8778403163698901
10386, 0.8720283503080508
10387, 0.8660701403548431
10388, 0.8599714799385546
10389, 0.8537074472838391
10390, 0.8472249565372034
10391, 0.8404762060254607
10392, 0.8335441352193191
10393, 0.8265825503493518
10394, 0.819741527828035
10395, 0.8131001407972234
10396, 0.806681114233615
10397, 0.8004660956668449
10398, 0.794410557929253
10399, 0.7884867981524459
10400, 0.7826704952947978
10401, 0.7769637387926661
10402, 0.7713535587074587
10403, 0.7658376836733077
10404, 0.760380410389188
10405, 0.7549373026751613
10406, 0.7494534067298981
10407, 0.7438495665229854
10408, 0.7380573237596834
10409, 0.7320148213853785
10410, 0.7257069145175382
10411, 0.7191390443077308
10412, 0.7123710378729856
10413, 0.7054982259226751
10414, 0.6986294995194452
10415, 0.6918773144139139
10416, 0.6853461394700577
10417, 0.6791316051924057
10418, 0.6733055055869053
10419, 0.6679247534210356
10420, 0.6630209310403873
10421, 0.6586073001292448
10422, 0.6546576987751697
10423, 0.6511114495926631
10424, 0.6478660572937216
10425, 0.64479950904647
10426, 0.6418003498073731
10427, 0.6388183002409692
10428, 0.6358598898083592
10429, 0.6329803274562253
10430, 0.630264734327793
10431, 0.6278052753193184
10432, 0.625707583987973
10433, 0.6240735532897607
10434, 0.6230005838982641
10435, 0.6225899417948286
10436, 0.6229327366091294
10437, 0.6241121076562883
10438, 0.6262021958185919
10439, 0.6292414333588765
10440, 0.6332396748787213
10441, 0.6381820262533549
10442, 0.6440273344588427
10443, 0.6506953501830057
10444, 0.6580898589321722
10445, 0.6660558570819045
10446, 0.6744471037795252
10447, 0.6831047678548956
10448, 0.6919288801142898
10449, 0.7008217423597707
10450, 0.7096797512122022
10451, 0.7183724815182991
10452, 0.7266497552123358
10453, 0.7342325091015385
10454, 0.7408219712277377
10455, 0.7462754054245019
10456, 0.7504553991092056
10457, 0.7531748281592415
10458, 0.754169068390446
10459, 0.7533832140772633
10460, 0.7511336918664563
10461, 0.7478982045205157
10462, 0.7438011113857776
10463, 0.7371417022752917
10464, 0.7265925994044594
10465, 0.7126865240220551
10466, 0.6974450253286528
10467, 0.6827362767838869
10468, 0.6692007143744356
10469, 0.6571589876979693
10470, 0.6468198630982743
10471, 0.6383741720546012
10472, 0.6319433248428744
10473, 0.6276037028193285
10474, 0.6253297719951515
10475, 0.6250045813481615
10476, 0.6263779142727716
10477, 0.6290514507926674
10478, 0.6325247085496684
10479, 0.6364834538578525
10480, 0.6409614469453234
10481, 0.6461037205120133
10482, 0.6519320731615482
10483, 0.6582009548033565
10484, 0.6643829731603128
10485, 0.670076193723128
10486, 0.675384777477295
10487, 0.6802185016690901
10488, 0.6842242503541507
10489, 0.6869753313679604
10490, 0.6880763577423302
10491, 0.6874045832520032
10492, 0.6850463975128732
10493, 0.6813147908620585
10494, 0.6766388079398251
10495, 0.6714164392216855
10496, 0.6658934405776695
10497, 0.660177170643464
10498, 0.654381222224658
10499, 0.6486528862615368
10500, 0.6432355006495631
10501, 0.6383895341844964
10502, 0.6343672724028414
10503, 0.6313463639194968
10504, 0.6294346319639675
10505, 0.6286552972820593
10506, 0.6289084455492608
10507, 0.6297613430648574
10508, 0.6304280620762002
10509, 0.6314530720825099
10510, 0.6334582263210171
10511, 0.6365631104381116
10512, 0.6407496245968309
10513, 0.6459408997392742
10514, 0.6520237377817336
10515, 0.6588419470986691
10516, 0.666210023488543
10517, 0.6739301526611141
10518, 0.6818345303463788
10519, 0.6898074613845572
10520, 0.6977662460578211
10521, 0.7056195861582744
10522, 0.7132891375152424
10523, 0.7208523309226721
10524, 0.7285678659866169
10525, 0.7367485210477975
10526, 0.7456084543562832
10527, 0.7552534406165882
10528, 0.7656773393094096
10529, 0.7767746640333913
10530, 0.7882480548260099
10531, 0.7995221375853507
10532, 0.8104026525003567
10533, 0.820567227188001
10534, 0.8260589097014168
10535, 0.8296105151764273
10536, 0.8331455083385158
10537, 0.837079499675791
10538, 0.8415250569744223
10539, 0.8464876709896118
10540, 0.8519220215708987
10541, 0.85776775570275
10542, 0.8639365024716839
10543, 0.8703321898749816
10544, 0.8768453251324662
10545, 0.8833685368046263
10546, 0.8897864790895754
10547, 0.895964252218243
10548, 0.9017377836474538
10549, 0.9069408849396267
10550, 0.9114383995246735
10551, 0.9152128547834071
10552, 0.9183908151235988
10553, 0.9211839387035565
10554, 0.9237586943312239
10555, 0.9259741079016375
10556, 0.9271310695575504
10557, 0.927979556134014
10558, 0.9289422768519914
10559, 0.930099585630498
10560, 0.931485035416055
10561, 0.9331010351903697
10562, 0.9349340319275883
10563, 0.9369611748371488
10564, 0.9391459122676888
10565, 0.9412161362279188
10566, 0.9418767211050504
10567, 0.9421147707101527
10568, 0.9423726620405014
10569, 0.9425527415985236
10570, 0.9424279867956051
10571, 0.9418175554317285
10572, 0.9408035182328065
10573, 0.9391429366832266
10574, 0.9358250106414819
10575, 0.9322688232573657
10576, 0.9285789377387466
10577, 0.924051379021639
10578, 0.9186929241551205
10579, 0.9130182563530115
10580, 0.9068246705384923
10581, 0.8994102372870917
10582, 0.8906899610021003
10583, 0.8817499560026951
10584, 0.8728312068140469
10585, 0.8639884463650956
10586, 0.8552192763186398
10587, 0.8464856729551892
10588, 0.8377314815494077
10589, 0.8289142847976293
10590, 0.8200335134720542
10591, 0.8111273969549048
10592, 0.802262735538091
10593, 0.7934719742050163
10594, 0.7847297878807599
10595, 0.7759651808027048
10596, 0.7671743451492562
10597, 0.7584929672627443
10598, 0.7500847549096771
10599, 0.7420479472325696
10600, 0.734398660771346
10601, 0.7270743720600427
10602, 0.7199640201654438
10603, 0.7129234827915426
10604, 0.7058382209590516
10605, 0.6986893107033375
10606, 0.6915368192370485
10607, 0.6844798549127314
10608, 0.6776139146123472
10609, 0.6710155045403059
10610, 0.664750355388651
10611, 0.6588786330068918
10612, 0.6534410295510098
10613, 0.6484708848803068
10614, 0.6439964147799592
10615, 0.6400590755480702
10616, 0.6367115555570113
10617, 0.6340207789426546
10618, 0.6320541760599704
10619, 0.6308391274948707
10620, 0.6301060023965829
10621, 0.628260501779185
10622, 0.6248303190438086
10623, 0.621591920997458
10624, 0.6190466020538685
10625, 0.6173025748513201
10626, 0.6163697630104638
10627, 0.6162213331446877
10628, 0.6168132587548792
10629, 0.6181143306591153
10630, 0.6201158116576695
10631, 0.6227863822529626
10632, 0.6261063634924657
10633, 0.6299299376430277
10634, 0.633880397303743
10635, 0.6375413540024093
10636, 0.6407500009982273
10637, 0.6432206792512964
10638, 0.6453433817376358
10639, 0.6477652589422945
10640, 0.6507277182211915
10641, 0.6542202147902021
10642, 0.6581049918542745
10643, 0.6621992337160845
10644, 0.6662579253199165
10645, 0.669970685515937
10646, 0.672844405332468
10647, 0.6742902603744915
10648, 0.6738803839342887
10649, 0.6715137945993948
10650, 0.6676817293565892
10651, 0.6632431690000185
10652, 0.6588885232088705
10653, 0.655032944836914
10654, 0.6519227066510831
10655, 0.6496682198243243
10656, 0.6482789242936774
10657, 0.647675143835799
10658, 0.6476678553522841
10659, 0.6478668248442863
10660, 0.6473973483105085
10661, 0.6449296470211769
10662, 0.6403028419194456
10663, 0.6347747503278356
10664, 0.629345877520727
10665, 0.624602223804372
10666, 0.6209436928940628
10667, 0.6186393078754052
10668, 0.6178344771676983
10669, 0.6185328137967321
10670, 0.6204921839461314
10671, 0.6229554057363257
10672, 0.6247708890783432
10673, 0.625999983453584
10674, 0.6277492458675616
10675, 0.6305681006319427
10676, 0.634471981644611
10677, 0.6391195693537995
10678, 0.6438104460285039
10679, 0.6473901279252424
10680, 0.6488050826872465
10681, 0.6481296676969015
10682, 0.6460532908017942
10683, 0.6430716881766271
10684, 0.6395923600192995
10685, 0.6360832605000087
10686, 0.6330280031435145
10687, 0.6308118621088822
10688, 0.6296406244507394
10689, 0.6295856217179374
10690, 0.6305784191126645
10691, 0.6323586876459044
10692, 0.6335648649691019
10693, 0.6310146196089705
10694, 0.6271646516278163
10695, 0.6238797490404561
10696, 0.6215328807666559
10697, 0.6202785502616218
10698, 0.6202038444046173
10699, 0.6213600378668204
10700, 0.6237541660187499
10701, 0.6273632663642336
10702, 0.6321451744689682
10703, 0.6380468625466277
10704, 0.6449967525950685
10705, 0.6528996143778081
10706, 0.6616230811955401
10707, 0.6709997797999844
10708, 0.6808069883989902
10709, 0.6907434856289336
10710, 0.7003549301050711
10711, 0.7089980333167812
10712, 0.7160954946621256
10713, 0.7216016735543227
10714, 0.7259230081189837
10715, 0.7294510795032512
10716, 0.7324783104597026
10717, 0.7352210486753551
10718, 0.7378522035589172
10719, 0.7405226407198566
10720, 0.7433497459628011
10721, 0.7464553143101897
10722, 0.7499378754155467
10723, 0.7538921579649109
10724, 0.758386807038831
10725, 0.7634699177001605
10726, 0.7691651006632805
10727, 0.7754854599656646
10728, 0.782430630242101
10729, 0.7899943861646096
10730, 0.7981534365718626
10731, 0.8068680857592346
10732, 0.8160807728816661
10733, 0.8257204394001195
10734, 0.8357035250402876
10735, 0.8459373659192814
10736, 0.8563018674686633
10737, 0.8666457301585633
10738, 0.8767769784109681
10739, 0.8864574887938618
10740, 0.8954309966131362
10741, 0.9035042916606347
10742, 0.9106599277811263
10743, 0.917032704052642
10744, 0.9228010377437132
10745, 0.9281253445232576
10746, 0.9331462090923868
10747, 0.9379826797809042
10748, 0.9427277884014585
10749, 0.9474554871126063
10750, 0.9522103162171597
10751, 0.9570208773021143
10752, 0.9618933815936717
10753, 0.9668216309223272
10754, 0.9717830907438914
10755, 0.9767338381937822
10756, 0.9816045614831795
10757, 0.9862834291388816
10758, 0.9905986585447772
10759, 0.9942746380607788
10760, 0.9970257198562769
10761, 0.9987110937711887
10762, 0.9993496670017831
10763, 0.9982147739970857
10764, 0.9950651618394335
10765, 0.9913694026436135
10766, 0.9872007659510883
10767, 0.9825773515389636
10768, 0.9773568230422525
10769, 0.9712690266708945
10770, 0.9643583518453953
10771, 0.9568419045870131
10772, 0.9487781355535446
10773, 0.9402292564504279
10774, 0.9313593274480841
10775, 0.9223422902693016
10776, 0.9132898854998305
10777, 0.904257983859049
10778, 0.8952565594709458
10779, 0.8862340492065307
10780, 0.8770780734834658
10781, 0.867594483758116
10782, 0.8576355679822941
10783, 0.847260445478231
10784, 0.8366511508743859
10785, 0.8259547797557913
10786, 0.8152878362421918
10787, 0.8047422537994234
10788, 0.7944001331536386
10789, 0.7843221974102841
10790, 0.7745511491511623
10791, 0.7651072806214433
10792, 0.7559843196812366
10793, 0.7471381020633633
10794, 0.738446911253661
10795, 0.729686577478578
10796, 0.7206319264428768
10797, 0.7113392452137852
10798, 0.702047609400498
10799, 0.6929746914181578
10800, 0.6842845791677311
10801, 0.6761158647002123
10802, 0.6685935518720519
10803, 0.66181969190515
10804, 0.655868997716277
10805, 0.6507917924079456
10806, 0.6465883122422131
10807, 0.6432013838432072
10808, 0.6404734358504058
10809, 0.6381957958045983
10810, 0.6361947986815912
10811, 0.6344882092397354
10812, 0.6332153955849317
10813, 0.6325328406547981
10814, 0.6325197455651483
10815, 0.6331695156567854
10816, 0.6344446606943724
10817, 0.6362968640572993
10818, 0.6386931719518478
10819, 0.641570776234919
10820, 0.6448158116223675
10821, 0.6482450503542804
10822, 0.6516541784364583
10823, 0.6549457290308704
10824, 0.6581920844808892
10825, 0.661574985079981
10826, 0.6653008848482274
10827, 0.6695372354091436
10828, 0.6744153792295157
10829, 0.6800174155452885
10830, 0.686387411080921
10831, 0.6934831770560025
10832, 0.7012601828405641
10833, 0.7095687338977004
10834, 0.7181674813949643
10835, 0.7266936873910511
10836, 0.7345117831489164
10837, 0.7405577782046854
10838, 0.7440873823830348
10839, 0.7457073653661812
10840, 0.7455297690754867
10841, 0.7430735881168453
10842, 0.7393711766150513
10843, 0.7351362879938635
10844, 0.730468617199039
10845, 0.7253798455081962
10846, 0.719906475870692
10847, 0.7141764978561795
10848, 0.7083862200669775
10849, 0.7027348588691924
10850, 0.6973578293110939
10851, 0.6920256922092065
10852, 0.6860082331363851
10853, 0.6792476346175172
10854, 0.6726420310523861
10855, 0.6666710105966159
10856, 0.6614747728288695
10857, 0.6570907459817681
10858, 0.6535145297766239
10859, 0.6508624298166724
10860, 0.6494202729524934
10861, 0.6495219292903036
10862, 0.6514073886000005
10863, 0.655168710975488
10864, 0.6607580908887892
10865, 0.6679837111098
10866, 0.6764194019193384
10867, 0.6851689187244807
10868, 0.6928441305995182
10869, 0.6988423698945063
10870, 0.7038320224141797
10871, 0.7081724297944898
10872, 0.7115067537001362
10873, 0.7132210079362356
10874, 0.7136843844928726
10875, 0.7133757187387345
10876, 0.7113309599276717
10877, 0.7066252086534978
10878, 0.7003028847918945
10879, 0.6934348382217109
10880, 0.6868574727489615
10881, 0.6811864194012741
10882, 0.6767322274255756
10883, 0.6736719004662305
10884, 0.6720948532506945
10885, 0.6720419233680143
10886, 0.6734972033820853
10887, 0.67639359689204
10888, 0.6806112221876481
10889, 0.6860471876336248
10890, 0.6926021358409412
10891, 0.7002054336806527
10892, 0.7087693607667309
10893, 0.718203812094751
10894, 0.7284166493277742
10895, 0.7392758308220415
10896, 0.7506480931428191
10897, 0.7616920086515635
10898, 0.7706548663504482
10899, 0.7790963245631114
10900, 0.7863219748656671
10901, 0.7923408022410772
10902, 0.7980121599247721
10903, 0.8038240365675136
10904, 0.8098553999799478
10905, 0.8159293229160952
10906, 0.8216033246223428
10907, 0.8262104561814255
10908, 0.829805254688191
10909, 0.8325516524745606
10910, 0.8340441704090725
10911, 0.835115892343791
10912, 0.8364251372699143
10913, 0.8382125798416198
10914, 0.8406227597788982
10915, 0.8437570676972974
10916, 0.8476760072958803
10917, 0.8524039867617509
10918, 0.8579263324522858
10919, 0.8641993918301732
10920, 0.8711477989131905
10921, 0.8786737127431833
10922, 0.8866543830318935
10923, 0.8949523343874167
10924, 0.9034116903839897
10925, 0.9118965416702742
10926, 0.9202972670348176
10927, 0.928564198619314
10928, 0.9366778726738622
10929, 0.9446447816099603
10930, 0.9524602312782914
10931, 0.9600729923454112
10932, 0.9673649293869602
10933, 0.9740965431505186
10934, 0.9799735713205507
10935, 0.9848962443448585
10936, 0.9890017317678219
10937, 0.9924720077970861
10938, 0.9955625936675229
10939, 0.9984873637484002
10940, 1.0013723293708747
10941, 1.0042857157330953
10942, 1.0072719681385456
10943, 1.010347500196975
10944, 1.0135043080994801
10945, 1.016680042715693
10946, 1.019723394951951
10947, 1.0223105151769607
10948, 1.0239758061123978
10949, 1.0243921469522304
10950, 1.02397623685769
10951, 1.0230788297442284
10952, 1.0216484258147014
10953, 1.019567995155458
10954, 1.0169454244480338
10955, 1.0138296085990133
10956, 1.01022130306843
10957, 1.0061706352712754
10958, 1.0017403599720458
10959, 0.9969569592123508
10960, 0.9918073885374776
10961, 0.9862475289917177
10962, 0.9802154102979914
10963, 0.9736339298974975
10964, 0.9664021364398266
10965, 0.958396498742633
10966, 0.9494069541159496
10967, 0.9391101129875593
10968, 0.927482812528865
10969, 0.9150224255402925
10970, 0.9021139178385558
10971, 0.8889952282073837
10972, 0.8758145463474435
10973, 0.8626865830500009
10974, 0.8496902716400333
10975, 0.8368869682526261
10976, 0.8243284184724061
10977, 0.812064292211061
10978, 0.8001402308283941
10979, 0.7885892497217115
10980, 0.7774320676003521
10981, 0.7666777207225213
10982, 0.7563293129480217
10983, 0.746393741221748
10984, 0.7368801997220948
10985, 0.7277962252172361
10986, 0.7191429895730719
10987, 0.7109210332607168
10988, 0.7031255440727293
10989, 0.6957595899101502
10990, 0.6888404571829664
10991, 0.6823967346444442
10992, 0.6764595114415324
10993, 0.6710432885012664
10994, 0.6661597894314775
10995, 0.6618269480953448
10996, 0.6580690282233781
10997, 0.6549294471551003
10998, 0.6524537351703524
10999, 0.6506855727775553
11000, 0.6496613767479427
11001, 0.6494251149026432
11002, 0.6500369603572066
11003, 0.6515736228694047
11004, 0.6541254424412233
11005, 0.657773995890163
11006, 0.6625704078267853
11007, 0.6685426800751243
11008, 0.6756962136140479
11009, 0.6840376899833436
11010, 0.693533708953828
11011, 0.704085441836215
11012, 0.7154918535045631
11013, 0.7275064270280632
11014, 0.7398375592779538
11015, 0.752152192506717
11016, 0.7641555333653397
11017, 0.7756878730963953
11018, 0.7867655751763213
11019, 0.7974543956935197
11020, 0.8077689311993156
11021, 0.8175305317324042
11022, 0.8263067568199685
11023, 0.8335383302414666
11024, 0.8389981823620929
11025, 0.8424475991623936
11026, 0.8425217634318182
11027, 0.8397941628331346
11028, 0.835778860439223
11029, 0.8310698423280356
11030, 0.8260403584116062
11031, 0.8208778710975307
11032, 0.8156407335256527
11033, 0.8070072068293989
11034, 0.7964557483464929
11035, 0.7860059603764598
11036, 0.7756476460819423
11037, 0.7653612972161821
11038, 0.7551472747424551
11039, 0.745100233241658
11040, 0.7354261060662909
11041, 0.7264337714551621
11042, 0.7184618049100113
11043, 0.7118239573298855
11044, 0.7067411201627517
11045, 0.7033258798978069
11046, 0.7015694764355229
11047, 0.7013079640851874
11048, 0.7021112797465713
11049, 0.7031603355968847
11050, 0.703671193988534
11051, 0.7037189560451177
11052, 0.7037892141239868
11053, 0.7040642245975967
11054, 0.7043484766655143
11055, 0.7040959332512193
11056, 0.7025404434341795
11057, 0.6993337412825708
11058, 0.6948926730238452
11059, 0.689844439632331
11060, 0.6846702106105834
11061, 0.6797219226184962
11062, 0.6752777171897354
11063, 0.6715610625127144
11064, 0.6687396720624561
11065, 0.6669359742868473
11066, 0.6662132577592867
11067, 0.6665534986947415
11068, 0.6677933287288377
11069, 0.6695888546266102
11070, 0.6713863435446714
11071, 0.6725802323329791
11072, 0.6731033607094352
11073, 0.6734982197997933
11074, 0.6743836504113289
11075, 0.6761346062908775
11076, 0.6789331375983103
11077, 0.6828462949472403
11078, 0.6878741405651202
11079, 0.6939713828135761
11080, 0.7010301335914398
11081, 0.7088780379078979
11082, 0.7172722327870124
11083, 0.7259200236898199
11084, 0.7345377645746152
11085, 0.7429223144800436
11086, 0.7509855188109075
11087, 0.7585076291461967
11088, 0.7643354459862854
11089, 0.7678009687272301
11090, 0.7708109760145649
11091, 0.7742327534204029
11092, 0.7783281086558242
11093, 0.7831817401301266
11094, 0.7888114055735072
11095, 0.7951730208729212
11096, 0.802170652604623
11097, 0.8096850515621932
11098, 0.8175828391425549
11099, 0.8257509291931875
11100, 0.8341195962573132
11101, 0.8426746704643123
11102, 0.8514082575578997
11103, 0.860314301337239
11104, 0.8693718592436915
11105, 0.878577223998461
11106, 0.887923314318087
11107, 0.8974150256610464
11108, 0.9070462899257006
11109, 0.9168012857852219
11110, 0.9266397967968842
11111, 0.9365065375956411
11112, 0.9463101197163787
11113, 0.9559363609045908
11114, 0.9652585660814482
11115, 0.9741844725533402
11116, 0.9826745806106315
11117, 0.9907613531585828
11118, 0.998515085275661
11119, 1.0060236715786257
11120, 1.0133675140472036
11121, 1.020606941854904
11122, 1.027780922853968
11123, 1.034904292327222
11124, 1.0419656224815104
11125, 1.0489131716744695
11126, 1.0556388930301497
11127, 1.0619487635992488
11128, 1.0675557969735663
11129, 1.0722250889031066
11130, 1.0760888622958873
11131, 1.0794302670499538
11132, 1.082434596041618
11133, 1.0851948370204116
11134, 1.0877419208598829
11135, 1.0900554990612303
11136, 1.092100701528319
11137, 1.0938918224824847
11138, 1.0935202082061883
11139, 1.0925875752381549
11140, 1.0914769321266695
11141, 1.0901828653589027
11142, 1.0887263078966478
11143, 1.0860810454390035
11144, 1.0829088093328112
11145, 1.0797321229929573
11146, 1.076555730374087
11147, 1.073333455793261
11148, 1.0699962503773204
11149, 1.0664396814022161
11150, 1.0625503497721431
11151, 1.0581769635735736
11152, 1.0531838818470056
11153, 1.0474799001019344
11154, 1.0410802933194472
11155, 1.0340194615103149
11156, 1.0263656368581122
11157, 1.0181617194999826
11158, 1.009459488160467
11159, 1.0002818660417234
11160, 0.9906505810621524
11161, 0.9805530113504969
11162, 0.9699408306693111
11163, 0.9586408050313725
11164, 0.9464058538914263
11165, 0.9332761942679814
11166, 0.9196527167538476
11167, 0.9058755164249556
11168, 0.8921665764901981
11169, 0.878675307655035
11170, 0.8655128606556819
11171, 0.8527609950501753
11172, 0.8404551693021192
11173, 0.8285739815066646
11174, 0.8170200198292958
11175, 0.8056203150006959
11176, 0.7941835107569413
11177, 0.7826155651097735
11178, 0.7709701885703654
11179, 0.7593803942403868
11180, 0.7480082472220824
11181, 0.7370165815065848
11182, 0.7265386890672892
11183, 0.7166579337145315
11184, 0.7074156489532113
11185, 0.6988207019975474
11186, 0.6908674143837663
11187, 0.6835303645938039
11188, 0.6767795374306326
11189, 0.6705449886388375
11190, 0.6647657745343228
11191, 0.6593707831987492
11192, 0.6543142655546306
11193, 0.6495048742682878
11194, 0.64474988526094
11195, 0.6395720896467917
11196, 0.6337849480583343
11197, 0.6278566311037305
11198, 0.6220862401663673
11199, 0.6166897205254386
11200, 0.6118337740701435
11201, 0.6076938026065274
11202, 0.6044096267264306
11203, 0.6021320448551032
11204, 0.6009971095004057
11205, 0.6011501788448546
11206, 0.602700881832769
11207, 0.6057268778680269
11208, 0.610258202820654
11209, 0.6163035199671495
11210, 0.6238272211426259
11211, 0.6327748941531287
11212, 0.6429651484071173
11213, 0.6535632265048235
11214, 0.6594573541442056
11215, 0.6639267904164126
11216, 0.6689725381724144
11217, 0.6746335554121046
11218, 0.6808283861847982
11219, 0.687473601557506
11220, 0.6943744935880973
11221, 0.7011661717079486
11222, 0.7071274015483376
11223, 0.710981387478044
11224, 0.7122047533886795
11225, 0.7118221897530753
11226, 0.710683614155216
11227, 0.7091718018984953
11228, 0.707218851365677
11229, 0.7046206808761204
11230, 0.7019626259415821
11231, 0.6999271029964466
11232, 0.6987676594066448
11233, 0.6984057486230041
11234, 0.6986245801087307
11235, 0.6991247892603306
11236, 0.6996542335226129
11237, 0.7000784500630612
11238, 0.7003716083838671
11239, 0.7005361371378082
11240, 0.7005218577824849
11241, 0.7002084498759034
11242, 0.699408064139013
11243, 0.6979602045033927
11244, 0.6958529341450277
11245, 0.6933115129600504
11246, 0.6907153697816616
11247, 0.6884371981552766
11248, 0.6867421389594347
11249, 0.6857429162661111
11250, 0.6853600124033224
11251, 0.6851718686808844
11252, 0.6842580240514344
11253, 0.6822740027043473
11254, 0.6801144445863442
11255, 0.6784320884736285
11256, 0.6774456295765652
11257, 0.6771738080138717
11258, 0.6775875004194418
11259, 0.6785896659100582
11260, 0.6798663426569634
11261, 0.6802743088612945
11262, 0.6793599624225857
11263, 0.6784471703543112
11264, 0.6781290735584488
11265, 0.6785134515953266
11266, 0.6796281231452407
11267, 0.6814784274279695
11268, 0.6840723599689593
11269, 0.6874249952794427
11270, 0.6915622639631636
11271, 0.6965220452874614
11272, 0.7023235834315584
11273, 0.708986466410299
11274, 0.7165114673212092
11275, 0.7248566069633815
11276, 0.7328467621722163
11277, 0.7373265152133541
11278, 0.7424606461761798
11279, 0.7487403140708283
11280, 0.7561465039759252
11281, 0.7646248649392949
11282, 0.7741003079000285
11283, 0.7844893205512754
11284, 0.7956875732564574
11285, 0.8075879806806842
11286, 0.8200819281919413
11287, 0.8330720567460869
11288, 0.8464738042336175
11289, 0.8602176325269707
11290, 0.8742426140122029
11291, 0.8884851071615968
11292, 0.9028410873299743
11293, 0.9170936007796373
11294, 0.9310298818769565
11295, 0.9447748965197886
11296, 0.9585488307437215
11297, 0.9724201655604551
11298, 0.9863370069647566
11299, 1.0000770861842896
11300, 1.0130308557678724
11301, 1.0246967582003046
11302, 1.0355914800250563
11303, 1.0461560014330873
11304, 1.0560398083366167
11305, 1.064752638489141
11306, 1.073070947853845
11307, 1.0811782844515767
11308, 1.0890333098319571
11309, 1.0965624231604543
11310, 1.102803501974367
11311, 1.106185265760241
11312, 1.1081072064348996
11313, 1.109306953082444
11314, 1.109739179588775
11315, 1.1093305671513705
11316, 1.108052176501384
11317, 1.1059350521809883
11318, 1.10305995231399
11319, 1.099534091724834
11320, 1.0954813908627516
11321, 1.0910359499023479
11322, 1.0859713787512346
11323, 1.079758806516044
11324, 1.0734458218714744
11325, 1.067058908271432
11326, 1.060537120725862
11327, 1.0538626439969683
11328, 1.0470696720197423
11329, 1.040164238188338
11330, 1.033083785157754
11331, 1.0256960242998674
11332, 1.017844465505284
11333, 1.0094141102686205
11334, 0.9995507202021651
11335, 0.9874389344149335
11336, 0.9750462501587138
11337, 0.9626074298222118
11338, 0.9503056261596055
11339, 0.9377715801343548
11340, 0.9240782279502666
11341, 0.9105699976354396
11342, 0.8974011734578997
11343, 0.8846610525514607
11344, 0.8724297627280428
11345, 0.8607909925996969
11346, 0.849816873548946
11347, 0.8395719517344717
11348, 0.8301060839704548
11349, 0.8214666647901189
11350, 0.8136959156453987
11351, 0.8068212134346071
11352, 0.8008725649341063
11353, 0.7958494803549027
11354, 0.7917283568989371
11355, 0.7884391476563806
11356, 0.7858739120841062
11357, 0.7838723390220212
11358, 0.7822081758285617
11359, 0.7806228275599932
11360, 0.7788723211299432
11361, 0.7767812048337231
11362, 0.7742236289043274
11363, 0.7711155219138318
11364, 0.7673927037577144
11365, 0.7630295520683169
11366, 0.7580212308231947
11367, 0.7524071999263521
11368, 0.7462520072449315
11369, 0.739662088008207
11370, 0.7327535971422734
11371, 0.7256667211865235
11372, 0.7185385062131985
11373, 0.7115207302063626
11374, 0.7047747590933902
11375, 0.6984611272797174
11376, 0.6927329526388866
11377, 0.6876917550511984
11378, 0.6834432284983416
11379, 0.6800860844924332
11380, 0.6777613037040986
11381, 0.6765818638646992
11382, 0.6766424968236722
11383, 0.6779783542476905
11384, 0.6806394344279131
11385, 0.6846387665788285
11386, 0.690024293809188
11387, 0.696838641213606
11388, 0.7051233080806932
11389, 0.7148524195040077
11390, 0.7259422564388147
11391, 0.73823119601649
11392, 0.7515088275238897
11393, 0.7654769996952413
11394, 0.7798686248632377
11395, 0.7944983657663524
11396, 0.809222728536
11397, 0.8233766679013471
11398, 0.8358398614386393
11399, 0.847097461410274
11400, 0.8566769631194697
11401, 0.8649000890594178
11402, 0.8674669941507092
11403, 0.8645611962664321
11404, 0.8614159820953221
11405, 0.8576056256822236
11406, 0.8498266989601142
11407, 0.8370666668925827
11408, 0.8241001379508349
11409, 0.8114050684136923
11410, 0.7988163447771772
11411, 0.7861625847989735
11412, 0.7732285254274816
11413, 0.7599705903772469
11414, 0.7466661337084421
11415, 0.7337964947177645
11416, 0.7217740780954304
11417, 0.7109527698476296
11418, 0.7015179652210757
11419, 0.6935824795259032
11420, 0.6871124783143783
11421, 0.6820176823936254
11422, 0.6780632346249993
11423, 0.674887151909737
11424, 0.6720787028896776
11425, 0.6693064459144414
11426, 0.6662672526105559
11427, 0.6629141074710699
11428, 0.659477685653995
11429, 0.6561110094012124
11430, 0.6527162682466978
11431, 0.649049658420128
11432, 0.644860813192949
11433, 0.6400577387264584
11434, 0.6347724575702615
11435, 0.6292997507803483
11436, 0.6239721746691211
11437, 0.6190498158552377
11438, 0.6147218051455365
11439, 0.6111242204694664
11440, 0.6084078451298769
11441, 0.6067253888827142
11442, 0.6062366618004954
11443, 0.6070559301131337
11444, 0.6092583669878423
11445, 0.6128518783520225
11446, 0.6177937901087186
11447, 0.6239805734954864
11448, 0.6312692449517033
11449, 0.6394486670590489
11450, 0.648210535271476
11451, 0.6571021441531747
11452, 0.6656917886704186
11453, 0.6739430450031898
11454, 0.6822170178657826
11455, 0.6908647498224667
11456, 0.7000694739872878
11457, 0.7098691655582845
11458, 0.7201965414155348
11459, 0.7308984805718123
11460, 0.741791537674059
11461, 0.7527735117724771
11462, 0.763919600639548
11463, 0.7753847610032636
11464, 0.7870474814693948
11465, 0.7964164258345647
11466, 0.8052677038562355
11467, 0.8150077287110984
11468, 0.8256948571569233
11469, 0.8372965816008254
11470, 0.8497538433767741
11471, 0.8629880955284635
11472, 0.8769120643807463
11473, 0.8914346242723802
11474, 0.9064568857945736
11475, 0.9218803784501282
11476, 0.9375913522366751
11477, 0.9534731016630643
11478, 0.9694048443335459
11479, 0.9852765925394902
11480, 1.0009780852118408
11481, 1.0163924754158602
11482, 1.0306626126609897
11483, 1.0436144208022393
11484, 1.0561257684485932
11485, 1.06807985193111
11486, 1.0793336605276205
11487, 1.0897716796035162
11488, 1.0993418322145236
11489, 1.1080023445436895
11490, 1.1157130667407624
11491, 1.1226067342941313
11492, 1.128795518431757
11493, 1.1344179294771948
11494, 1.1396464715672208
11495, 1.1444194855927399
11496, 1.1468699877538537
11497, 1.1481064773928782
11498, 1.1492841801864913
11499, 1.150428148442608
11500, 1.1508910143032278
11501, 1.1481605368645365
11502, 1.1431581179047108
11503, 1.1359979544406607
11504, 1.1280190771192027
11505, 1.1194124483915244
11506, 1.1102195505885428
11507, 1.1004852580403477
11508, 1.0902944969815878
11509, 1.0797490916140788
11510, 1.0688984325292195
11511, 1.0576311900815962
11512, 1.0457056288553597
11513, 1.0331915619570253
11514, 1.020398610136895
11515, 1.00750349822509
11516, 0.994570829749591
11517, 0.9815767110148381
11518, 0.9680977888745106
11519, 0.9535129089383856
11520, 0.9386970042013265
11521, 0.9240946400690014
11522, 0.9098451714506646
11523, 0.8960324882586368
11524, 0.8827021379071868
11525, 0.8698637096980519
11526, 0.8573927058609689
11527, 0.8445333052883618
11528, 0.8304375902280758
11529, 0.8160082114656808
11530, 0.8016552922835154
11531, 0.7875157715315246
11532, 0.7737214836305341
11533, 0.7604131237891116
11534, 0.7477251634703559
11535, 0.7357679093984166
11536, 0.7246303964820282
11537, 0.7143631659725065
11538, 0.7049143338855481
11539, 0.6958890818400172
11540, 0.6868276310637724
11541, 0.6782664128959366
11542, 0.6706881109570163
11543, 0.6642813047076702
11544, 0.6591325958681666
11545, 0.6553024928544076
11546, 0.6528005337169158
11547, 0.6516232696829711
11548, 0.6517360844875971
11549, 0.6531210666503298
11550, 0.6557295690091975
11551, 0.6595073724064264
11552, 0.6643606087040874
11553, 0.670203741135775
11554, 0.6769368406126385
11555, 0.6844711505084653
11556, 0.6926984576921386
11557, 0.70131593549633
11558, 0.7085357348355483
11559, 0.7116200209847705
11560, 0.7121240293233191
11561, 0.7103119948884998
11562, 0.7069832096165496
11563, 0.7025732939054922
11564, 0.6974797175000966
11565, 0.6920684407340434
11566, 0.6865950702185737
11567, 0.6812619032235672
11568, 0.6762320432068628
11569, 0.6716052078132263
11570, 0.6674150529964288
11571, 0.6636976168061521
11572, 0.6605781545839582
11573, 0.6583031264094117
11574, 0.6571774825360452
11575, 0.6574809715000421
11576, 0.6594259470964593
11577, 0.6631604440701292
11578, 0.6687760240391853
11579, 0.6762919227498955
11580, 0.6856195464788465
11581, 0.6963653323786879
11582, 0.7061302553376813
11583, 0.7140537819197914
11584, 0.7224976664839213
11585, 0.731075873236174
11586, 0.7391249134791119
11587, 0.7472490016556594
11588, 0.7560458202512957
11589, 0.7648299898088176
11590, 0.7695289109545448
11591, 0.7728466674173575
11592, 0.7760079473786461
11593, 0.7788223089421219
11594, 0.7811256768617273
11595, 0.7828633128457088
11596, 0.784021078335744
11597, 0.7826059729015569
11598, 0.7751467430859839
11599, 0.7674064596269891
11600, 0.7598070934372964
11601, 0.7523571081921568
11602, 0.7450751743180801
11603, 0.7380901342279826
11604, 0.7315272552722533
11605, 0.7254844312176724
11606, 0.719987183033107
11607, 0.7150454767371011
11608, 0.7105785147528209
11609, 0.7064100689100177
11610, 0.7022332734712067
11611, 0.697716879162522
11612, 0.692641850486265
11613, 0.6872317583954989
11614, 0.6819682188116876
11615, 0.6772494846098274
11616, 0.6732889935139053
11617, 0.6702127022798863
11618, 0.668100117768102
11619, 0.6670106507735875
11620, 0.6669806110999166
11621, 0.6680349252365936
11622, 0.6701791609073697
11623, 0.6733613918611941
11624, 0.6774581894495073
11625, 0.6821780584417039
11626, 0.6867350365191696
11627, 0.6896709490108839
11628, 0.6915396321170417
11629, 0.6934341779379604
11630, 0.6956537065412778
11631, 0.698260971845305
11632, 0.7012531162703136
11633, 0.7044184434306399
11634, 0.707164565565441
11635, 0.7093050509867954
11636, 0.7116932809623836
11637, 0.7149506408828682
11638, 0.7193036871781562
11639, 0.7248244123403399
11640, 0.7315374720218064
11641, 0.7394321603837956
11642, 0.7484734141373776
11643, 0.758596170144067
11644, 0.7697254620662647
11645, 0.7817697231017802
11646, 0.7946438143574716
11647, 0.8082442223119776
11648, 0.8224629585893967
11649, 0.8371501878158871
11650, 0.8520989944105444
11651, 0.8669305654410453
11652, 0.8812656411286431
11653, 0.8953072973866139
11654, 0.9094400968877819
11655, 0.9237720260467194
11656, 0.9382659595511892
11657, 0.9527951170944058
11658, 0.9672113823592164
11659, 0.981462636190584
11660, 0.995638145463844
11661, 1.0097840075658062
11662, 1.0238499756293542
11663, 1.0376839757767575
11664, 1.0505508406515651
11665, 1.0620903680244183
11666, 1.073344886239716
11667, 1.0845266546405077
11668, 1.0957263172141585
11669, 1.10700186867463
11670, 1.1183596870606511
11671, 1.1297137653732126
11672, 1.139401420666955
11673, 1.1471385830273744
11674, 1.1533303022944177
11675, 1.157902090169599
11676, 1.1603075348834562
11677, 1.160005908917524
11678, 1.157665884416447
11679, 1.1534007353815368
11680, 1.1465519959590318
11681, 1.138878803999668
11682, 1.1308533479293041
11683, 1.1224863836792678
11684, 1.113562464820406
11685, 1.1034511489389758
11686, 1.0924402760212937
11687, 1.0808187437044452
11688, 1.0686387624496694
11689, 1.0561204423470851
11690, 1.0435276719249387
11691, 1.031049309858523
11692, 1.0187696684170644
11693, 1.0064533386430936
11694, 0.9935264115262917
11695, 0.9804812557636514
11696, 0.9668028593369328
11697, 0.9519961033410091
11698, 0.9374835135439344
11699, 0.9233154091438007
11700, 0.909522577594928
11701, 0.8961262717192497
11702, 0.8831449987397044
11703, 0.8706006730985473
11704, 0.8585128630890014
11705, 0.8468864938202788
11706, 0.8356975309192365
11707, 0.8248827852130864
11708, 0.8143296741014114
11709, 0.8038631331776558
11710, 0.7932636746846911
11711, 0.7823999971311584
11712, 0.7712814655022758
11713, 0.7597448532808285
11714, 0.746985389040573
11715, 0.7330218559145613
11716, 0.7189678961862924
11717, 0.7054322963909875
11718, 0.6926981353457587
11719, 0.680941223057207
11720, 0.6703021926495467
11721, 0.6609029929056247
11722, 0.6528575118642473
11723, 0.6462521445426963
11724, 0.6411601432014691
11725, 0.6376253480383655
11726, 0.6356779241009075
11727, 0.6353134788435253
11728, 0.6364768111572001
11729, 0.6390119115532633
11730, 0.6424383180275983
11731, 0.6444659071781652
11732, 0.6439752117367136
11733, 0.6435233453498286
11734, 0.6435975019574712
11735, 0.6441547862802971
11736, 0.645255632553117
11737, 0.6471128205496207
11738, 0.6499369604180073
11739, 0.6538583257084737
11740, 0.658912045300468
11741, 0.6650482498752303
11742, 0.6720379567372988
11743, 0.6792334479859935
11744, 0.6848683712267734
11745, 0.6879365100344242
11746, 0.6900995330991313
11747, 0.6922182417754444
11748, 0.6944401439568649
11749, 0.696772677993664
11750, 0.6991681092547283
11751, 0.7015491356030731
11752, 0.7037325436217968
11753, 0.7055391687559253
11754, 0.7070094199542105
11755, 0.7085365224310397
11756, 0.7105213277713996
11757, 0.7132405951253633
11758, 0.7167536711913519
11759, 0.7210020260841152
11760, 0.7227594674777459
11761, 0.7198643690212847
11762, 0.7175081030083758
11763, 0.7159000610065099
11764, 0.7150068941770515
11765, 0.7142543955559184
11766, 0.7114518930165669
11767, 0.7057754842983962
11768, 0.6989948524194788
11769, 0.6926865094667122
11770, 0.6875837570954849
11771, 0.6839994890603504
11772, 0.6820489857941656
11773, 0.6817139220478662
11774, 0.6827369107043954
11775, 0.6841456498231823
11776, 0.6831054536625798
11777, 0.6792920144191053
11778, 0.6735690202489215
11779, 0.6672036321725645
11780, 0.6615176670071411
11781, 0.6568510765642401
11782, 0.6532085238101227
11783, 0.6504248892022699
11784, 0.6481184087996319
11785, 0.6456475913685495
11786, 0.6422990627299575
11787, 0.6378970050199652
11788, 0.6328134051212727
11789, 0.6274198209870706
11790, 0.6219596799167906
11791, 0.6166275571146314
11792, 0.6116179068854375
11793, 0.607137395408366
11794, 0.6033879813117847
11795, 0.6005593183789562
11796, 0.598798621280941
11797, 0.5982139111009017
11798, 0.5988498844250942
11799, 0.6007065131336117
11800, 0.6037143396296557
11801, 0.6077016206545409
11802, 0.6123331116305424
11803, 0.6171146140454438
11804, 0.6217099489562432
11805, 0.626334193392383
11806, 0.6314533679893849
11807, 0.6373672831160475
11808, 0.644185705936423
11809, 0.6519020868891172
11810, 0.6604362174259707
11811, 0.6696329032488088
11812, 0.6792242742470329
11813, 0.6888565920579708
11814, 0.6983076784796914
11815, 0.7077517585159498
11816, 0.717514978468206
11817, 0.7278108524878016
11818, 0.7387057405411837
11819, 0.7501861656218768
11820, 0.7621795598789138
11821, 0.7745867834500632
11822, 0.7872835879738463
11823, 0.8001448292391361
11824, 0.813033228805717
11825, 0.8257806865695975
11826, 0.8381260753872415
11827, 0.8498931422903412
11828, 0.8613174387517004
11829, 0.872722573685086
11830, 0.8842498909258872
11831, 0.8959457335569487
11832, 0.9077997010568662
11833, 0.9197820039729423
11834, 0.9318363182785113
11835, 0.9439152422969755
11836, 0.955984595077853
11837, 0.9680596187416632
11838, 0.980180646408517
11839, 0.9924066023527773
11840, 1.0047750177612347
11841, 1.017313222653471
11842, 1.0300207346581671
11843, 1.0428818308435797
11844, 1.0558406996347434
11845, 1.0687958762010612
11846, 1.0815389802101207
11847, 1.093655350594316
11848, 1.1044935177478912
11849, 1.1138745166596922
11850, 1.1220863418147229
11851, 1.129208530517811
11852, 1.1353438997746765
11853, 1.1405898421774254
11854, 1.143121235192558
11855, 1.1435479921597198
11856, 1.1423313317518593
11857, 1.1395554647485238
11858, 1.134704115246565
11859, 1.1287860754467858
11860, 1.1222315082215293
11861, 1.1150430557451667
11862, 1.1058698342177937
11863, 1.0943841466907085
11864, 1.0821647459078827
11865, 1.0695518205524779
11866, 1.0563603021806138
11867, 1.0420209114144225
11868, 1.0268777396322657
11869, 1.0114701550862915
11870, 0.9960103406533235
11871, 0.9806282404326349
11872, 0.9654395715689278
11873, 0.950546661965054
11874, 0.9360218362640649
11875, 0.9219111892858657
11876, 0.9082375535123227
11877, 0.8950149978392274
11878, 0.8822468550094512
11879, 0.8699484887901289
11880, 0.8581389014668716
11881, 0.846858876603948
11882, 0.8361439823224663
11883, 0.8260265161889925
11884, 0.8165077808588878
11885, 0.8075651423194151
11886, 0.7991312037989683
11887, 0.7911065928566436
11888, 0.7833465423800084
11889, 0.7757063187241924
11890, 0.7680745824776065
11891, 0.7603969560213225
11892, 0.7525509585147325
11893, 0.7440562764712896
11894, 0.7343557347266584
11895, 0.7240394774639923
11896, 0.7139644987811591
11897, 0.704523839750724
11898, 0.6956904910539328
11899, 0.6867957105246754
11900, 0.6768882963892187
11901, 0.6666025201213818
11902, 0.6570115057972915
11903, 0.6486298861852785
11904, 0.6416842083668568
11905, 0.6363003890840395
11906, 0.6325322631979052
11907, 0.6303795873121382
11908, 0.6297562260207296
11909, 0.6304921204801706
11910, 0.6323260232441456
11911, 0.6350185576387304
11912, 0.6384458294633333
11913, 0.6425724138651719
11914, 0.6472935677724994
11915, 0.6524560725683758
11916, 0.6578861482300697
11917, 0.6635007504398056
11918, 0.6692804809685579
11919, 0.6752793867790398
11920, 0.6815109287612281
11921, 0.6879696134124603
11922, 0.694567348164563
11923, 0.701198308499745
11924, 0.7076839862412543
11925, 0.7138185216139115
11926, 0.7192725726726498
11927, 0.7236030693729166
11928, 0.7263730650160317
11929, 0.7275773622782549
11930, 0.7270981867046573
11931, 0.7236209273199862
11932, 0.7176127108882396
11933, 0.7111619941818682
11934, 0.7050612959646738
11935, 0.6994862770571595
11936, 0.6943629221640333
11937, 0.6894737763405263
11938, 0.6846128678109107
11939, 0.6798657988072501
11940, 0.6755405900338621
11941, 0.6719528351298892
11942, 0.669292898974643
11943, 0.6676334369198287
11944, 0.6669327503053082
11945, 0.6670704858215408
11946, 0.6678728111081365
11947, 0.6688464047369318
11948, 0.6682973779999478
11949, 0.6672216015725625
11950, 0.6667167371396958
11951, 0.6670707500729646
11952, 0.668435046748353
11953, 0.670884090400967
11954, 0.6743456503634179
11955, 0.6786205979275515
11956, 0.6834560966677832
11957, 0.6886141878199489
11958, 0.6938346992532245
11959, 0.6985628622018542
11960, 0.7016261147607074
11961, 0.7016542908238765
11962, 0.6987083620796866
11963, 0.6946750935618625
11964, 0.6909997689722446
11965, 0.6882331135403713
11966, 0.6865338143214929
11967, 0.6858042595270409
11968, 0.6858394025465375
11969, 0.6863839304275312
11970, 0.6873394847720807
11971, 0.6887317372384408
11972, 0.6906636045792682
11973, 0.6931498728908617
11974, 0.6961931661922598
11975, 0.6997780517593728
11976, 0.7039201546425554
11977, 0.7086321256881304
11978, 0.7139342815918219
11979, 0.7198530954324935
11980, 0.7264300258221581
11981, 0.7337116699990945
11982, 0.7417329412570363
11983, 0.750516177272804
11984, 0.7600192811484894
11985, 0.7702135694283683
11986, 0.7810379246043752
11987, 0.7924406819252477
11988, 0.8042930056467885
11989, 0.816421024989602
11990, 0.828562082994481
11991, 0.8404508983528112
11992, 0.8519470649867065
11993, 0.863282402415416
11994, 0.874724629972694
11995, 0.886399992688347
11996, 0.8983017784470443
11997, 0.9104015155699869
11998, 0.9226649053511979
11999, 0.9350221238780954
12000, 0.9473770510508221
12001, 0.9595818573465813
12002, 0.971503054208573
12003, 0.9829912497563473
12004, 0.9939302442975246
12005, 1.0041999470619771
12006, 1.013732381408367
12007, 1.0224665283979
12008, 1.0303968467071098
12009, 1.0375119623479396
12010, 1.043742747186148
12011, 1.0488495067545152
12012, 1.0524169218147126
12013, 1.054239515006698
12014, 1.0550053405885242
12015, 1.0552892844167594
12016, 1.0553732214936333
12017, 1.0554257323860723
12018, 1.0555734755582475
12019, 1.0559110995020182
12020, 1.0565151439137817
12021, 1.0574333399135558
12022, 1.0586808200711204
12023, 1.0602282873489592
12024, 1.0620184561837818
12025, 1.0639661304086436
12026, 1.0659705608305656
12027, 1.067904739690417
12028, 1.0696305373978352
12029, 1.0709956419806062
12030, 1.0718374370318646
12031, 1.0719591305996867
12032, 1.0711748683706463
12033, 1.0694004021897172
12034, 1.0666545612229081
12035, 1.0629509695795687
12036, 1.0582692305110064
12037, 1.0525880304647168
12038, 1.04596155055377
12039, 1.0385372787707254
12040, 1.030489797297083
12041, 1.0219715552201714
12042, 1.0131171618216948
12043, 1.0040471350805933
12044, 0.9948668979278918
12045, 0.9856653375989461
12046, 0.9765324990713887
12047, 0.9675799353696073
12048, 0.958911694753906
12049, 0.9505995612383775
12050, 0.9426756920641948
12051, 0.9352153221306506
12052, 0.928317673899563
12053, 0.9220553842934466
12054, 0.9164521460401401
12055, 0.9115117784119553
12056, 0.907221480743319
12057, 0.903579833981087
12058, 0.9005904020287443
12059, 0.8982752132354814
12060, 0.8966493168894311
12061, 0.8957227298599079
12062, 0.895477211721516
12063, 0.8958919083821084
12064, 0.8969268380355616
12065, 0.8985558165392665
12066, 0.9007640253697891
12067, 0.9035199062880065
12068, 0.9067777830124872
12069, 0.910501758778051
12070, 0.9146733715892625
12071, 0.9193090331462731
12072, 0.9244102437502969
12073, 0.9299694190249771
12074, 0.9359260167249612
12075, 0.9422301031732789
12076, 0.9487648423905864
12077, 0.9554800230404944
12078, 0.9624543138144845
12079, 0.9697372691324092
12080, 0.9772535970986951
12081, 0.9849098851427897
12082, 0.9925899471687747
12083, 1.0000453274956227
12084, 1.0066578184645925
12085, 1.0114177800626305
12086, 1.014014554553426
12087, 1.014678108734518
12088, 1.013205915757588
12089, 1.0094234744290436
12090, 1.0037905525533868
12091, 0.9967425029409672
12092, 0.9881043357581214
12093, 0.9763224321671096
12094, 0.9625453255838495
12095, 0.9463094756536283
12096, 0.9275623705984782
12097, 0.9079358378745572
12098, 0.8880116610455376
12099, 0.868199644808021
12100, 0.8488282410675299
12101, 0.8301891805834609
12102, 0.8125121483365889
12103, 0.7960355567967272
12104, 0.7809909066700654
12105, 0.7676397736127638
12106, 0.7562023245846056
12107, 0.7468363124529168
12108, 0.7396151367452631
12109, 0.7345425213139498
12110, 0.7315745805190544
12111, 0.7305803130718382
12112, 0.7312931470711813
12113, 0.7332822301859467
12114, 0.7360647962810024
12115, 0.7391560033845996
12116, 0.7420910145188657
12117, 0.7442770891153624
12118, 0.7452474902976135
12119, 0.7450086759280239
12120, 0.7440005307283022
12121, 0.742576644055702
12122, 0.7408518967948755
12123, 0.7387200757400779
12124, 0.7360736717055664
12125, 0.7329218850781793
12126, 0.7294271968633365
12127, 0.7257669673700867
12128, 0.7220979232887931
12129, 0.7184774391149549
12130, 0.7148290085578696
12131, 0.7109727041369952
12132, 0.7067686838303675
12133, 0.7023136452572467
12134, 0.6979449661838718
12135, 0.6941196880780857
12136, 0.6911715774988889
12137, 0.6892410106663482
12138, 0.6882303224765639
12139, 0.6879340119769577
12140, 0.6882937812004396
12141, 0.6895364791697844
12142, 0.6918937254833849
12143, 0.6954118977061053
12144, 0.6999143790433284
12145, 0.7050205528824903
12146, 0.710218070195235
12147, 0.715261625075955
12148, 0.7203674007675783
12149, 0.7258454133952988
12150, 0.7318494845249781
12151, 0.7384505904067409
12152, 0.7456684480402571
12153, 0.7535132924841622
12154, 0.7619491927029886
12155, 0.7709195781638598
12156, 0.7803470669446126
12157, 0.7901227724693868
12158, 0.8001131303030286
12159, 0.8101690701678745
12160, 0.820159908413553
12161, 0.8299743145159956
12162, 0.839520522033621
12163, 0.8487156523318954
12164, 0.8575207827311547
12165, 0.865935844023551
12166, 0.8740182499662277
12167, 0.8818301004843779
12168, 0.889460065124399
12169, 0.896965878027901
12170, 0.9044111229585227
12171, 0.9117982769948003
12172, 0.9191197776812893
12173, 0.9262790800083681
12174, 0.9331171565260359
12175, 0.9395179159374004
12176, 0.9456720182729752
12177, 0.9518280967125692
12178, 0.958127728390874
12179, 0.964650701073722
12180, 0.971456344512676
12181, 0.9785885962837064
12182, 0.9860372451095607
12183, 0.9937402941886838
12184, 1.0015177995687052
12185, 1.008981695924549
12186, 1.0155750058522555
12187, 1.0214048795884205
12188, 1.0270103079003243
12189, 1.0325807613660707
12190, 1.0378265820927532
12191, 1.0422091231457837
12192, 1.0459955154935288
12193, 1.0495222096427255
12194, 1.0528132755130335
12195, 1.0558184562056023
12196, 1.0584785981908076
12197, 1.060745939013464
12198, 1.0627134314460138
12199, 1.0645795296849603
12200, 1.0663767746385362
12201, 1.067775214655669
12202, 1.0679052733567027
12203, 1.0657811794684102
12204, 1.0618142005084115
12205, 1.0574787197546127
12206, 1.0530716602319177
12207, 1.048509684639202
12208, 1.043198555968033
12209, 1.0360028628961109
12210, 1.0280893744509723
12211, 1.0198290727779185
12212, 1.01118553442593
12213, 1.0020175823527595
12214, 0.9920560707697245
12215, 0.981003431193636
12216, 0.9688422445522588
12217, 0.9559357313871807
12218, 0.9426546310229471
12219, 0.9292378427889428
12220, 0.9158136202910104
12221, 0.9024483234090976
12222, 0.8891365814501749
12223, 0.8757982290657208
12224, 0.8623067228834466
12225, 0.8485766425923076
12226, 0.834610166245657
12227, 0.8204716796874602
12228, 0.8062439114477831
12229, 0.7920141174882325
12230, 0.777874747350185
12231, 0.7639280391344846
12232, 0.750283690988935
12233, 0.737051849417595
12234, 0.7243287917478453
12235, 0.7121849660460866
12236, 0.7006556732151296
12237, 0.6897408340614165
12238, 0.6794136920400434
12239, 0.669621196115081
12240, 0.660333070078789
12241, 0.6515449835435276
12242, 0.6432965503443947
12243, 0.6356526005724736
12244, 0.628689918344506
12245, 0.6223945246155301
12246, 0.6156012046512597
12247, 0.6046253515935107
12248, 0.5931195159103293
12249, 0.5826784910385935
12250, 0.5735734306808731
12251, 0.5659326835800164
12252, 0.5598530452528686
12253, 0.5553907595590828
12254, 0.5525603919004659
12255, 0.5513442582844196
12256, 0.5516434989370154
12257, 0.5531479105851888
12258, 0.5547631568653119
12259, 0.5560745715561851
12260, 0.5579781983566523
12261, 0.5606274563777116
12262, 0.5639359111002002
12263, 0.5679072040556407
12264, 0.5726271208123402
12265, 0.5782489860638771
12266, 0.5848497422744972
12267, 0.5923636183650326
12268, 0.6003675817976023
12269, 0.6079191083228128
12270, 0.6139416342374698
12271, 0.6187971721542611
12272, 0.6236329410509777
12273, 0.6290347515508247
12274, 0.6350825796446895
12275, 0.6415414913795443
12276, 0.64775132314461
12277, 0.6510585021652063
12278, 0.6493582793689817
12279, 0.6460025445503168
12280, 0.6419638553023801
12281, 0.6374050696716961
12282, 0.6324516563638218
12283, 0.627306582706669
12284, 0.6222806452977561
12285, 0.6176816318517239
12286, 0.6137688629628366
12287, 0.6107023247813337
12288, 0.6085423147558057
12289, 0.6072545488545182
12290, 0.6067282450947373
12291, 0.6068023332098965
12292, 0.6072645772096282
12293, 0.6079026222177376
12294, 0.6085630413531254
12295, 0.6092303626728288
12296, 0.6099748234876725
12297, 0.6108786740638606
12298, 0.6119289738606365
12299, 0.6130452799690737
12300, 0.6141323928877478
12301, 0.6152166383947721
12302, 0.6164336474634774
12303, 0.6179978099623246
12304, 0.6200823982942787
12305, 0.6228127094849282
12306, 0.6262492351519066
12307, 0.6304322254187288
12308, 0.6353685117425271
12309, 0.641030239743993
12310, 0.6473316162612222
12311, 0.6541564185976005
12312, 0.661368217778424
12313, 0.6687924127449272
12314, 0.6759546675867288
12315, 0.680983548086176
12316, 0.6836294382334308
12317, 0.6852799072988418
12318, 0.686716592333716
12319, 0.6884660573887206
12320, 0.6907521929326479
12321, 0.6936131161164961
12322, 0.6939637544580578
12323, 0.6937363330397944
12324, 0.6942997823734023
12325, 0.6956294576815276
12326, 0.6976669325226637
12327, 0.7003303771085946
12328, 0.7035182008659213
12329, 0.7071453072213761
12330, 0.7111676232235978
12331, 0.7155991085467435
12332, 0.7205128609388375
12333, 0.7259824537848545
12334, 0.7320506027881597
12335, 0.7387158615559274
12336, 0.7459357721529484
12337, 0.7536400577803902
12338, 0.7617265930495121
12339, 0.7700551112160828
12340, 0.7784451501678104
12341, 0.7867368983899383
12342, 0.7948867778715069
12343, 0.8029648774020067
12344, 0.8110375243876206
12345, 0.8189583970609309
12346, 0.8260166149467357
12347, 0.8324116547273087
12348, 0.8388732821341773
12349, 0.8455714411384775
12350, 0.8525183530640318
12351, 0.8596352766690394
12352, 0.8667651183498315
12353, 0.8737202440234673
12354, 0.8804206108016803
12355, 0.8868678850610022
12356, 0.8929930145836462
12357, 0.8985997143146313
12358, 0.9035748464788447
12359, 0.9080549816425402
12360, 0.9122476848731831
12361, 0.9162697535021437
12362, 0.9201545762389723
12363, 0.9235040439730697
12364, 0.9246950475754806
12365, 0.9256603301543394
12366, 0.9267344021064022
12367, 0.9278769411557365
12368, 0.9287378353538399
12369, 0.9286085942671447
12370, 0.927074943311337
12371, 0.9237289506452276
12372, 0.9205337370886553
12373, 0.9176634077779978
12374, 0.9151434328969159
12375, 0.9129900425169122
12376, 0.9112050705221933
12377, 0.9097658921862691
12378, 0.9086075879575374
12379, 0.9076162290630471
12380, 0.9066203752262775
12381, 0.9054072886049161
12382, 0.9037488148042607
12383, 0.9014535804279463
12384, 0.8983819445449795
12385, 0.8945856813038473
12386, 0.890322935949941
12387, 0.8857296422690047
12388, 0.8800704565055973
12389, 0.8732584451203594
12390, 0.8662545208733314
12391, 0.8590989349395466
12392, 0.8515696379607641
12393, 0.8434212308450721
12394, 0.8345783478830181
12395, 0.8251732395796809
12396, 0.8153019920702187
12397, 0.8040039808333862
12398, 0.7913874356348524
12399, 0.778694804418731
12400, 0.766078187225216
12401, 0.7534538563686702
12402, 0.7405636320886505
12403, 0.7275908964790264
12404, 0.7150849617828443
12405, 0.7034179915075038
12406, 0.692781055756545
12407, 0.6832888570966722
12408, 0.674990072191106
12409, 0.6678897207590992
12410, 0.6619388684165194
12411, 0.6570519136793551
12412, 0.6531673263238575
12413, 0.6503063019134249
12414, 0.648584659763078
12415, 0.6481567999349018
12416, 0.6491453728433498
12417, 0.65160672042995
12418, 0.655506899233667
12419, 0.6607112029870942
12420, 0.6669626485719873
12421, 0.6738403949008359
12422, 0.680711734661372
12423, 0.6867341271636885
12424, 0.6910846544025671
12425, 0.6932699427760229
12426, 0.6933310618978809
12427, 0.6916427251967037
12428, 0.688651057229097
12429, 0.6846989857178474
12430, 0.6800929340726327
12431, 0.675152387928097
12432, 0.6702689086867758
12433, 0.6658198048980911
12434, 0.6621406789755195
12435, 0.6595099473002924
12436, 0.6581356109737623
12437, 0.6581353689477081
12438, 0.6595005300159908
12439, 0.6620546252022755
12440, 0.665412298486665
12441, 0.6688665986718579
12442, 0.671619145889333
12443, 0.6730839063498871
12444, 0.6730561348936162
12445, 0.6721409226321323
12446, 0.6706757315893194
12447, 0.6683025771092413
12448, 0.6655285608927218
12449, 0.6631539590356942
12450, 0.6613884833296487
12451, 0.6601259645421109
12452, 0.6590068134254818
12453, 0.657404661064481
12454, 0.654596724554396
12455, 0.6503758911178664
12456, 0.645196656668112
12457, 0.6396113510294307
12458, 0.633986355187535
12459, 0.6285962206580942
12460, 0.6236384559710871
12461, 0.6192888122898027
12462, 0.6156559013147144
12463, 0.6128311494699351
12464, 0.6108522688989638
12465, 0.6097661450303955
12466, 0.6095707725783157
12467, 0.6102357479092235
12468, 0.6116573755354847
12469, 0.6136690297372616
12470, 0.6159962012032932
12471, 0.6182905677755072
12472, 0.6202559500915904
12473, 0.6218232712006697
12474, 0.6230922459152463
12475, 0.6241630617604809
12476, 0.6250899788254823
12477, 0.625933833655778
12478, 0.6267818818134498
12479, 0.6277392665418865
12480, 0.6289089642219227
12481, 0.6303810934869579
12482, 0.6322047173190675
12483, 0.6343592130015245
12484, 0.6367587590887709
12485, 0.6392514330860705
12486, 0.641822944554085
12487, 0.6446198259636129
12488, 0.6478143458841648
12489, 0.6514824832025355
12490, 0.6556486646445822
12491, 0.6602675221380163
12492, 0.665267517959273
12493, 0.6705241171070322
12494, 0.6759141109684347
12495, 0.6813314629327273
12496, 0.6867418291303847
12497, 0.6921942607601443
12498, 0.6977928691249019
12499, 0.7036448263077133
12500, 0.7098313233803398
12501, 0.7163951067581155
12502, 0.7233446278306804
12503, 0.7306590908001855
12504, 0.7383015730474606
12505, 0.7462234103504647
12506, 0.7543708497310863
12507, 0.7626950831843686
12508, 0.7711546678597452
12509, 0.7797148299367556
12510, 0.7883542377784919
12511, 0.7970412896274395
12512, 0.8057200080612283
12513, 0.8142843916383067
12514, 0.8225386217744942
12515, 0.830165951156078
12516, 0.8368219895572595
12517, 0.842470696471509
12518, 0.8474408125260022
12519, 0.8521185500397122
12520, 0.8567950274686541
12521, 0.8616515351557024
12522, 0.8667500222528209
12523, 0.8719835088490665
12524, 0.8769569015456457
12525, 0.880964365368793
12526, 0.8835603715010555
12527, 0.8855999003488993
12528, 0.887659532015326
12529, 0.8897900366470471
12530, 0.8919136042859278
12531, 0.8939949356967614
12532, 0.8960341770492248
12533, 0.8980162395555796
12534, 0.8999005681785905
12535, 0.9016831896269515
12536, 0.9033955498074394
12537, 0.905065204106765
12538, 0.9054374562653068
12539, 0.9050027031484983
12540, 0.9045541247917458
12541, 0.9040662598075715
12542, 0.9035111386009842
12543, 0.9028660728393881
12544, 0.9021055584704357
12545, 0.9012032224796226
12546, 0.9001383205855243
12547, 0.8989099538709633
12548, 0.8975237214528013
12549, 0.895977017553289
12550, 0.8941892672268024
12551, 0.891697790694202
12552, 0.8876084255067833
12553, 0.8825362289717789
12554, 0.8769814955627359
12555, 0.8710015247455309
12556, 0.8647171234533437
12557, 0.8583143797592655
12558, 0.8518083540294257
12559, 0.8441287374139688
12560, 0.8360642691805528
12561, 0.8285256595049695
12562, 0.8217173451913476
12563, 0.8157332538551287
12564, 0.8106276534911976
12565, 0.8063643760442049
12566, 0.8027041612483619
12567, 0.7989644922825803
12568, 0.7943658845188662
12569, 0.788888581997453
12570, 0.7814463474685949
12571, 0.7715584364009959
12572, 0.7615072422302882
12573, 0.7520258316976205
12574, 0.7431314941891878
12575, 0.7345467817574111
12576, 0.7257723054064319
12577, 0.7163943036805859
12578, 0.7064723897867674
12579, 0.6963821552433545
12580, 0.6864909510377001
12581, 0.6770466356742036
12582, 0.6682159814902527
12583, 0.6601016026209354
12584, 0.652790352122208
12585, 0.6463762297665613
12586, 0.6409593620178464
12587, 0.6366221479736339
12588, 0.6334131767647658
12589, 0.6313594388994093
12590, 0.6304466169010441
12591, 0.6306257351198489
12592, 0.6317705281812088
12593, 0.6336813010348106
12594, 0.6360810517284003
12595, 0.6386938028495173
12596, 0.6413555914692878
12597, 0.6440320133135625
12598, 0.6467764369228801
12599, 0.6496014064167085
12600, 0.6525046992493173
12601, 0.6554150580955028
12602, 0.6582313962557277
12603, 0.6607137733823325
12604, 0.6624848060865496
12605, 0.6629453517391355
12606, 0.6611247012822075
12607, 0.6563708884224851
12608, 0.6499487922927424
12609, 0.6431161025373874
12610, 0.6366155626076352
12611, 0.6309469904961318
12612, 0.6264320393229125
12613, 0.6232797513277714
12614, 0.6215966538989347
12615, 0.6214277873918667
12616, 0.6227640824094892
12617, 0.6255584409643051
12618, 0.6297362663982147
12619, 0.6351749847621474
12620, 0.6417064388545194
12621, 0.6491169790951954
12622, 0.6572114576899867
12623, 0.6657962982602689
12624, 0.674651451340099
12625, 0.6833442349819919
12626, 0.6906500050061651
12627, 0.6954317538751964
12628, 0.6990004876596064
12629, 0.7022623024095302
12630, 0.705333525160882
12631, 0.7081381367730317
12632, 0.7105460875649713
12633, 0.7124988154117707
12634, 0.7139582904249956
12635, 0.7148733668587491
12636, 0.7151608355428699
12637, 0.714699469821895
12638, 0.7129617389557453
12639, 0.7080875597940015
12640, 0.7022281026180869
12641, 0.6964424004221855
12642, 0.6909205301370079
12643, 0.6857444652248993
12644, 0.6809824369733471
12645, 0.6766989154469516
12646, 0.6729560319730326
12647, 0.6698255284996866
12648, 0.6673831089533819
12649, 0.6656857913061485
12650, 0.6646541712211138
12651, 0.663682412521167
12652, 0.6622434861482047
12653, 0.6612268081290944
12654, 0.6611213414376655
12655, 0.6620016259980225
12656, 0.6637950753568796
12657, 0.6663291246063522
12658, 0.6694510917070823
12659, 0.6731454548273261
12660, 0.6775277039817532
12661, 0.6827091093117326
12662, 0.6887368873633261
12663, 0.6956031092712204
12664, 0.7032746563705145
12665, 0.7117114860924199
12666, 0.7208478220117863
12667, 0.730608516128312
12668, 0.7409007302095553
12669, 0.7516241874590103
12670, 0.761031699773401
12671, 0.7691707720441098
12672, 0.7774379868310903
12673, 0.7856576034706818
12674, 0.7936048496527103
12675, 0.8010426336272529
12676, 0.8078708352035803
12677, 0.8141542202649287
12678, 0.8199818525988689
12679, 0.8253144012045146
12680, 0.8298803411194541
12681, 0.8335803044979722
12682, 0.8368990309140341
12683, 0.8402095170024516
12684, 0.8436392837578673
12685, 0.8471611714969656
12686, 0.8501547741329604
12687, 0.8516220687438683
12688, 0.8528367486602211
12689, 0.8541884358393032
12690, 0.8557186697161044
12691, 0.8574177985989354
12692, 0.8592502388238058
12693, 0.861132697332881
12694, 0.8629392679104945
12695, 0.8645289919463984
12696, 0.8657820333270425
12697, 0.8666586440981245
12698, 0.8672115323219222
12699, 0.8675351236210422
12700, 0.8677375800069637
12701, 0.8679161976819453
12702, 0.8681595904627182
12703, 0.8685126043123528
12704, 0.8689628929429716
12705, 0.869379336655592
12706, 0.8692733322814238
12707, 0.8671518156923472
12708, 0.8623012378238358
12709, 0.8554954436280467
12710, 0.8469495572985237
12711, 0.8375206038711178
12712, 0.8278403581206651
12713, 0.8181812191959437
12714, 0.808686541696913
12715, 0.7994544802547662
12716, 0.7905739383216921
12717, 0.7821376481998453
12718, 0.77423836043286
12719, 0.7669539493547635
12720, 0.7603317165570094
12721, 0.7543927214660545
12722, 0.7491575342044849
12723, 0.7446396603828003
12724, 0.7408368696006523
12725, 0.7377329640042453
12726, 0.7352864542688335
12727, 0.733452694877436
12728, 0.7321696592601133
12729, 0.7313659318616573
12730, 0.7309352869420701
12731, 0.7307380541964981
12732, 0.7306172800342521
12733, 0.7304064453788004
12734, 0.7299377527906497
12735, 0.7290338077653681
12736, 0.7275741362644259
12737, 0.7243032839970264
12738, 0.7182774844498234
12739, 0.7119706911001528
12740, 0.7056134934346417
12741, 0.6993752985491154
12742, 0.6933643506475654
12743, 0.6875860237891888
12744, 0.681904964330296
12745, 0.6759872737661308
12746, 0.6694612220176733
12747, 0.6622207186121535
12748, 0.6544189516030261
12749, 0.6463438483079373
12750, 0.6386350194296138
12751, 0.6318825886994354
12752, 0.6264129751531153
12753, 0.6223704688609203
12754, 0.6197802724302157
12755, 0.6185804738147154
12756, 0.6185767567001549
12757, 0.6193658393568091
12758, 0.6203483601418288
12759, 0.6209603388394237
12760, 0.6211356824795545
12761, 0.6212504725724587
12762, 0.6216720175833839
12763, 0.6224942830106107
12764, 0.6235821479046992
12765, 0.6246239361798499
12766, 0.625247013820105
12767, 0.6252533379216632
12768, 0.6248473788482606
12769, 0.6244763082626464
12770, 0.6245850977215636
12771, 0.6254697917622327
12772, 0.6268479311796179
12773, 0.627071270836723
12774, 0.627710205743831
12775, 0.6294499595679293
12776, 0.6293029674907881
12777, 0.6283758801823395
12778, 0.6280516631288582
12779, 0.6277532124163973
12780, 0.6267668302068571
12781, 0.6247396976522684
12782, 0.6218945509438889
12783, 0.6186728429385315
12784, 0.61548793398223
12785, 0.6126271450678238
12786, 0.6102646549782585
12787, 0.6084759049854167
12788, 0.607268528717926
12789, 0.6065904601189616
12790, 0.6063574439555695
12791, 0.6064053417964158
12792, 0.6064157765205194
12793, 0.6057652786873949
12794, 0.604087823398954
12795, 0.6018780863635511
12796, 0.5995803040776746
12797, 0.5973658368011286
12798, 0.5952988143615268
12799, 0.5934286200735113
12800, 0.5918183872527893
12801, 0.5905727376770152
12802, 0.5897967892267083
12803, 0.5895824158168289
12804, 0.5899984668499683
12805, 0.5910862781459155
12806, 0.5928599804870665
12807, 0.5953109242639417
12808, 0.5984068110355177
12809, 0.6020954773193313
12810, 0.6063090690253669
12811, 0.6109760329839893
12812, 0.6160263150377125
12813, 0.6213797206642849
12814, 0.6269633430090368
12815, 0.6327182021363889
12816, 0.6386194948509901
12817, 0.6446753146907687
12818, 0.6509310313769847
12819, 0.6574470009827288
12820, 0.6642923933968236
12821, 0.6715236769220612
12822, 0.6791864646140722
12823, 0.6872991338111356
12824, 0.6958458903508284
12825, 0.7047116029183845
12826, 0.7134759951031696
12827, 0.7211963265169918
12828, 0.7281713961644866
12829, 0.7351572891930013
12830, 0.7423289766310444
12831, 0.7496839410810318
12832, 0.7572093371083144
12833, 0.764905617702019
12834, 0.7727700537999643
12835, 0.7807168319400445
12836, 0.7884727640281597
12837, 0.7957070964484001
12838, 0.8024717100975841
12839, 0.8088632037637715
12840, 0.8139419305603389
12841, 0.8175727251354565
12842, 0.821139576169459
12843, 0.8228319049654976
12844, 0.8235814219784747
12845, 0.824321371601338
12846, 0.8249083310057496
12847, 0.8255543949390352
12848, 0.8265071798638951
12849, 0.8278346335855971
12850, 0.829454794797905
12851, 0.8311619240002587
12852, 0.8326489312218348
12853, 0.8335569817502424
12854, 0.8335652912809338
12855, 0.8325107574754428
12856, 0.8303305240511775
12857, 0.8269976865380395
12858, 0.8225710845817744
12859, 0.8172992715630782
12860, 0.8115129151745074
12861, 0.8054946465708337
12862, 0.7994280888343155
12863, 0.7934413961975687
12864, 0.7875828703897841
12865, 0.7817768340279608
12866, 0.7758519807955153
12867, 0.7698921284756269
12868, 0.764210751216897
12869, 0.7590440182440148
12870, 0.7545300407961455
12871, 0.7507412633710018
12872, 0.747708640275833
12873, 0.7454263531670791
12874, 0.7438577150048429
12875, 0.7429238366260832
12876, 0.7424839524524597
12877, 0.7422604515203731
12878, 0.7414356936220287
12879, 0.7389786231249387
12880, 0.7355840769632626
12881, 0.7315671629758019
12882, 0.7270605728455243
12883, 0.7222753471965451
12884, 0.7174278301612083
12885, 0.7126759147163544
12886, 0.7080876083486309
12887, 0.7036630643997136
12888, 0.6993700685303117
12889, 0.6951648916949641
12890, 0.6910091427001428
12891, 0.6868580316325297
12892, 0.6826713873576538
12893, 0.67842100979122
12894, 0.6741268065946686
12895, 0.6698271746097682
12896, 0.665572795374897
12897, 0.6613920189186604
12898, 0.6573032787828214
12899, 0.6533094784991932
12900, 0.6494311884009987
12901, 0.6457062320021072
12902, 0.6422101233281191
12903, 0.6390673862489564
12904, 0.6364367022354094
12905, 0.6345010159411953
12906, 0.6334426731278127
12907, 0.6334230641853281
12908, 0.6345457705802005
12909, 0.636797372296889
12910, 0.6397764458844036
12911, 0.6417091718693395
12912, 0.6405885151847016
12913, 0.638675453395676
12914, 0.6376332023638485
12915, 0.6378155124182217
12916, 0.6392141558318677
12917, 0.6416780367603165
12918, 0.645041868627354
12919, 0.6491779312694176
12920, 0.654011124784861
12921, 0.659444161158138
12922, 0.6653713709174032
12923, 0.67169993946734
12924, 0.6784023450948432
12925, 0.6854559611509679
12926, 0.6922981525477311
12927, 0.6926732714924368
12928, 0.6911429165808737
12929, 0.6897396235978168
12930, 0.6883970191534956
12931, 0.6870773004542254
12932, 0.6858381776609932
12933, 0.684830762365219
12934, 0.6841784848820092
12935, 0.6839521986299634
12936, 0.6840761936438943
12937, 0.6843199419001749
12938, 0.684227229739282
12939, 0.683385644294761
12940, 0.6817947642258452
12941, 0.6796641974893225
12942, 0.677228111224189
12943, 0.6747399786980173
12944, 0.6723569785930306
12945, 0.6698245854638734
12946, 0.6665470435153061
12947, 0.6627503306608751
12948, 0.6592875341926862
12949, 0.6566224698800086
12950, 0.6549507115163857
12951, 0.6543487181065453
12952, 0.6548442148104991
12953, 0.6564079012162628
12954, 0.6590127291878577
12955, 0.6626250302469411
12956, 0.6672243288320936
12957, 0.6727571513246087
12958, 0.6791560990612637
12959, 0.686335812476085
12960, 0.6942256856012756
12961, 0.7027393132213401
12962, 0.711476738706946
12963, 0.7184833789712006
12964, 0.7249391922544866
12965, 0.7315963877698869
12966, 0.7383378542764262
12967, 0.7449670568431302
12968, 0.751176296009595
12969, 0.7566129123599977
12970, 0.7609315948333305
12971, 0.7640102111479995
12972, 0.7659879023459799
12973, 0.7670680061927324
12974, 0.7674355610831787
12975, 0.7671845483177794
12976, 0.7663901597620312
12977, 0.7650788808674684
12978, 0.7632786163828313
12979, 0.7610056607341186
12980, 0.7583062607145138
12981, 0.7552503822815406
12982, 0.7519421880313357
12983, 0.7484775715000092
12984, 0.7449320125233988
12985, 0.7413709251143226
12986, 0.7378768266943365
12987, 0.7345595482769415
12988, 0.7315354053578699
12989, 0.7289179620275827
12990, 0.7268130155741548
12991, 0.725311008800197
12992, 0.7244969532837734
12993, 0.7244247508872269
12994, 0.7251111945819354
12995, 0.7265265042462762
12996, 0.7286140988745957
12997, 0.7312959159035913
12998, 0.7344753964364652
12999, 0.7380455941164323
13000, 0.7419079704158571
13001, 0.7459798685119955
13002, 0.7502142819802994
13003, 0.7545934614306654
13004, 0.7591252364895956
13005, 0.763818915927341
13006, 0.7686708543578065
13007, 0.7736741688391563
13008, 0.7788116051195108
13009, 0.784074430824503
13010, 0.7894530484469433
13011, 0.7949517180161836
13012, 0.8005724430294354
13013, 0.8063160656463078
13014, 0.8121519377464995
13015, 0.8179371429231325
13016, 0.8232189573743813
13017, 0.8277478657942074
13018, 0.8321798752891642
13019, 0.8369215636857592
13020, 0.8418751561302419
13021, 0.8463961887104383
13022, 0.8507951662769643
13023, 0.8557737135548809
13024, 0.8615206635207374
13025, 0.8680156864092485
13026, 0.8748273591763596
13027, 0.8808688328235669
13028, 0.886983134823994
13029, 0.8931193722795611
13030, 0.8969311752509063
13031, 0.9006500960751573
13032, 0.9045795466417943
13033, 0.9083423096572875
13034, 0.9110076288820084
13035, 0.9130365078970407
13036, 0.9151894135752978
13037, 0.9175503914173232
13038, 0.9199438133893159
13039, 0.9216692701922459
13040, 0.922129707686603
13041, 0.921937629652812
13042, 0.9213268962234339
13043, 0.919958631904514
13044, 0.9163405144947808
13045, 0.9103668056714136
13046, 0.9032117903204295
13047, 0.8951501187271035
13048, 0.8871440367174542
13049, 0.8795558331642128
13050, 0.8719437237095053
13051, 0.8636379916234512
13052, 0.8555004761055744
13053, 0.8479293720424594
13054, 0.8410113943691946
13055, 0.8347281385750414
13056, 0.8289827632207897
13057, 0.823682216238404
13058, 0.8187377075189002
13059, 0.8140025120056449
13060, 0.8092278094429831
13061, 0.8040830706758967
13062, 0.7982601859314284
13063, 0.7914822975014472
13064, 0.7836263471451506
13065, 0.7748140904789176
13066, 0.7653506429761977
13067, 0.7555672097090365
13068, 0.7457343405459514
13069, 0.736056565361566
13070, 0.7266738065312658
13071, 0.7177359426162915
13072, 0.709376248844133
13073, 0.7017068795296217
13074, 0.694858329353413
13075, 0.6889552886936908
13076, 0.6841213668779292
13077, 0.680463297760875
13078, 0.6780632240525698
13079, 0.6769657585360287
13080, 0.6771925145782255
13081, 0.6787334598702263
13082, 0.6815196164776699
13083, 0.6854367040661589
13084, 0.6903388052195975
13085, 0.6960332566978346
13086, 0.7023061835156393
13087, 0.7088871226447919
13088, 0.7155101254047671
13089, 0.7219132801477649
13090, 0.727896473647492
13091, 0.7333049287020247
13092, 0.7379998988170776
13093, 0.7416604972121661
13094, 0.7432476469376214
13095, 0.7401657485281499
13096, 0.7339516009642253
13097, 0.7272453894481582
13098, 0.7204137832304183
13099, 0.7136581332627149
13100, 0.7071158217663769
13101, 0.700898625812766
13102, 0.6951114853964651
13103, 0.6898459572771756
13104, 0.6852155677669824
13105, 0.6813166277314985
13106, 0.6782567536016378
13107, 0.6761330918167505
13108, 0.6750374563666373
13109, 0.675005215585973
13110, 0.6760188967108732
13111, 0.6780195134232907
13112, 0.6808918185779028
13113, 0.6844549458112069
13114, 0.6884180557764152
13115, 0.6924300560937782
13116, 0.6961765748357021
13117, 0.6995548265570918
13118, 0.702625395725797
13119, 0.7054277962696244
13120, 0.7079348675582401
13121, 0.7100738377027767
13122, 0.7117750199160393
13123, 0.7129844033500289
13124, 0.7136994528251828
13125, 0.713930527055241
13126, 0.713683509000452
13127, 0.7129471296101197
13128, 0.7116449638266303
13129, 0.7096908368532867
13130, 0.7070486176577157
13131, 0.7038703628095325
13132, 0.7003552471754849
13133, 0.6966969214921336
13134, 0.6930497500913455
13135, 0.6895361297665225
13136, 0.6862779847205667
13137, 0.6833754565662999
13138, 0.6809406033557239
13139, 0.6790718531450389
13140, 0.6778786399449853
13141, 0.6774413832072058
13142, 0.6778039543842228
13143, 0.6789865527369389
13144, 0.6809731208938905
13145, 0.6837126694440286
13146, 0.6870885079214063
13147, 0.6908820386817374
13148, 0.6947485656732613
13149, 0.698308912228412
13150, 0.7013798645805452
13151, 0.7040766493973305
13152, 0.7066502065353595
13153, 0.709334295220943
13154, 0.7122887413343649
13155, 0.7156050927809838
13156, 0.7193020888266702
13157, 0.7233356627859779
13158, 0.7276248847431102
13159, 0.732070049194128
13160, 0.7365337557894497
13161, 0.7408568764275331
13162, 0.7449395110714911
13163, 0.7487690557799188
13164, 0.7523919481010102
13165, 0.7558628958597219
13166, 0.7591946406284121
13167, 0.7623448823993655
13168, 0.765186161037866
13169, 0.7675321641956587
13170, 0.7692598545192242
13171, 0.7703535819019922
13172, 0.7707537887344864
13173, 0.7701777403717074
13174, 0.7686502545461465
13175, 0.7667443245907354
13176, 0.7648493942414106
13177, 0.7631161186173279
13178, 0.7615580719012554
13179, 0.7600658301779502
13180, 0.7584516736353664
13181, 0.7565479083538981
13182, 0.754240168487292
13183, 0.7513997112757681
13184, 0.7479041785958751
13185, 0.7437425677333088
13186, 0.7390171551372833
13187, 0.7338966485390579
13188, 0.7285444719197351
13189, 0.7230878620002924
13190, 0.7176139370018723
13191, 0.7121514080655669
13192, 0.7067320531648814
13193, 0.7014194245673073
13194, 0.6963213372941413
13195, 0.6915567348730156
13196, 0.6872291567475046
13197, 0.6833940360249844
13198, 0.6800574691698753
13199, 0.677194725899346
13200, 0.6747596934210672
13201, 0.672706680807133
13202, 0.6709960275477818
13203, 0.6696027125744256
13204, 0.668503297069955
13205, 0.6676950824759224
13206, 0.6671883975303133
13207, 0.6670287695582142
13208, 0.6672675212919917
13209, 0.6679367821778948
13210, 0.66898051511518
13211, 0.6702330290282542
13212, 0.6714782289442971
13213, 0.6726531952315291
13214, 0.6738665703823458
13215, 0.6750857591265689
13216, 0.6760474304260061
13217, 0.6764252950231817
13218, 0.6762082295103865
13219, 0.6757793578853291
13220, 0.6755823358034959
13221, 0.6759495014088918
13222, 0.6770230638713509
13223, 0.6785248631502089
13224, 0.6751615761894203
13225, 0.6689141235799627
13226, 0.6632879804871604
13227, 0.6585059742778543
13228, 0.6546793629216169
13229, 0.6518970981787235
13230, 0.6502600965641442
13231, 0.6498424599765948
13232, 0.6507086119196279
13233, 0.6528997052776803
13234, 0.6564350884241786
13235, 0.6612987649860778
13236, 0.6674200700202634
13237, 0.6746802325236735
13238, 0.6829004791336105
13239, 0.6917572953801244
13240, 0.7006437666847151
13241, 0.7085961625456183
13242, 0.7150556233760267
13243, 0.7203978115515006
13244, 0.7249969204530057
13245, 0.7287675727559126
13246, 0.7315064888825371
13247, 0.7331436771177807
13248, 0.7320378685031841
13249, 0.7289066278301405
13250, 0.724215844151443
13251, 0.7184090889460433
13252, 0.7121885514941134
13253, 0.7057119760088864
13254, 0.6989655913251848
13255, 0.691890123210477
13256, 0.684479976000424
13257, 0.6768048461718562
13258, 0.6690350904182054
13259, 0.6614019519131943
13260, 0.6541649844112487
13261, 0.647557934434138
13262, 0.6417718082868679
13263, 0.6369547338757153
13264, 0.6332083596022365
13265, 0.6305944961620676
13266, 0.6291210298882197
13267, 0.6287333682983334
13268, 0.6293307990143201
13269, 0.6307726445018937
13270, 0.6329036363603248
13271, 0.6355667028895126
13272, 0.6386133393284208
13273, 0.6419180806513337
13274, 0.6453997136319044
13275, 0.649022946599714
13276, 0.6527777098954082
13277, 0.6566615739395382
13278, 0.6606486608276996
13279, 0.6646763655664956
13280, 0.6686438137694678
13281, 0.6723971962009647
13282, 0.6757990310773798
13283, 0.6788285878660122
13284, 0.6815566489877458
13285, 0.6840654917398478
13286, 0.6863696135484679
13287, 0.6884127369060796
13288, 0.6900925110838525
13289, 0.6913120774495541
13290, 0.6920097559048278
13291, 0.69215684352228
13292, 0.6917307931221094
13293, 0.6906981792539104
13294, 0.6890547200507576
13295, 0.6869003996707779
13296, 0.684433986252311
13297, 0.6818748680006477
13298, 0.6794256976932485
13299, 0.6773030225318735
13300, 0.6757556911703594
13301, 0.6750369413866064
13302, 0.6753778825007559
13303, 0.6769551548329203
13304, 0.6798923977454367
13305, 0.6842562797797861
13306, 0.6900726168191134
13307, 0.6973252830654855
13308, 0.7059477971346146
13309, 0.7157694331221851
13310, 0.725833461754753
13311, 0.7356150571619389
13312, 0.7460206452638333
13313, 0.7567581655815531
13314, 0.7670286929689918
13315, 0.7761191213342288
13316, 0.7844163357241605
13317, 0.7923543647400908
13318, 0.7999937435142875
13319, 0.8071866444493927
13320, 0.8137257955003361
13321, 0.8193509069301591
13322, 0.8238097187218547
13323, 0.8268651750858397
13324, 0.8283123339193764
13325, 0.8279435087182679
13326, 0.8241584019724495
13327, 0.8181324947852073
13328, 0.8110754563578544
13329, 0.8033566082154373
13330, 0.7952749179506738
13331, 0.7871206001426829
13332, 0.7791600279821925
13333, 0.7716241343930528
13334, 0.7646979128484036
13335, 0.7584710796676037
13336, 0.7529440996336535
13337, 0.7479720139594459
13338, 0.7432593191505197
13339, 0.7384641754368729
13340, 0.7333939420091987
13341, 0.7282946321965809
13342, 0.7236701011197136
13343, 0.7197947331606603
13344, 0.7167349893791899
13345, 0.7144587600575434
13346, 0.7129066250498087
13347, 0.7120378779619042
13348, 0.7116518795696245
13349, 0.7107349234545461
13350, 0.7070506715573375
13351, 0.7019360370834478
13352, 0.6969150168699872
13353, 0.6922810770633622
13354, 0.6880716485785627
13355, 0.6842333048817582
13356, 0.6807052307396795
13357, 0.6774170276925069
13358, 0.6743267636584354
13359, 0.671397697407152
13360, 0.668619955772197
13361, 0.6659969700628379
13362, 0.6635359605739781
13363, 0.6612410938050698
13364, 0.6590737934828828
13365, 0.6569395604444268
13366, 0.6546859786525228
13367, 0.6521379731243822
13368, 0.6492146444957433
13369, 0.6460154706193527
13370, 0.6427946588770593
13371, 0.639830621688158
13372, 0.6373257766550149
13373, 0.6353835379877238
13374, 0.6339685437955855
13375, 0.6329141126279726
13376, 0.6321149758705263
13377, 0.6317672732391546
13378, 0.6321724742466296
13379, 0.6335082416148236
13380, 0.6358208202170526
13381, 0.6390446648706127
13382, 0.6430069373607331
13383, 0.64739802163024
13384, 0.6517239894162157
13385, 0.6552813336852552
13386, 0.6573522298425326
13387, 0.6578983305393803
13388, 0.657632304006442
13389, 0.6573051091791923
13390, 0.6574395495645282
13391, 0.6583228238518114
13392, 0.6600762642037502
13393, 0.6625346439678096
13394, 0.6642080995308952
13395, 0.6619504367420339
13396, 0.6587660691900085
13397, 0.6562088617908354
13398, 0.6545183980202989
13399, 0.6537662686723074
13400, 0.6539428797232555
13401, 0.6549837113223155
13402, 0.6567014487985273
13403, 0.6582647635557104
13404, 0.6577479322600329
13405, 0.6560021969786127
13406, 0.6540984912538037
13407, 0.652417657963927
13408, 0.6510363502284592
13409, 0.6499491595266444
13410, 0.6491496735609377
13411, 0.6486638487839435
13412, 0.6485629236135716
13413, 0.6489429312712232
13414, 0.6499243835720153
13415, 0.6516134281377483
13416, 0.6540975319971716
13417, 0.6574235251366041
13418, 0.6615786441105768
13419, 0.6664989132840857
13420, 0.6720704660378282
13421, 0.6781351402969508
13422, 0.6844517235957814
13423, 0.690626821140083
13424, 0.6962035001700895
13425, 0.7009885133013942
13426, 0.7051647074875951
13427, 0.7088772632293396
13428, 0.7120246211013457
13429, 0.7141879275145736
13430, 0.7147074532393529
13431, 0.7133518941416132
13432, 0.7106929523192701
13433, 0.70746736866737
13434, 0.7040949441131167
13435, 0.7007646739234512
13436, 0.6975713100078534
13437, 0.6945793492146849
13438, 0.6918521838307218
13439, 0.689444011078743
13440, 0.6874016979697681
13441, 0.6857843908546104
13442, 0.6846448874977487
13443, 0.6840209124939791
13444, 0.6839127266218924
13445, 0.6842925501969144
13446, 0.6851770697947452
13447, 0.6866489152693764
13448, 0.6888002218907121
13449, 0.6916660817404572
13450, 0.6952096848238711
13451, 0.6993149576992493
13452, 0.7037584426487786
13453, 0.7081954162479998
13454, 0.7122337300574717
13455, 0.7156397007575407
13456, 0.7184054633833276
13457, 0.7206183971287514
13458, 0.7224047389549005
13459, 0.7238734444481272
13460, 0.7250761793081492
13461, 0.7256274629528484
13462, 0.7239519322819372
13463, 0.7214459613950586
13464, 0.7186253435992978
13465, 0.7155766314321969
13466, 0.7124190789014758
13467, 0.709344349327858
13468, 0.706562138125001
13469, 0.7042918805200961
13470, 0.7027151201857482
13471, 0.7019707529993588
13472, 0.7021316727334662
13473, 0.7032024827969134
13474, 0.7051352058647635
13475, 0.7078153419215368
13476, 0.7110626945790318
13477, 0.7146709597077024
13478, 0.7184790528494295
13479, 0.7224115031536872
13480, 0.7263977923753148
13481, 0.7303069912135314
13482, 0.7339229199042862
13483, 0.7370359537039056
13484, 0.739582240731807
13485, 0.7417374456861062
13486, 0.7437825219429619
13487, 0.7459415997540259
13488, 0.7483110093019337
13489, 0.7508794973158666
13490, 0.7535868783881666
13491, 0.756292074338648
13492, 0.7588802499700974
13493, 0.7612622828051673
13494, 0.7633865088239609
13495, 0.7651389501549868
13496, 0.7653065225898341
13497, 0.762111990886126
13498, 0.7567647500443773
13499, 0.7500864821396732
13500, 0.7437456106308132
13501, 0.7382992041007906
13502, 0.7338707820314562
13503, 0.7303919522677479
13504, 0.7277059648000029
13505, 0.7257972457454935
13506, 0.724848987338975
13507, 0.7250341130956386
13508, 0.726408028028133
13509, 0.7289195668744086
13510, 0.732442893416071
13511, 0.7367995468252311
13512, 0.7417375823495194
13513, 0.7469408444485606
13514, 0.7520648127252932
13515, 0.7567644021700239
13516, 0.7608213827917799
13517, 0.7641935686019479
13518, 0.7670105346034943
13519, 0.7694481425162557
13520, 0.7714939878848768
13521, 0.7728228863581841
13522, 0.7729987585795004
13523, 0.7721053291627424
13524, 0.7707064214979625
13525, 0.7692499157941947
13526, 0.7679340205343703
13527, 0.7667914769053661
13528, 0.7658445731694784
13529, 0.7651280143248873
13530, 0.7646956995234474
13531, 0.7646242421671586
13532, 0.7649683810840454
13533, 0.765768432431477
13534, 0.7669925737805671
13535, 0.7682682704316315
13536, 0.7665897072213248
13537, 0.7645235430739973
13538, 0.7621471051551177
13539, 0.7595941880277052
13540, 0.7570693608563819
13541, 0.7547692275249748
13542, 0.7528481905982946
13543, 0.7514017404151492
13544, 0.7504686692350448
13545, 0.7500474069260207
13546, 0.750075273287712
13547, 0.7504501737170076
13548, 0.7510142733602474
13549, 0.7515574573770789
13550, 0.7518519136955805
13551, 0.7516758711651986
13552, 0.7509166064805166
13553, 0.749568707500669
13554, 0.7476997743582414
13555, 0.7453797791562118
13556, 0.7426402019297328
13557, 0.7395112811796162
13558, 0.7360406802534376
13559, 0.7323242965229685
13560, 0.7284955589235177
13561, 0.7246971497082991
13562, 0.7210816449747179
13563, 0.7177800186155882
13564, 0.7149290473607142
13565, 0.7126334362786573
13566, 0.710960076526859
13567, 0.7099306867380897
13568, 0.7095236157899676
13569, 0.7096876084844975
13570, 0.7103317782243433
13571, 0.7113109628116562
13572, 0.7124237534310749
13573, 0.7134606038682236
13574, 0.714224656325967
13575, 0.7145588368109285
13576, 0.7143236022678139
13577, 0.7134256805040399
13578, 0.711865282775314
13579, 0.7097073754010816
13580, 0.7070614314450069
13581, 0.70402383943072
13582, 0.7006758301502609
13583, 0.6971030197832984
13584, 0.6934641343947603
13585, 0.6899961844215563
13586, 0.6869558377488041
13587, 0.6845732267903248
13588, 0.6830166814444739
13589, 0.6824027268619892
13590, 0.6827777888347377
13591, 0.6841206721915045
13592, 0.686343202401678
13593, 0.6893179120158771
13594, 0.6929065686468824
13595, 0.696957664771088
13596, 0.7013593650859786
13597, 0.706008173499074
13598, 0.7108199119558472
13599, 0.7156822221065892
13600, 0.7204401543122401
13601, 0.7249014427709255
13602, 0.7288539127745564
13603, 0.7321024718725362
13604, 0.7345329859567412
13605, 0.7361261830708415
13606, 0.7369363102303855
13607, 0.7370508279134469
13608, 0.7365744357832499
13609, 0.7356025090953684
13610, 0.7342144943428186
13611, 0.7311882446688599
13612, 0.7252925036046912
13613, 0.71906480189746
13614, 0.7125299910007437
13615, 0.7056879282475684
13616, 0.6985340078727741
13617, 0.6910952113071513
13618, 0.6834715268019392
13619, 0.6758237640006071
13620, 0.6683322047318409
13621, 0.661137497651382
13622, 0.6543555701544864
13623, 0.6480685247101201
13624, 0.6423616497373131
13625, 0.6373119749118399
13626, 0.6329935803304514
13627, 0.6294746705437861
13628, 0.6268248697316988
13629, 0.625126807964907
13630, 0.6244607249914961
13631, 0.6248974805645993
13632, 0.6264906749315962
13633, 0.6292729721501673
13634, 0.6332416044546254
13635, 0.6383418147493246
13636, 0.6444876094756457
13637, 0.6515599329984713
13638, 0.65940739876862
13639, 0.6678274574049473
13640, 0.6765466999098809
13641, 0.6852272468884053
13642, 0.6935604618911962
13643, 0.7013569334457694
13644, 0.7085744772086902
13645, 0.7151391839888612
13646, 0.720904348321102
13647, 0.7256998047404931
13648, 0.7293705699669629
13649, 0.7318111056495556
13650, 0.732890393734355
13651, 0.7324936072838472
13652, 0.7305243119766204
13653, 0.7269178928793396
13654, 0.7216639047879856
13655, 0.7148592373870519
13656, 0.7068610573050136
13657, 0.6982510225824732
13658, 0.6896394220394967
13659, 0.6815274443972833
13660, 0.6742691542168414
13661, 0.6681068817206506
13662, 0.6631948733943861
13663, 0.6596200811276622
13664, 0.6574120900189981
13665, 0.6565305235026889
13666, 0.6568680728407011
13667, 0.6582332784995193
13668, 0.6603667093989093
13669, 0.662957347367612
13670, 0.6657086001375031
13671, 0.6684041981293143
13672, 0.67093676001072
13673, 0.6732556661944208
13674, 0.6753336263995503
13675, 0.677167453620448
13676, 0.6787240619959286
13677, 0.6796231091277043
13678, 0.6788980133348744
13679, 0.6761501822973975
13680, 0.6725076967761052
13681, 0.6690203636084872
13682, 0.6661653637635804
13683, 0.6641334695201538
13684, 0.66300159454887
13685, 0.6627843842856705
13686, 0.6634503647605988
13687, 0.6648762552069366
13688, 0.6668068857239254
13689, 0.6689264084219156
13690, 0.6710661473387712
13691, 0.6733242658969307
13692, 0.6757656414736741
13693, 0.6782475366265336
13694, 0.6803665994824996
13695, 0.6815838465308226
13696, 0.6816442818343865
13697, 0.6808560866235442
13698, 0.6797800767068973
13699, 0.6787103755464421
13700, 0.6772538787338347
13701, 0.6744413332125722
13702, 0.6711428671025523
13703, 0.6682056806762465
13704, 0.6658577116714599
13705, 0.6641622045079376
13706, 0.6631175137385829
13707, 0.6626823352678836
13708, 0.6627751885899951
13709, 0.6632803182535647
13710, 0.6640825664532214
13711, 0.6650619241208946
13712, 0.6661182940152425
13713, 0.6671360476272774
13714, 0.668006154899077
13715, 0.6687424332212408
13716, 0.6694850779446669
13717, 0.6703352993113714
13718, 0.6711832116667689
13719, 0.6717684220203417
13720, 0.6719785801241719
13721, 0.6720023574306059
13722, 0.6721429668960639
13723, 0.6725934545207053
13724, 0.673428838179355
13725, 0.6746603325922108
13726, 0.6762563997797061
13727, 0.6781759494859241
13728, 0.6803603034463495
13729, 0.6827373980475817
13730, 0.6851163950088397
13731, 0.6868643111983866
13732, 0.6875891011029667
13733, 0.6881390473537297
13734, 0.6890657662371564
13735, 0.6905714628998003
13736, 0.6927473661085789
13737, 0.6956211268024376
13738, 0.6962540582208104
13739, 0.6966306927544447
13740, 0.6976174323013556
13741, 0.6989757114214497
13742, 0.7001991451552598
13743, 0.7009750140427207
13744, 0.7016541280459767
13745, 0.702502535211292
13746, 0.703370899204991
13747, 0.7036171787919047
13748, 0.7025821458853528
13749, 0.7007058062397731
13750, 0.6985861892275046
13751, 0.696530698278034
13752, 0.6946994100306846
13753, 0.6931508232457293
13754, 0.691858185301226
13755, 0.690735088735004
13756, 0.6896054011029471
13757, 0.6881372826990173
13758, 0.6858566230129373
13759, 0.68235275854983
13760, 0.67782927631096
13761, 0.6731869108687224
13762, 0.6690628873805181
13763, 0.6657735058113475
13764, 0.6634849488724054
13765, 0.6622927443204559
13766, 0.662258160734325
13767, 0.6634222101065106
13768, 0.6658053850992489
13769, 0.6693980132851596
13770, 0.6741619695428285
13771, 0.6800146714471644
13772, 0.6868468201942048
13773, 0.6944611888225821
13774, 0.7025118126714767
13775, 0.7104574804635976
13776, 0.7180340392548816
13777, 0.7254082521233026
13778, 0.7314805699615543
13779, 0.7336333934568352
13780, 0.7354832025560738
13781, 0.7373369073768503
13782, 0.7392631049282126
13783, 0.7413078255916212
13784, 0.7434218517116674
13785, 0.7452370856499883
13786, 0.7458138608383681
13787, 0.7454724858368792
13788, 0.7449534004299337
13789, 0.7431962125448721
13790, 0.7336952001288651
13791, 0.7242755970212514
13792, 0.7150780567164956
13793, 0.7062105731854953
13794, 0.6977594598740819
13795, 0.6897705583484651
13796, 0.6822853349342606
13797, 0.6753938801003632
13798, 0.6692183885223363
13799, 0.6639244786199509
13800, 0.6596615314433015
13801, 0.6565489462006665
13802, 0.6546924860443842
13803, 0.6541514542118816
13804, 0.6549605070942822
13805, 0.6570984890716794
13806, 0.660496333525408
13807, 0.6650414135665944
13808, 0.6705621693822402
13809, 0.6768359701426383
13810, 0.6835656849972632
13811, 0.6903907850536476
13812, 0.6967450844404255
13813, 0.7016671124298273
13814, 0.7046289206811757
13815, 0.7043494916891402
13816, 0.7023094010744422
13817, 0.7003157775811735
13818, 0.6983183011294929
13819, 0.6962797926447187
13820, 0.6945631912694
13821, 0.6936455655762435
13822, 0.6935361023155167
13823, 0.6923943301345791
13824, 0.6916617560760104
13825, 0.6915003026762483
13826, 0.688182554243957
13827, 0.683018106724333
13828, 0.6787083766882304
13829, 0.675470403056864
13830, 0.6731249991360488
13831, 0.6714523277457176
13832, 0.67034883682898
13833, 0.6698879210838745
13834, 0.6701960309258331
13835, 0.6713064215197869
13836, 0.6730178737202291
13837, 0.6747505582435032
13838, 0.6764216864348601
13839, 0.6784251756710331
13840, 0.6807974077534131
13841, 0.6834716482069407
13842, 0.6864727960938349
13843, 0.6899653808341273
13844, 0.694140265380864
13845, 0.6991479807986187
13846, 0.7050863119407514
13847, 0.7119721952008318
13848, 0.7197674878811898
13849, 0.7283601362544083
13850, 0.7375911313866849
13851, 0.7472711574709654
13852, 0.757177370361897
13853, 0.7668110561665722
13854, 0.7734701536429579
13855, 0.7795270149808168
13856, 0.7849931912543053
13857, 0.78957016647713
13858, 0.7928875757276764
13859, 0.7946290520383859
13860, 0.7947638672392536
13861, 0.7935180028370346
13862, 0.7912703801839389
13863, 0.7883912709846201
13864, 0.784614944908249
13865, 0.7794256249182231
13866, 0.7737531497368572
13867, 0.7679849888970063
13868, 0.762228528539582
13869, 0.7566001886714017
13870, 0.7512061482898769
13871, 0.7460870519565562
13872, 0.7411462915231087
13873, 0.7362219921062676
13874, 0.7313544370942358
13875, 0.7268087941176979
13876, 0.7228295281057948
13877, 0.7195454731486399
13878, 0.7170186054250524
13879, 0.7152802021391994
13880, 0.7143543149377424
13881, 0.7142669846465624
13882, 0.7150420753818519
13883, 0.7166920477468339
13884, 0.7191751509943848
13885, 0.7223831666269266
13886, 0.7261139077442739
13887, 0.7300573088122102
13888, 0.7338014929439503
13889, 0.7368928111982129
13890, 0.7392131868729972
13891, 0.7410274275371648
13892, 0.7425667150897183
13893, 0.743934905656073
13894, 0.7451792402240267
13895, 0.7463557724493357
13896, 0.7472254062774392
13897, 0.7444947510253828
13898, 0.7402514272558713
13899, 0.7357008011792505
13900, 0.731567173039824
13901, 0.7280478730758984
13902, 0.725181867976947
13903, 0.7229484872261996
13904, 0.7213047611398693
13905, 0.7201994201619109
13906, 0.7195880462188627
13907, 0.7194395766126374
13908, 0.7197396816807783
13909, 0.7205007149571704
13910, 0.7217162163055759
13911, 0.7233249811171761
13912, 0.7251654568266818
13913, 0.7269622916425168
13914, 0.7283330021725413
13915, 0.7289366801498127
13916, 0.7286278836644796
13917, 0.7273056445038798
13918, 0.7245874391866108
13919, 0.7207526057464922
13920, 0.7166101773520228
13921, 0.7124875876704272
13922, 0.7084228873688181
13923, 0.70429434255162
13924, 0.699873180537427
13925, 0.6948555024538117
13926, 0.6889053732765743
13927, 0.6817892615908688
13928, 0.6734794149538956
13929, 0.664278467586897
13930, 0.6546772783618496
13931, 0.6451533798732598
13932, 0.6361717550297344
13933, 0.6281568843128734
13934, 0.6214991071796885
13935, 0.6165104268700977
13936, 0.6134156487153738
13937, 0.6123581615634589
13938, 0.6133860364584885
13939, 0.616459927162412
13940, 0.6214476748144498
13941, 0.6280748936722015
13942, 0.6354934411157168
13943, 0.6406782952001375
13944, 0.6446489577041945
13945, 0.648657622688691
13946, 0.6527526259141201
13947, 0.6570216166706886
13948, 0.6615275835958879
13949, 0.666217978503352
13950, 0.6709231409739037
13951, 0.6754485499903233
13952, 0.6796661634800986
13953, 0.6835871774940897
13954, 0.6872877756563586
13955, 0.690486793368797
13956, 0.6899066383773002
13957, 0.6861160970292162
13958, 0.6823546464893182
13959, 0.6790840257291086
13960, 0.6764424082125317
13961, 0.6745275579528628
13962, 0.6734035323950123
13963, 0.6731116624362161
13964, 0.6736794729035271
13965, 0.6751068917623249
13966, 0.677345251930241
13967, 0.6802545041003387
13968, 0.6835625510079721
13969, 0.6867589676819895
13970, 0.6890066455469963
13971, 0.6899167016404772
13972, 0.6898937849162294
13973, 0.689340658631987
13974, 0.6885316540500726
13975, 0.6876339984015756
13976, 0.6866963150605523
13977, 0.6856672116643735
13978, 0.684513623390315
13979, 0.6832709046987419
13980, 0.681966452798028
13981, 0.6776678400050427
13982, 0.6729806884251045
13983, 0.6671169133522947
13984, 0.6602322113341295
13985, 0.6538992468229223
13986, 0.6483757914220848
13987, 0.6437730488305579
13988, 0.6401852086245112
13989, 0.6376940291740781
13990, 0.6363799961660407
13991, 0.636288421274972
13992, 0.6374131853044288
13993, 0.6397236991154707
13994, 0.6431596289186283
13995, 0.6476167549902667
13996, 0.6524304344616916
13997, 0.6526568393272657
13998, 0.6526353268785907
13999, 0.6534131224009614
14000, 0.6550305337958197
14001, 0.6575023005225794
14002, 0.6608260033969058
14003, 0.6649822380887723
14004, 0.6699298719172918
14005, 0.6755853509980042
14006, 0.6818338855720368
14007, 0.6885350585932083
14008, 0.6955261736556837
14009, 0.7026493649494292
14010, 0.7097608555135831
14011, 0.7167734101256735
14012, 0.7236541356862334
14013, 0.7303909563087719
14014, 0.7369735623313814
14015, 0.7433604974286319
14016, 0.7495013480009131
14017, 0.7553441710792057
14018, 0.7608316635711891
14019, 0.7659232709820877
14020, 0.7705730265574025
14021, 0.7747673676737636
14022, 0.7785129144974131
14023, 0.7818323912753108
14024, 0.7847817503840903
14025, 0.787417284658938
14026, 0.7898212232999747
14027, 0.7920543771044369
14028, 0.7941598937410264
14029, 0.796166840144552
14030, 0.7980970586756856
14031, 0.7999702913541518
14032, 0.801775332662198
14033, 0.8034720421438412
14034, 0.8049924540016616
14035, 0.8062412093890927
14036, 0.8070820490794262
14037, 0.8072880567117797
14038, 0.8064819591648593
14039, 0.8042652033504342
14040, 0.8006907769091356
14041, 0.7961323956360928
14042, 0.7909019173449254
14043, 0.7851833603266192
14044, 0.7790884008896015
14045, 0.7726929020702638
14046, 0.76599821813592
14047, 0.7590578791641707
14048, 0.7521040333617529
14049, 0.7453449994814978
14050, 0.7389152638994813
14051, 0.7329229963170629
14052, 0.7274747847865298
14053, 0.7226661532663216
14054, 0.718567306314791
14055, 0.7152345577586873
14056, 0.7126969230688067
14057, 0.7109672967427445
14058, 0.7100174797015422
14059, 0.709773386674834
14060, 0.7101298177840045
14061, 0.7109317467915863
14062, 0.7119472731436571
14063, 0.7128346834695589
14064, 0.7130841254958844
14065, 0.7121731880957114
14066, 0.7099893837413558
14067, 0.7069167875660971
14068, 0.7034572080618535
14069, 0.6999568811194408
14070, 0.6966260289458989
14071, 0.6936119930178212
14072, 0.6909724024108288
14073, 0.6887469103659357
14074, 0.6869521193877924
14075, 0.6855611788718807
14076, 0.6845491818994783
14077, 0.6838299986543819
14078, 0.6833382985461769
14079, 0.6831139038948718
14080, 0.6832527318985419
14081, 0.683919455554162
14082, 0.6852221594512208
14083, 0.6871897244478739
14084, 0.6898247747098564
14085, 0.6930536668037508
14086, 0.6967630437722432
14087, 0.7007747823101823
14088, 0.7048841265633768
14089, 0.7089960134819714
14090, 0.7131415866960308
14091, 0.7173670371146592
14092, 0.7216910326007697
14093, 0.7259814982645988
14094, 0.7299711123072651
14095, 0.7332290103188351
14096, 0.7351938288153012
14097, 0.7354828246941262
14098, 0.7340560001757297
14099, 0.7309288275372419
14100, 0.7259955905972766
14101, 0.7193212874298134
14102, 0.7113146473267624
14103, 0.7024350354928123
14104, 0.6931019203098345
14105, 0.6835823301809025
14106, 0.6737118161927702
14107, 0.6631806287964485
14108, 0.6524145270845889
14109, 0.6420434947675985
14110, 0.6323852544125518
14111, 0.6235578040783414
14112, 0.6156422808099761
14113, 0.6087174494498693
14114, 0.6029042472961335
14115, 0.5983250228054429
14116, 0.5950861149801538
14117, 0.5932695294824643
14118, 0.5929042101043366
14119, 0.5939392840041375
14120, 0.5962557662413498
14121, 0.5996532697622823
14122, 0.6038876764863975
14123, 0.6086676443512213
14124, 0.6136783920690616
14125, 0.6186971019311694
14126, 0.6236392328189497
14127, 0.6285627000448119
14128, 0.6334823176303778
14129, 0.6373476656220695
14130, 0.6398027427456057
14131, 0.6424151831339339
14132, 0.6454297748621951
14133, 0.6488379148733417
14134, 0.6522971669389335
14135, 0.6547561839387191
14136, 0.65714597695803
14137, 0.6598607089531384
14138, 0.6628814398125109
14139, 0.666100298187266
14140, 0.6694547532186195
14141, 0.6729831305278964
14142, 0.6768033097326964
14143, 0.6810239219048043
14144, 0.6856961943285076
14145, 0.6908392433279599
14146, 0.6964357729768699
14147, 0.7024676215930494
14148, 0.7088884162068546
14149, 0.7156110217447811
14150, 0.7225203272280433
14151, 0.7294785781714712
14152, 0.7363628581092087
14153, 0.7430362800116177
14154, 0.7493613925523986
14155, 0.7552153969684057
14156, 0.7604941808931791
14157, 0.7651369740256498
14158, 0.7690920554753135
14159, 0.7723060530450834
14160, 0.7747272060351288
14161, 0.7763293338284795
14162, 0.7771401751604323
14163, 0.7772613126517757
14164, 0.7746995927184067
14165, 0.7711476457056851
14166, 0.7672428101924451
14167, 0.7631363568336652
14168, 0.7589551012170744
14169, 0.7547569598476814
14170, 0.7506232992540475
14171, 0.7467234473669663
14172, 0.7431787537450089
14173, 0.7400797707973306
14174, 0.7374972103190328
14175, 0.7355019357369584
14176, 0.7341789678814502
14177, 0.7336035319474767
14178, 0.7338252071523423
14179, 0.7348574781167739
14180, 0.7366875801045992
14181, 0.7392727106355599
14182, 0.7425298689972105
14183, 0.7463231154186695
14184, 0.7504819422181829
14185, 0.7548492384413149
14186, 0.7577053172102106
14187, 0.7572355034784694
14188, 0.7568965101574563
14189, 0.7567766681613903
14190, 0.7569180559096983
14191, 0.7573176531956275
14192, 0.7578890886466235
14193, 0.7583406179930562
14194, 0.7578089559946433
14195, 0.7551637009613029
14196, 0.7508470743146746
14197, 0.7458238777124659
14198, 0.7405974371024979
14199, 0.7351627467617139
14200, 0.7272356465591168
14201, 0.7192241239350161
14202, 0.7115808154309382
14203, 0.7044331082334284
14204, 0.6978901185314629
14205, 0.692055398470005
14206, 0.6870085327704294
14207, 0.6827879568271208
14208, 0.6793897380231877
14209, 0.6767523225431421
14210, 0.6747537127627073
14211, 0.6731878478739025
14212, 0.6717350934415441
14213, 0.6699502255497817
14214, 0.6676064587469739
14215, 0.6648883546256235
14216, 0.6620225526675944
14217, 0.6591020121925171
14218, 0.6561241189726328
14219, 0.6530792963990882
14220, 0.6499731352530715
14221, 0.6468574116610075
14222, 0.6438009439716808
14223, 0.6408756703272086
14224, 0.6381641310502644
14225, 0.6357479050977171
14226, 0.6336963046743425
14227, 0.6320424097406967
14228, 0.6308013296725293
14229, 0.62994968627963
14230, 0.6294200510284993
14231, 0.6290829153777178
14232, 0.6287584953924913
14233, 0.6283123319879325
14234, 0.6277500282208277
14235, 0.6271956182671523
14236, 0.6267867319791357
14237, 0.6266087205323101
14238, 0.6266692450877891
14239, 0.6269596223903948
14240, 0.6274660582077991
14241, 0.6281754361694581
14242, 0.6290550374720851
14243, 0.6300346900098515
14244, 0.6309928815257444
14245, 0.6317600620429697
14246, 0.632126808466623
14247, 0.631888406385741
14248, 0.630947301814323
14249, 0.6294109268810549
14250, 0.6275830589382032
14251, 0.6258619141734163
14252, 0.6246161399818965
14253, 0.6241663280445021
14254, 0.624740746884887
14255, 0.6264803322249887
14256, 0.6294333608317741
14257, 0.633596555584417
14258, 0.6389287371776391
14259, 0.6452982729631026
14260, 0.652499429309735
14261, 0.6602455197645726
14262, 0.6682549022430159
14263, 0.6762815407307913
14264, 0.6841025905220904
14265, 0.691522688204627
14266, 0.698383529483286
14267, 0.7045592801865981
14268, 0.7098902153207561
14269, 0.7141815649007903
14270, 0.7173205127920075
14271, 0.7192881683591517
14272, 0.7201510415176927
14273, 0.719977231874673
14274, 0.7188124555273819
14275, 0.7167046008431969
14276, 0.7137435713781967
14277, 0.7100453297139433
14278, 0.7057622325141262
14279, 0.701092347209219
14280, 0.6962361818293901
14281, 0.6913682891961106
14282, 0.6866380723226526
14283, 0.6822143971416084
14284, 0.678222058512512
14285, 0.6747521500192579
14286, 0.6718591850466069
14287, 0.6695609315216303
14288, 0.6678843775250578
14289, 0.666817696700998
14290, 0.6663196649090739
14291, 0.6663164987832703
14292, 0.6667213759456789
14293, 0.6674435488257733
14294, 0.6683868165116447
14295, 0.6694378235255057
14296, 0.670510432782734
14297, 0.671548415122164
14298, 0.6725341388380592
14299, 0.6734848784263047
14300, 0.6744288777191659
14301, 0.675414075759734
14302, 0.6764904901611105
14303, 0.6777037819062136
14304, 0.6791009203340358
14305, 0.6807153601003418
14306, 0.6825850739960706
14307, 0.6847418952464464
14308, 0.6872155173625095
14309, 0.6900364371016781
14310, 0.693235529517352
14311, 0.6968332336258372
14312, 0.7006887470984835
14313, 0.702746357996246
14314, 0.702473516102386
14315, 0.7025394153065277
14316, 0.7032492439106246
14317, 0.704651862698007
14318, 0.7067609275335156
14319, 0.7095711256112794
14320, 0.7130516992625965
14321, 0.7171214532799018
14322, 0.7216487354597773
14323, 0.7264309402552215
14324, 0.7312735895728542
14325, 0.7360974578908233
14326, 0.7409532455767651
14327, 0.7459222189371022
14328, 0.7510279308811971
14329, 0.756276233929008
14330, 0.7616129162025674
14331, 0.7668720021623915
14332, 0.7715867288369408
14333, 0.7750608676339208
14334, 0.7775438500024615
14335, 0.7797134171339394
14336, 0.7813945159246398
14337, 0.7822145756682845
14338, 0.7830267521829939
14339, 0.7844383280172095
14340, 0.7866667905249
14341, 0.7897235645263648
14342, 0.7914126540470589
14343, 0.7926458326007989
14344, 0.7931531191196933
14345, 0.7893599935278832
14346, 0.784859290127524
14347, 0.7794548180701044
14348, 0.7733463889952519
14349, 0.7671592142122571
14350, 0.7614215549561024
14351, 0.7564166445397204
14352, 0.7522130635155921
14353, 0.7487366000457701
14354, 0.745789158184825
14355, 0.7431566474496734
14356, 0.7408082917179892
14357, 0.7388429770740133
14358, 0.7373738839292043
14359, 0.7364278889499977
14360, 0.7359338632821708
14361, 0.7357405747539587
14362, 0.735661671420025
14363, 0.735473427946434
14364, 0.7349391684872942
14365, 0.7338600989354993
14366, 0.7321515335766513
14367, 0.7298833599577248
14368, 0.7272129197212074
14369, 0.7243169152005706
14370, 0.7213314194946098
14371, 0.7183350904098014
14372, 0.7153328832177119
14373, 0.7123070047825232
14374, 0.7092162215076323
14375, 0.7060638888222497
14376, 0.7029156511555587
14377, 0.699843390367512
14378, 0.6969152734553261
14379, 0.6941351060425689
14380, 0.6914518077765469
14381, 0.6887561634066026
14382, 0.6859202640027844
14383, 0.682934730812249
14384, 0.6799664988874488
14385, 0.6772264852691969
14386, 0.6748845849213178
14387, 0.6730610884104945
14388, 0.6718452243192289
14389, 0.6713401684632864
14390, 0.6716120479946114
14391, 0.6726692834718394
14392, 0.6744396245109007
14393, 0.6767369979182527
14394, 0.6793188683591845
14395, 0.6818116165423327
14396, 0.683631292133369
14397, 0.6839970180781402
14398, 0.6825307103593423
14399, 0.6798658687694639
14400, 0.6768332569464574
14401, 0.6739525869667664
14402, 0.6715121513397231
14403, 0.6695036763047327
14404, 0.665966165871141
14405, 0.6590094518466038
14406, 0.6522139049335788
14407, 0.6461242486609825
14408, 0.6408248579075754
14409, 0.636337108050355
14410, 0.6326508457885839
14411, 0.6297519708846293
14412, 0.6276155942642947
14413, 0.6262511258801992
14414, 0.6256980647301117
14415, 0.6260103548862402
14416, 0.627226237383441
14417, 0.6293488372345954
14418, 0.6323573912305733
14419, 0.6362056117316559
14420, 0.6407969963446527
14421, 0.646021794583697
14422, 0.6517619892759561
14423, 0.6578995173182194
14424, 0.6643154941870635
14425, 0.6708816834424511
14426, 0.6774624414388135
14427, 0.6839167769814964
14428, 0.6901077123243202
14429, 0.6959147365512559
14430, 0.7012671382368946
14431, 0.7061664606825508
14432, 0.7106832598362475
14433, 0.7149452996715271
14434, 0.7190817453293611
14435, 0.7232234488754146
14436, 0.7274710722981891
14437, 0.7318722096955312
14438, 0.7364455375967497
14439, 0.7411591862830601
14440, 0.7459472373831636
14441, 0.7506258017985469
14442, 0.7543372261602781
14443, 0.7556241167831843
14444, 0.7558083265090114
14445, 0.7554761251851728
14446, 0.7548154586695758
14447, 0.7539183384696874
14448, 0.7528505652728307
14449, 0.7516275475537076
14450, 0.7502516423120636
14451, 0.7487150909265996
14452, 0.7469822276610489
14453, 0.7450732753422297
14454, 0.7430838917703513
14455, 0.7411731864127024
14456, 0.7395169554311779
14457, 0.7382601650068331
14458, 0.7375165859978058
14459, 0.7373772808137418
14460, 0.7378933224167605
14461, 0.7390472079587657
14462, 0.740587853603097
14463, 0.741349376875154
14464, 0.741041509165351
14465, 0.74086486113245
14466, 0.7410696390577358
14467, 0.7416268385662236
14468, 0.7424647792555903
14469, 0.7434993719824615
14470, 0.7446473905592359
14471, 0.7458400586506888
14472, 0.747003585958908
14473, 0.7480436607759939
14474, 0.7488184391562128
14475, 0.7491464831892573
14476, 0.7488391787739856
14477, 0.7477417157185577
14478, 0.7458058242851592
14479, 0.7430743261763817
14480, 0.7396368565904078
14481, 0.735609529730996
14482, 0.7311288305120193
14483, 0.7263618977323251
14484, 0.7214932136671238
14485, 0.7167059283859292
14486, 0.7121675638253716
14487, 0.708014206103316
14488, 0.7043581661085069
14489, 0.7012869654538327
14490, 0.6988718430725198
14491, 0.6971512048017007
14492, 0.696138424397514
14493, 0.6958342131687008
14494, 0.696214463597323
14495, 0.6972312507149139
14496, 0.6987837878874874
14497, 0.7007357546190498
14498, 0.7029491166244314
14499, 0.7052958350987254
14500, 0.7077055304576239
14501, 0.7101808804469026
14502, 0.7127890369506192
14503, 0.7156459969273856
14504, 0.7188593641248636
14505, 0.7225033525963659
14506, 0.7266053776220774
14507, 0.73114199211062
14508, 0.7360634175340638
14509, 0.7412571988731327
14510, 0.7465209576142032
14511, 0.7515560691764409
14512, 0.7560037211538808
14513, 0.7595906523541934
14514, 0.7621962053527997
14515, 0.7637453055586951
14516, 0.7640764364090802
14517, 0.7630744862041555
14518, 0.7608364800859125
14519, 0.7573289711863078
14520, 0.7522973690317974
14521, 0.7457113256490362
14522, 0.7379718079526706
14523, 0.7295735222000077
14524, 0.7208912553138934
14525, 0.7122500360070436
14526, 0.703939848302451
14527, 0.6962281853302648
14528, 0.6893406405268578
14529, 0.6834596040526887
14530, 0.6787225856657488
14531, 0.6752004845603155
14532, 0.6713128707652128
14533, 0.6605086885690744
14534, 0.6507859880138944
14535, 0.6422668720653705
14536, 0.6349970889122714
14537, 0.6290223767522345
14538, 0.6243855106282585
14539, 0.6211235902381183
14540, 0.6192404879055322
14541, 0.6186894543919123
14542, 0.6193585945368173
14543, 0.6210423675980306
14544, 0.6233897859209144
14545, 0.6259165585833513
14546, 0.6281457411450211
14547, 0.6299140620997606
14548, 0.6314350915124177
14549, 0.6330503415202607
14550, 0.6350219711997704
14551, 0.6375028332047505
14552, 0.6405579031607919
14553, 0.6441839817603054
14554, 0.6482566184159724
14555, 0.6515019151752774
14556, 0.652301786142236
14557, 0.6529792440471096
14558, 0.653703981712973
14559, 0.6541570138654355
14560, 0.6542135714831493
14561, 0.6541543542641391
14562, 0.6542431072968192
14563, 0.6545655866530896
14564, 0.6550859961017294
14565, 0.6557519269060487
14566, 0.6565545510091456
14567, 0.6575536612279934
14568, 0.6588621320967122
14569, 0.6605962392043747
14570, 0.6628534658341033
14571, 0.6656878818649083
14572, 0.6691144025757981
14573, 0.6731127774641393
14574, 0.677632520258319
14575, 0.6825765935465502
14576, 0.68782338318337
14577, 0.6932108062572306
14578, 0.6985351732988357
14579, 0.7035506300176678
14580, 0.707999647252537
14581, 0.7116392817188101
14582, 0.7142150948894266
14583, 0.7155780398200948
14584, 0.7159181534801259
14585, 0.7155928458395217
14586, 0.7148714258150909
14587, 0.7139258668073207
14588, 0.7128894589007978
14589, 0.7118718243717056
14590, 0.7109704863876374
14591, 0.7102776155833919
14592, 0.7098600963021299
14593, 0.7097733315584269
14594, 0.7100573603114376
14595, 0.7107356993383005
14596, 0.7118228953848061
14597, 0.7133130530646264
14598, 0.7151837484263294
14599, 0.7174194770087191
14600, 0.7198753273703049
14601, 0.721368715156649
14602, 0.7211308624179115
14603, 0.7209207052928288
14604, 0.7211058195210073
14605, 0.721719149275336
14606, 0.722710441340065
14607, 0.7239866241806545
14608, 0.7253115842796055
14609, 0.7229928419691382
14610, 0.719645011161723
14611, 0.7166803613305337
14612, 0.7142774831046843
14613, 0.7125778064690096
14614, 0.7117056552548287
14615, 0.7117516560381424
14616, 0.7127301546766677
14617, 0.7146240202729767
14618, 0.7173724475524159
14619, 0.7208748716192842
14620, 0.7249744822993643
14621, 0.7294445005233472
14622, 0.7340201539841541
14623, 0.7374421907877938
14624, 0.7378228267912852
14625, 0.7381041861375133
14626, 0.7384694340095487
14627, 0.7390144356615316
14628, 0.7397807697494286
14629, 0.7406862595310483
14630, 0.7414657990879877
14631, 0.7416486984262872
14632, 0.7409210705266015
14633, 0.739361837134368
14634, 0.737109538139596
14635, 0.7343978603100955
14636, 0.7315622602756652
14637, 0.7288906424580452
14638, 0.7265154251094
14639, 0.7241138195143337
14640, 0.720514739215133
14641, 0.7163809428619391
14642, 0.7125497450874113
14643, 0.7091251350483649
14644, 0.7061093396443607
14645, 0.7035569777396997
14646, 0.7016084475628219
14647, 0.7003854727575671
14648, 0.6999823220362581
14649, 0.700442449044927
14650, 0.7017603561367729
14651, 0.7038942230830852
14652, 0.7067808131440477
14653, 0.7103502425445476
14654, 0.7145301342364037
14655, 0.7192014965458758
14656, 0.7227156656011617
14657, 0.7241730814160207
14658, 0.7261053292295966
14659, 0.7287089992167024
14660, 0.7320249887569231
14661, 0.7358147582008322
14662, 0.7377618858692296
14663, 0.7377009486668312
14664, 0.7378715363175762
14665, 0.7382828263267429
14666, 0.738507614647299
14667, 0.7377343375655968
14668, 0.7358384421707069
14669, 0.7331281336709552
14670, 0.7264375334509552
14671, 0.7162478575485227
14672, 0.7054157761055884
14673, 0.6950655320010374
14674, 0.6856791630512918
14675, 0.6774871121639573
14676, 0.6703060855669135
14677, 0.6627923308028695
14678, 0.6549605581869073
14679, 0.6483124498692774
14680, 0.6432576339171798
14681, 0.6398933773059636
14682, 0.6382240387189542
14683, 0.6382281726993504
14684, 0.6398654900853852
14685, 0.6430629661188674
14686, 0.6477059095519319
14687, 0.6536564034616144
14688, 0.6607289956927852
14689, 0.6686874424148489
14690, 0.6771466630154152
14691, 0.6856575467058004
14692, 0.6940423887294896
14693, 0.7023632629600499
14694, 0.7106279561014215
14695, 0.7185325894434629
14696, 0.7248178509486554
14697, 0.7270001795060401
14698, 0.726713979542678
14699, 0.7252503149669709
14700, 0.7228480241460874
14701, 0.7196666735677261
14702, 0.7159364728158312
14703, 0.7118544905104043
14704, 0.7076015384679646
14705, 0.7033218018019782
14706, 0.6991309830404784
14707, 0.6952027374818447
14708, 0.6917720489223608
14709, 0.6890380890974992
14710, 0.6871636349619896
14711, 0.6862222049246959
14712, 0.6861767610596525
14713, 0.6859865366912605
14714, 0.6840304898119149
14715, 0.6825045152226662
14716, 0.6815141251893768
14717, 0.680911236287247
14718, 0.6805600264609476
14719, 0.6803760777406684
14720, 0.6803711194671266
14721, 0.680639596310902
14722, 0.6812415373967671
14723, 0.6821091960629173
14724, 0.6817527222661376
14725, 0.6799731070579255
14726, 0.6784592411105925
14727, 0.6774098586111021
14728, 0.6768652900295948
14729, 0.6768182325538837
14730, 0.6772412558795926
14731, 0.6781668346584425
14732, 0.6796488639528567
14733, 0.6816937423098366
14734, 0.684241513305465
14735, 0.6871391897072379
14736, 0.6901323606156231
14737, 0.6927542967252257
14738, 0.6943472246208441
14739, 0.6945207591283138
14740, 0.692907504468561
14741, 0.6894364928756123
14742, 0.6851400115436037
14743, 0.6806007989110902
14744, 0.6760464834895684
14745, 0.6716179508704421
14746, 0.6674254748430541
14747, 0.6635675179489492
14748, 0.6601300784830415
14749, 0.6572095854634846
14750, 0.6549012849565349
14751, 0.6532969316183612
14752, 0.6524783965735208
14753, 0.6525126245028767
14754, 0.6534575936744309
14755, 0.6553448287664975
14756, 0.6581849804722313
14757, 0.6619513719524922
14758, 0.6665849709796662
14759, 0.672006048218457
14760, 0.6781048386801547
14761, 0.6847538573668329
14762, 0.6918070450550291
14763, 0.6991009497871714
14764, 0.7036932197367155
14765, 0.7045538345053742
14766, 0.7052720774461575
14767, 0.7056632814971191
14768, 0.7054369518136544
14769, 0.7041512218772296
14770, 0.701396241195551
14771, 0.6973675656291781
14772, 0.692719004080328
14773, 0.687983653607638
14774, 0.6834839689468695
14775, 0.6793958744741189
14776, 0.6757929447928943
14777, 0.6726879471963113
14778, 0.6700481212336357
14779, 0.6678116557574854
14780, 0.6659338290942782
14781, 0.6644302244442555
14782, 0.6633681472624074
14783, 0.6628207447571678
14784, 0.6628074238176415
14785, 0.663269996706583
14786, 0.6640495977666027
14787, 0.6648688419868943
14788, 0.6653373883433071
14789, 0.664991748560055
14790, 0.6635852213603811
14791, 0.6615088236297939
14792, 0.6594283895621813
14793, 0.6578200598636533
14794, 0.656943577813381
14795, 0.6569094458975419
14796, 0.6577139183701132
14797, 0.6592047832634779
14798, 0.6610631733323163
14799, 0.6628498465401012
14800, 0.6641945490376254
14801, 0.665003469230053
14802, 0.6654335097220497
14803, 0.6655572929004151
14804, 0.665372048622631
14805, 0.665228309704422
14806, 0.6654457713194885
14807, 0.6660442840730282
14808, 0.6669060565887747
14809, 0.6677453004317985
14810, 0.6680496722737947
14811, 0.6676826628696285
14812, 0.6671310256509954
14813, 0.6666060060753426
14814, 0.6656956505181157
14815, 0.6644398258784368
14816, 0.6634130613065345
14817, 0.6628303173232569
14818, 0.662691822768394
14819, 0.6629367641078906
14820, 0.6635136798322295
14821, 0.66438360135239
14822, 0.6655674778875851
14823, 0.6671366217400045
14824, 0.6691719365398318
14825, 0.6717571682319651
14826, 0.6749131714974073
14827, 0.6785848750628207
14828, 0.6825902126263774
14829, 0.686473959949581
14830, 0.6893780313371504
14831, 0.6905888749075432
14832, 0.6904621976964361
14833, 0.6896790842508173
14834, 0.6886895512316782
14835, 0.6877682137209962
14836, 0.6870849375719144
14837, 0.6867158755737943
14838, 0.6866626296529252
14839, 0.686740004691055
14840, 0.6861139688403474
14841, 0.6835202932876104
14842, 0.6799064160302145
14843, 0.6760183493990567
14844, 0.6720300266800738
14845, 0.6680228464290946
14846, 0.664093684320078
14847, 0.6603541413723317
14848, 0.6569192659544502
14849, 0.6538937744286099
14850, 0.6513301140919022
14851, 0.6491943278837554
14852, 0.6473520816264628
14853, 0.6456329979160411
14854, 0.6440281269946013
14855, 0.6427433073069401
14856, 0.6420387454198423
14857, 0.642103349388932
14858, 0.6430315108258898
14859, 0.6448381993706328
14860, 0.6474809062639023
14861, 0.6508626767959376
14862, 0.6548458315834359
14863, 0.6592758483483429
14864, 0.6639815975271239
14865, 0.6687931172013478
14866, 0.6735517730299831
14867, 0.6780981026113567
14868, 0.6822236518515534
14869, 0.68552563130218
14870, 0.687401981809167
14871, 0.6878732180314883
14872, 0.687447618276836
14873, 0.6863661645861042
14874, 0.6847225458850721
14875, 0.682702988496015
14876, 0.6805931726310094
14877, 0.678649783709627
14878, 0.6770205031441378
14879, 0.6757486666368352
14880, 0.6746948913552084
14881, 0.6734662099986143
14882, 0.6719969912140894
14883, 0.670702636689917
14884, 0.6697925089285324
14885, 0.669309401615759
14886, 0.6692153866314896
14887, 0.6694488830879294
14888, 0.6699312251872961
14889, 0.6705647669483693
14890, 0.6712701186283492
14891, 0.671986158113298
14892, 0.6726588491042972
14893, 0.673271331284272
14894, 0.6738225740435532
14895, 0.674338666775853
14896, 0.6748634342630666
14897, 0.6754198874540865
14898, 0.6760262931590907
14899, 0.6767178557789326
14900, 0.6775409429011946
14901, 0.6785422401311813
14902, 0.6797849770013447
14903, 0.6813219672472539
14904, 0.6832117070688966
14905, 0.6854793005630723
14906, 0.6880806871536185
14907, 0.6909203431390846
14908, 0.693898845214438
14909, 0.6969298826222299
14910, 0.6999667879293809
14911, 0.7029786650296251
14912, 0.7059806951335522
14913, 0.7090128467164394
14914, 0.7121426468009187
14915, 0.7154098298934362
14916, 0.718828740361429
14917, 0.7224089108886099
14918, 0.7261677605851643
14919, 0.7300949393623227
14920, 0.7340718410583414
14921, 0.7376837319130812
14922, 0.7398590851090882
14923, 0.7396288007336327
14924, 0.7379459728138383
14925, 0.7359245131526756
14926, 0.7340036154576722
14927, 0.7323409590297016
14928, 0.731009878796628
14929, 0.7300396311145556
14930, 0.7293859873781646
14931, 0.7289129887525835
14932, 0.7284239679305495
14933, 0.7276925979797388
14934, 0.7265217199204091
14935, 0.7248535649391303
14936, 0.7227755073544236
14937, 0.7204637823723551
14938, 0.718057207405644
14939, 0.7155791933606016
14940, 0.7129381857578503
14941, 0.7099938076968434
14942, 0.706663081506626
14943, 0.7030109796104453
14944, 0.6992713173145956
14945, 0.6957671792788597
14946, 0.6928183533624789
14947, 0.6906766462141901
14948, 0.6895230844724294
14949, 0.6894793448736363
14950, 0.6906091280695037
14951, 0.6929222478523603
14952, 0.6963824190747562
14953, 0.7009243840298329
14954, 0.7064552269157078
14955, 0.7128463877848382
14956, 0.7199394060691067
14957, 0.7275490785051666
14958, 0.7355318950680981
14959, 0.7438132083242346
14960, 0.7523369511020012
14961, 0.7610224939355755
14962, 0.7697276860718102
14963, 0.778238945929008
14964, 0.7863099026987299
14965, 0.7936894605557782
14966, 0.8002451682291352
14967, 0.8060365154317675
14968, 0.8102902872448097
14969, 0.8107791743812104
14970, 0.8104219136783
14971, 0.8091430528667625
14972, 0.8072531615980062
14973, 0.8053589395478816
14974, 0.8039960824853741
14975, 0.8034575856337736
14976, 0.803843538666844
14977, 0.8051825632917685
14978, 0.8074423701414108
14979, 0.8105316320379854
14980, 0.8142888801667219
14981, 0.8185718474729976
14982, 0.8232805183412678
14983, 0.8283117151889029
14984, 0.8335538234711932
14985, 0.8388713272576463
14986, 0.8441386696813945
14987, 0.8491551580668673
14988, 0.8531322376416155
14989, 0.8543495304868948
14990, 0.853902236309714
14991, 0.8527481738152304
14992, 0.8510737895413083
14993, 0.8489102276603958
14994, 0.8462590342973447
14995, 0.8431833759375019
14996, 0.8397627059906465
14997, 0.8360806607233937
14998, 0.8321797281875452
14999, 0.8281153049723564
15000, 0.8239628469930702
15001, 0.8198331852314793
15002, 0.8158464394345373
15003, 0.812063800733753
15004, 0.8084868301251565
15005, 0.8051201986263399
15006, 0.8018935834362484
15007, 0.7986698004398235
15008, 0.795279924993973
15009, 0.7916883129559467
15010, 0.7880298010076086
15011, 0.7844859129338491
15012, 0.7812099129562284
15013, 0.7783258134476796
15014, 0.7759339543240505
15015, 0.7741180684402135
15016, 0.772883474409124
15017, 0.7721726645658543
15018, 0.7719239743527858
15019, 0.7720662344522558
15020, 0.7724951125077452
15021, 0.7730853519089755
15022, 0.7737053165915537
15023, 0.774282189403039
15024, 0.774773938706431
15025, 0.7751751921336922
15026, 0.7754737832742868
15027, 0.7747554519402404
15028, 0.7711082789014182
15029, 0.7674653522939648
15030, 0.763892809634474
15031, 0.7592391088789763
15032, 0.7526295509560532
15033, 0.7457996164540664
15034, 0.7390055957876841
15035, 0.7322595183889963
15036, 0.7255567163440929
15037, 0.71895397359919
15038, 0.712557697463759
15039, 0.7065097249639687
15040, 0.700943319212204
15041, 0.6960019022382947
15042, 0.6918335268789532
15043, 0.6885886403005053
15044, 0.6863744328944439
15045, 0.6852726452730263
15046, 0.6853405656782612
15047, 0.6866245858241911
15048, 0.6891325908810652
15049, 0.6928203839153045
15050, 0.6975996051835612
15051, 0.7033618291514038
15052, 0.7099472392699531
15053, 0.717171002569488
15054, 0.7248461501437485
15055, 0.7328117735911364
15056, 0.7383757262197025
15057, 0.7370452737291614
15058, 0.7354097468730489
15059, 0.733554955030849
15060, 0.731789448618301
15061, 0.7303135405630586
15062, 0.7292170419391573
15063, 0.728514330289427
15064, 0.7281929213790974
15065, 0.7282116847310145
15066, 0.7285016266067625
15067, 0.7289753947569629
15068, 0.7295880530327754
15069, 0.7303910029832665
15070, 0.7314859954834926
15071, 0.7329443471069558
15072, 0.7347652353127812
15073, 0.7369122949364895
15074, 0.7393547822292628
15075, 0.7420621794477753
15076, 0.7449502288120248
15077, 0.7477772754665669
15078, 0.7498428691933097
15079, 0.7507632608865009
15080, 0.7509783511303454
15081, 0.7508144191602504
15082, 0.7506590435297436
15083, 0.7508404016158723
15084, 0.751518910079715
15085, 0.7527223658135983
15086, 0.7544189824227873
15087, 0.7565302687580902
15088, 0.7589205519365458
15089, 0.7612589549220264
15090, 0.7626557704671495
15091, 0.7619730261015889
15092, 0.7598288887144062
15093, 0.7573703261268109
15094, 0.7550030992018097
15095, 0.7527170318788918
15096, 0.750265877102645
15097, 0.7471289930685884
15098, 0.742590852223658
15099, 0.7366173338624088
15100, 0.7298417735978275
15101, 0.7227644081268336
15102, 0.7156552404380564
15103, 0.7085499150063341
15104, 0.7012169998633024
15105, 0.693332292886151
15106, 0.6850286632130617
15107, 0.6767968639310112
15108, 0.6689963398276844
15109, 0.6618069248457383
15110, 0.6553216306661873
15111, 0.6495684655301508
15112, 0.6445527342816716
15113, 0.6402791776522646
15114, 0.636762113762763
15115, 0.6340319462994396
15116, 0.6320977585808987
15117, 0.6309418810567203
15118, 0.6305316237767835
15119, 0.6308170039268901
15120, 0.6317423154036249
15121, 0.633240838816402
15122, 0.6351933419647507
15123, 0.6370619502043526
15124, 0.6368868721731746
15125, 0.635585870412581
15126, 0.6346492342497061
15127, 0.6343770776998049
15128, 0.6348763112459054
15129, 0.6362053944104169
15130, 0.6384003399023975
15131, 0.6414799193641516
15132, 0.645447684595407
15133, 0.6502851123808294
15134, 0.6559537160392247
15135, 0.661668540483074
15136, 0.6640023892481675
15137, 0.6669549769127381
15138, 0.6704846745300997
15139, 0.6744263460265433
15140, 0.6785534785411281
15141, 0.6825892563136838
15142, 0.6863118717133032
15143, 0.6896956072744029
15144, 0.6929191378242727
15145, 0.6962060442514141
15146, 0.6996704988873618
15147, 0.7032378021922092
15148, 0.7065298822257144
15149, 0.7085893067208224
15150, 0.708691490786724
15151, 0.7077246200656806
15152, 0.7061991297762483
15153, 0.7037098579383261
15154, 0.6997155321069124
15155, 0.6948538950936667
15156, 0.6898201734978362
15157, 0.6848641045543
15158, 0.680058794169639
15159, 0.6754146388690206
15160, 0.6709251805401035
15161, 0.6665841473265239
15162, 0.6623869351002769
15163, 0.6583131793138811
15164, 0.6543178339273105
15165, 0.650371662048377
15166, 0.6464965149315252
15167, 0.6427427765439364
15168, 0.6391614505808997
15169, 0.6358109127483546
15170, 0.6327184225136857
15171, 0.6298874229237574
15172, 0.6273044627197134
15173, 0.6249668624072907
15174, 0.6229156793503201
15175, 0.6212255292396671
15176, 0.6199656679480638
15177, 0.619186694966342
15178, 0.6189141584731002
15179, 0.6191607880333575
15180, 0.6199555739262489
15181, 0.6213426075890788
15182, 0.6233729848482851
15183, 0.6260906658074399
15184, 0.6295199002174339
15185, 0.6336587555318879
15186, 0.6384687461884561
15187, 0.6438080505635521
15188, 0.6492160915350693
15189, 0.6532488426721013
15190, 0.6545348095394924
15191, 0.6546483476249952
15192, 0.6549743306440327
15193, 0.6559744144066697
15194, 0.6578110767798278
15195, 0.6605433221588064
15196, 0.6641665065703252
15197, 0.6686126971908971
15198, 0.6737443555433094
15199, 0.6793665894586947
15200, 0.6853036122114394
15201, 0.6914707132338929
15202, 0.6979357034443334
15203, 0.7049069863496105
15204, 0.7126468871389917
15205, 0.7213636221007952
15206, 0.7311659411637975
15207, 0.7420264390869293
15208, 0.7538244063058281
15209, 0.7663468815154629
15210, 0.7792387498304523
15211, 0.7918199576956011
15212, 0.8027469565767904
15213, 0.812023609349004
15214, 0.8199561799481442
15215, 0.8261823709425826
15216, 0.8316755862508111
15217, 0.8365172866125835
15218, 0.8403025768756011
15219, 0.841673197685355
15220, 0.8343756631925412
15221, 0.8254448547793263
15222, 0.8167296963512083
15223, 0.8082152563469402
15224, 0.7989315931119377
15225, 0.7902275579078537
15226, 0.782437678233069
15227, 0.7755202840237484
15228, 0.7693445328252345
15229, 0.7636391369698311
15230, 0.7580231957057698
15231, 0.7520925241797072
15232, 0.7456007274726528
15233, 0.7385642929817671
15234, 0.731132188652717
15235, 0.7234802899172162
15236, 0.715762815194396
15237, 0.7081234114295878
15238, 0.7006925148901453
15239, 0.6935812079694209
15240, 0.6869054744845061
15241, 0.6807816286929003
15242, 0.675349715039396
15243, 0.6707304312377352
15244, 0.6669954214630154
15245, 0.6641690339066377
15246, 0.6622027584899215
15247, 0.6609439940910694
15248, 0.6600582609655272
15249, 0.6589501148398869
15250, 0.6571084946142407
15251, 0.6546629413483444
15252, 0.6521917977957584
15253, 0.6501908306193306
15254, 0.6489223470999309
15255, 0.6484758477938195
15256, 0.6488256051983732
15257, 0.6497474206708008
15258, 0.6507221708637797
15259, 0.651384997968695
15260, 0.6520820321450487
15261, 0.6531833705904729
15262, 0.6548437819108021
15263, 0.6571728899192022
15264, 0.6602682457943343
15265, 0.6641621993794684
15266, 0.6687247801814262
15267, 0.6736243393069066
15268, 0.6786070291557073
15269, 0.6837175980141242
15270, 0.6886276081302077
15271, 0.6929920357901849
15272, 0.6973900704735573
15273, 0.7019443456800707
15274, 0.7064658739672864
15275, 0.7107194544021578
15276, 0.7144347507673801
15277, 0.7170463221606627
15278, 0.717175270727325
15279, 0.7148825193441516
15280, 0.7121611863274668
15281, 0.709683197628919
15282, 0.7077091671926565
15283, 0.7064092752694375
15284, 0.7058909474763433
15285, 0.7061838566084763
15286, 0.7072586942272173
15287, 0.7089801346367725
15288, 0.7110929014962856
15289, 0.7131522813155554
15290, 0.714531502175739
15291, 0.7147469878786457
15292, 0.7137860687597583
15293, 0.7119427227169525
15294, 0.7094759294122653
15295, 0.7064375988410033
15296, 0.7028701564559154
15297, 0.699009295442609
15298, 0.6950727824770675
15299, 0.6911193035832532
15300, 0.6869959928224784
15301, 0.6824016196564917
15302, 0.6772839646205654
15303, 0.6719446140401496
15304, 0.6664703164850513
15305, 0.6606911175819493
15306, 0.654657940936129
15307, 0.6488983652157838
15308, 0.6430283942152079
15309, 0.63496963600225
15310, 0.6283640527916686
15311, 0.6234048556719005
15312, 0.6201807133501686
15313, 0.6187020592101448
15314, 0.6189325044877823
15315, 0.6207925723741559
15316, 0.6241526607151247
15317, 0.6288410761178115
15318, 0.6346580866117383
15319, 0.6413319983269712
15320, 0.648430853695159
15321, 0.6551907208529522
15322, 0.6606860049330899
15323, 0.6647304099644634
15324, 0.6678217290986111
15325, 0.6703186938102292
15326, 0.6725001336381506
15327, 0.6746350386496223
15328, 0.6769037369381807
15329, 0.6793239302214115
15330, 0.6817958429717266
15331, 0.684150182487112
15332, 0.6861655873684879
15333, 0.6876670445608221
15334, 0.6886078681199643
15335, 0.6890581704812467
15336, 0.6891379124076
15337, 0.6889396196200588
15338, 0.6884706112651664
15339, 0.6877885844914441
15340, 0.6870709882753241
15341, 0.6865737816953137
15342, 0.6864718255767847
15343, 0.6867207521522338
15344, 0.6869990432002936
15345, 0.6871043054684544
15346, 0.6873078764317918
15347, 0.6879378504110316
15348, 0.6891949866450202
15349, 0.6911716696184936
15350, 0.693798975550139
15351, 0.6967617058644721
15352, 0.6996675000638606
15353, 0.70260791345159
15354, 0.7059295838139978
15355, 0.7098296822300443
15356, 0.7143116959560472
15357, 0.71883513900798
15358, 0.721516741070769
15359, 0.7235499602166388
15360, 0.7256196709903223
15361, 0.7274972094290824
15362, 0.7288183025263681
15363, 0.7292191682553717
15364, 0.7284813886111702
15365, 0.7266294353577589
15366, 0.7238801893226512
15367, 0.720508756153463
15368, 0.7167551576958677
15369, 0.7127460905128365
15370, 0.7086036787740163
15371, 0.7045312814697277
15372, 0.7007579582894365
15373, 0.6974353646010152
15374, 0.6945946874203108
15375, 0.692086849076755
15376, 0.689547416229322
15377, 0.6864132041728289
15378, 0.6824263732829035
15379, 0.6781216215638858
15380, 0.6742033620882816
15381, 0.671064655476591
15382, 0.6688566853048038
15383, 0.6675975392315849
15384, 0.6672348158450757
15385, 0.6676883212669958
15386, 0.6688711956721167
15387, 0.6707050684356788
15388, 0.6730934418757708
15389, 0.6759188993688972
15390, 0.6789648865929548
15391, 0.6818633129593772
15392, 0.6841211710406827
15393, 0.685604316377691
15394, 0.686711128337386
15395, 0.6877712230017768
15396, 0.6888366943437467
15397, 0.6896867169842131
15398, 0.6899622172608993
15399, 0.6896310004753807
15400, 0.6890685423203007
15401, 0.6885702287055652
15402, 0.6882256614311305
15403, 0.6879836021259937
15404, 0.6876864244199737
15405, 0.6870939041233358
15406, 0.6859709874976684
15407, 0.6842559863978634
15408, 0.6820467534402936
15409, 0.6793935359602377
15410, 0.6762426940039128
15411, 0.6726936595761555
15412, 0.6691070783323061
15413, 0.665831327932659
15414, 0.6630882813351409
15415, 0.6609905584098824
15416, 0.6595948251688297
15417, 0.6589089361014544
15418, 0.6588766757570416
15419, 0.6594041185871705
15420, 0.6603899435275082
15421, 0.6617362047965618
15422, 0.6633496894460742
15423, 0.6651842401678261
15424, 0.6672175353841213
15425, 0.669434762912306
15426, 0.6718127812353154
15427, 0.6742788467786737
15428, 0.676726351311024
15429, 0.6790367908043768
15430, 0.6810649854072702
15431, 0.6826809780531532
15432, 0.6837842433867688
15433, 0.6843411336888604
15434, 0.6844139331255995
15435, 0.6841329213395896
15436, 0.6836586727763196
15437, 0.6831723684791338
15438, 0.6828233057708081
15439, 0.6827256296380638
15440, 0.6828852632945037
15441, 0.6832252697820227
15442, 0.6836407190064886
15443, 0.6841142699917263
15444, 0.684703879363923
15445, 0.6854690053087292
15446, 0.6864871174842916
15447, 0.6878840118327215
15448, 0.6897904156374444
15449, 0.6922844325872572
15450, 0.6953147490274918
15451, 0.6985368179499762
15452, 0.7007342786455353
15453, 0.7012262596116152
15454, 0.7006216365184377
15455, 0.699090774428393
15456, 0.6970932310420341
15457, 0.6950793679205745
15458, 0.6924663518213374
15459, 0.6874739213225197
15460, 0.6822747931922978
15461, 0.6775389023820948
15462, 0.6733077177954676
15463, 0.6694753000078144
15464, 0.6658353626355796
15465, 0.6622049960612418
15466, 0.6585736346570923
15467, 0.655160362601208
15468, 0.6522861533208456
15469, 0.6502242237462208
15470, 0.6491338767082105
15471, 0.6490924389666648
15472, 0.6501336043511257
15473, 0.6522489619910874
15474, 0.6554084979917537
15475, 0.65957034384859
15476, 0.6646616530301953
15477, 0.6705433060536825
15478, 0.677012533307743
15479, 0.6837176031745716
15480, 0.6900244712700251
15481, 0.6953516900409723
15482, 0.6999659391370081
15483, 0.7042101714918977
15484, 0.7081020043322974
15485, 0.7115263745218228
15486, 0.7140572600622341
15487, 0.711706807136819
15488, 0.7082195925317766
15489, 0.7040559168199592
15490, 0.6999347398886138
15491, 0.6963193067214779
15492, 0.693394639008007
15493, 0.6911931852564797
15494, 0.6896495727986812
15495, 0.6886303578866871
15496, 0.6880188712083557
15497, 0.6878264709028371
15498, 0.688189476774239
15499, 0.6892758933916391
15500, 0.6911724609245069
15501, 0.6938253901170011
15502, 0.6969267352972488
15503, 0.6994820920537803
15504, 0.7002992149237134
15505, 0.7002309932731622
15506, 0.7000388066264327
15507, 0.6998567036653803
15508, 0.6996863191338775
15509, 0.6995403593193946
15510, 0.6994573687567271
15511, 0.6994800784149323
15512, 0.6996176572454554
15513, 0.6998502155415706
15514, 0.700129063424702
15515, 0.7003701086356269
15516, 0.7004912060733873
15517, 0.7004575683742542
15518, 0.7003053520339615
15519, 0.7001186314615773
15520, 0.6999941635808068
15521, 0.7000224929044463
15522, 0.7002551428193741
15523, 0.7006495357521814
15524, 0.700902453242565
15525, 0.7004812221715456
15526, 0.69951890332929
15527, 0.698665304163151
15528, 0.698271586884426
15529, 0.6984406874852335
15530, 0.6991728356243406
15531, 0.7004104225589197
15532, 0.7020646303775916
15533, 0.7039707718343532
15534, 0.7058675650059053
15535, 0.7073756857872318
15536, 0.708052028452783
15537, 0.7076839846753853
15538, 0.706565253746239
15539, 0.7051658308466819
15540, 0.7038187299640534
15541, 0.70273735350682
15542, 0.7020472044190116
15543, 0.7018064146712769
15544, 0.7020180943854486
15545, 0.7026213833314321
15546, 0.7032494927960344
15547, 0.7023169635635164
15548, 0.6999989783793596
15549, 0.6975304720022426
15550, 0.6950718316747642
15551, 0.692568014482216
15552, 0.6899003776367086
15553, 0.6869828110896528
15554, 0.6838275679337484
15555, 0.6805095543812595
15556, 0.67708613878168
15557, 0.6735277268687841
15558, 0.6696220844310868
15559, 0.665040117034183
15560, 0.6597142540329521
15561, 0.6539745210633873
15562, 0.6481509774699091
15563, 0.6424286009040533
15564, 0.6369165270810943
15565, 0.6317327744319565
15566, 0.6270105978069529
15567, 0.6228871037385991
15568, 0.6194800311135881
15569, 0.6168615360539009
15570, 0.6150288313967243
15571, 0.613879031880808
15572, 0.6132054259245259
15573, 0.6127995702224825
15574, 0.6126616451507624
15575, 0.6130868556313854
15576, 0.6144782114585151
15577, 0.6171801509371547
15578, 0.6213923123017878
15579, 0.6271921884497729
15580, 0.634561685773142
15581, 0.6434043274865666
15582, 0.6535418986358169
15583, 0.6646808088726388
15584, 0.6762217825685229
15585, 0.686846295776194
15586, 0.6947418525967233
15587, 0.700003205221653
15588, 0.7031326688377662
15589, 0.7041514565343213
15590, 0.7035549371615168
15591, 0.7022728133160189
15592, 0.7010618238161501
15593, 0.7003215154056026
15594, 0.6999047351838735
15595, 0.6954558008656277
15596, 0.690582045728584
15597, 0.6849777863291336
15598, 0.6787182156667211
15599, 0.6722991636469788
15600, 0.6661810175067131
15601, 0.6606386046995079
15602, 0.6558303674062071
15603, 0.651857778288044
15604, 0.6488128553113826
15605, 0.6467759483756913
15606, 0.6458128934265159
15607, 0.6459606282573915
15608, 0.6472173985462281
15609, 0.6495523712426152
15610, 0.65289141012427
15611, 0.6570751740753422
15612, 0.6618215846184508
15613, 0.6668530062219896
15614, 0.6720924048768068
15615, 0.6776316744056705
15616, 0.6834216597959053
15617, 0.6891767928076102
15618, 0.694614776859153
15619, 0.6998546374683116
15620, 0.7052957617674784
15621, 0.711205791223127
15622, 0.717647087675427
15623, 0.7210834012326998
15624, 0.7238981638607239
15625, 0.7269560701777277
15626, 0.7299761669169168
15627, 0.7326770663015006
15628, 0.7348506938399626
15629, 0.7364150927224431
15630, 0.7374525368679441
15631, 0.7381635451665075
15632, 0.738771934179157
15633, 0.7394678824498928
15634, 0.7403646070958818
15635, 0.7414761043960311
15636, 0.7427557912676249
15637, 0.7441502096128662
15638, 0.7457095581353548
15639, 0.7476156242160072
15640, 0.7500447961942261
15641, 0.7530683587077948
15642, 0.7566357392765496
15643, 0.7605115722415758
15644, 0.764113474251452
15645, 0.7667622591911115
15646, 0.7685859430038601
15647, 0.7696389566574912
15648, 0.7693463843893364
15649, 0.7680400144560222
15650, 0.7663351809512042
15651, 0.7644936443136577
15652, 0.7626997337210153
15653, 0.7610704429305579
15654, 0.7596166509084357
15655, 0.7582160619476942
15656, 0.7561810420043683
15657, 0.752696050755714
15658, 0.7488780378558798
15659, 0.7454074686392574
15660, 0.7424872881815971
15661, 0.7402244411016096
15662, 0.7386754543624964
15663, 0.7378090850808976
15664, 0.7374672542792781
15665, 0.7371755754486039
15666, 0.735977768414444
15667, 0.733695010948238
15668, 0.7308956508185275
15669, 0.7279838107368479
15670, 0.7253680493569973
15671, 0.7233315121110153
15672, 0.7219513848207195
15673, 0.7210391977230991
15674, 0.7199860117802711
15675, 0.718578869762739
15676, 0.7173242706166252
15677, 0.7164364245373346
15678, 0.7159378323261416
15679, 0.7158134397034762
15680, 0.7160258900574594
15681, 0.7164823535883545
15682, 0.7170052493490255
15683, 0.717273824320425
15684, 0.7169008132292254
15685, 0.7158300552916472
15686, 0.7143074167937895
15687, 0.7125927535547509
15688, 0.7107958656520775
15689, 0.7050546656310825
15690, 0.69870893530553
15691, 0.6927214915307438
15692, 0.6872728164115801
15693, 0.6824978724141364
15694, 0.6785209770822291
15695, 0.675438292730846
15696, 0.673317369436051
15697, 0.6722761462796945
15698, 0.672436816271907
15699, 0.6738916740130287
15700, 0.6743843514025601
15701, 0.673120113428006
15702, 0.6730739751911591
15703, 0.6740572803714306
15704, 0.6756364589052998
15705, 0.6772472892196201
15706, 0.6790422196759155
15707, 0.6816131579873291
15708, 0.6852676203095575
15709, 0.690059180992768
15710, 0.6959405898308099
15711, 0.702730799875003
15712, 0.7090449775701927
15713, 0.7091961692723197
15714, 0.7086622286863947
15715, 0.7076647824494883
15716, 0.7056056131945716
15717, 0.701723923759222
15718, 0.6957072363997598
15719, 0.6883467052075113
15720, 0.6808521745304339
15721, 0.6740859501485308
15722, 0.6685644236680747
15723, 0.6645563294542618
15724, 0.6621788538343713
15725, 0.6614694553501108
15726, 0.6623414344360469
15727, 0.664282920048783
15728, 0.6654807636467921
15729, 0.6641012901840168
15730, 0.6621767866039104
15731, 0.6611428109215589
15732, 0.6613331965490213
15733, 0.6628093553587194
15734, 0.6655984004774911
15735, 0.669726901006206
15736, 0.6751928313573433
15737, 0.6819543450571625
15738, 0.6899217925263451
15739, 0.6989664310168576
15740, 0.7089207622061303
15741, 0.7195643284459529
15742, 0.7306578682837661
15743, 0.7419076346769485
15744, 0.7530191564588623
15745, 0.763757053389985
15746, 0.7739036542808441
15747, 0.7831783983765028
15748, 0.7911473824351049
15749, 0.7967699561701576
15750, 0.7991214312039362
15751, 0.7988827920265497
15752, 0.7966380243300175
15753, 0.7928441116429542
15754, 0.7879963725182423
15755, 0.7825686912371077
15756, 0.7769280498111817
15757, 0.7713010849695837
15758, 0.7658340786742375
15759, 0.760601538014788
15760, 0.755591041672705
15761, 0.7507724842621839
15762, 0.7461752780379987
15763, 0.7419278863999149
15764, 0.7381924642784616
15765, 0.7351238347802349
15766, 0.7328660404709417
15767, 0.7315621154250697
15768, 0.7313017298237581
15769, 0.732119381610868
15770, 0.7339570727182532
15771, 0.7366738040872228
15772, 0.7400427473178882
15773, 0.7437240928165266
15774, 0.7473704778238885
15775, 0.7509198322141115
15776, 0.754633613136579
15777, 0.7586596956569168
15778, 0.7627828593005176
15779, 0.7666424643043679
15780, 0.770328642652939
15781, 0.7741369907632941
15782, 0.7780559551734364
15783, 0.7819648055803224
15784, 0.7861159876700692
15785, 0.790839742026742
15786, 0.7959479613956991
15787, 0.7979457701347344
15788, 0.7978831771832968
15789, 0.7982989503288912
15790, 0.7989956900829164
15791, 0.7993039421175816
15792, 0.799920348129089
15793, 0.8013778419777423
15794, 0.8033200441803321
15795, 0.802128379286293
15796, 0.8017956442114629
15797, 0.8024406404282298
15798, 0.8041557351445993
15799, 0.8069973384967459
15800, 0.8109467230919138
15801, 0.8154989919798118
15802, 0.8183865005949746
15803, 0.8219534903340946
15804, 0.8249291455501813
15805, 0.8269028518521141
15806, 0.8300487206742423
15807, 0.8342933957443334
15808, 0.8394816412862309
15809, 0.8452785750808212
15810, 0.8509209125923037
15811, 0.855688016337525
15812, 0.8598553129354098
15813, 0.8632730421267529
15814, 0.8651660834569237
15815, 0.8640063652719358
15816, 0.8602695651837902
15817, 0.8554506231853014
15818, 0.8498868087904217
15819, 0.8437689494951095
15820, 0.8373211717508592
15821, 0.8306097902794723
15822, 0.8229719398027758
15823, 0.8137264248268189
15824, 0.8041670240722941
15825, 0.7947583434990474
15826, 0.7855033626917602
15827, 0.7763022567035885
15828, 0.7671723966024578
15829, 0.7583443364391432
15830, 0.7501251102915065
15831, 0.7427805530235494
15832, 0.7355884269676782
15833, 0.7237440034673362
15834, 0.7115464913127858
15835, 0.699804318749252
15836, 0.6885392112203762
15837, 0.6781929988316526
15838, 0.6691911237752985
15839, 0.6617440730597692
15840, 0.6558958187303161
15841, 0.6516129904083559
15842, 0.64883964331988
15843, 0.6475428208797958
15844, 0.6477425209094523
15845, 0.6494842250813405
15846, 0.65265639721885
15847, 0.6567022456600059
15848, 0.6602119582897861
15849, 0.6621923312570109
15850, 0.6636619567389687
15851, 0.6655320658094951
15852, 0.6680980174542365
15853, 0.671446729413361
15854, 0.6756400770629044
15855, 0.680752770626345
15856, 0.6869098311867148
15857, 0.6942311865978913
15858, 0.7026960389942505
15859, 0.7116855156695101
15860, 0.7190614871277431
15861, 0.7244324539213098
15862, 0.7298616005942647
15863, 0.7358123599249097
15864, 0.7422304031162485
15865, 0.7492757632721935
15866, 0.7571662417325158
15867, 0.7660191536375222
15868, 0.7758699939801393
15869, 0.786633617651347
15870, 0.7981582564616532
15871, 0.8102593624546033
15872, 0.8227173246069515
15873, 0.8353106796280156
15874, 0.8478293625584994
15875, 0.8599474119755505
15876, 0.8679647142707829
15877, 0.8721367903484135
15878, 0.8757461683464757
15879, 0.8790110447861798
15880, 0.8799940645104044
15881, 0.8752113008286521
15882, 0.866551517680856
15883, 0.8580400881010081
15884, 0.8501176461498311
15885, 0.8429187796579198
15886, 0.8364671618244748
15887, 0.8307558363261535
15888, 0.825811735135347
15889, 0.8184342821228777
15890, 0.8088363226654441
15891, 0.7998398290519119
15892, 0.7914106030362414
15893, 0.7835123917125371
15894, 0.7761559622395101
15895, 0.7693929101310403
15896, 0.763276718500579
15897, 0.7578818936876422
15898, 0.7532656758652053
15899, 0.7494436735517707
15900, 0.7464210497987046
15901, 0.7442125351932666
15902, 0.7428383664261523
15903, 0.742350630748905
15904, 0.7428069614502032
15905, 0.7442501306514104
15906, 0.7466917532014035
15907, 0.7501007345855784
15908, 0.7544020969012618
15909, 0.7594775969814358
15910, 0.7651859798321582
15911, 0.7714036366531404
15912, 0.7780545325382945
15913, 0.7851063024756155
15914, 0.7925034637004055
15915, 0.7993752740130535
15916, 0.8010325869993342
15917, 0.8011422967274572
15918, 0.801328348076939
15919, 0.8016338252984475
15920, 0.8019278845200947
15921, 0.8017721069529269
15922, 0.8004381379555419
15923, 0.7981168090493852
15924, 0.7955104364848905
15925, 0.7929594250633331
15926, 0.7906197788602289
15927, 0.7885957124890245
15928, 0.7869788176803232
15929, 0.7858654315837436
15930, 0.7853441386821225
15931, 0.7854918315644941
15932, 0.7863735219468402
15933, 0.7880640833135384
15934, 0.7906291338824953
15935, 0.7940560130277599
15936, 0.7981131464953601
15937, 0.8020714093047503
15938, 0.8050115373213559
15939, 0.8074908209807616
15940, 0.8102845496962645
15941, 0.8134518325299231
15942, 0.8165613464920801
15943, 0.8189888683231724
15944, 0.8204428740490771
15945, 0.8198417996578075
15946, 0.8170151432252758
15947, 0.8137383439158411
15948, 0.8105370861700074
15949, 0.8076462500023257
15950, 0.8052753544648609
15951, 0.8036123287475765
15952, 0.8027992816364788
15953, 0.8028918052727234
15954, 0.8037735066002933
15955, 0.8048897516926324
15956, 0.8053038513640687
15957, 0.804994025458091
15958, 0.803949452617662
15959, 0.8016178509688718
15960, 0.7975709798545898
15961, 0.7918534746544337
15962, 0.7845970044559574
15963, 0.7749597684275987
15964, 0.7629983952192152
15965, 0.7500525298065653
15966, 0.7364024311947122
15967, 0.7226922854668401
15968, 0.709689476959284
15969, 0.6978351225080502
15970, 0.6873638882061156
15971, 0.6784297155610525
15972, 0.6711241517506044
15973, 0.6655053533832678
15974, 0.6615826249317206
15975, 0.6593098227808526
15976, 0.6585325658381272
15977, 0.6585318704038187
15978, 0.6568498585288318
15979, 0.6521905509291109
15980, 0.6447644446868405
15981, 0.6384330182681746
15982, 0.6336998278826078
15983, 0.6305573677264308
15984, 0.6288626200522254
15985, 0.6283648829513074
15986, 0.6287332467924427
15987, 0.6295649940785262
15988, 0.63043410307018
15989, 0.6309706344993615
15990, 0.6309154381191173
15991, 0.6302224302801341
15992, 0.6291745809817522
15993, 0.6282912974736543
15994, 0.6280763262646792
15995, 0.6287962439663981
15996, 0.6304051185039096
15997, 0.6325335943753478
15998, 0.6345883049621618
15999, 0.6362585609306033
16000, 0.6378515400622161
16001, 0.6398723621624446
16002, 0.6427033757395266
16003, 0.646592954762246
16004, 0.6516973098950286
16005, 0.6581201733257789
16006, 0.6658906880665503
16007, 0.6749147412315883
16008, 0.6845521584008634
16009, 0.6893152853663241
16010, 0.6904555774750811
16011, 0.6898427884970267
16012, 0.6890680745084372
16013, 0.6884929563386102
16014, 0.687213749340126
16015, 0.6853884306539131
16016, 0.6841196318843624
16017, 0.6838987680150697
16018, 0.6848135418958603
16019, 0.686773326357438
16020, 0.6895779935174657
16021, 0.6929934879176067
16022, 0.696792274760602
16023, 0.7007422813748538
16024, 0.7046471781333066
16025, 0.7083677931224427
16026, 0.711850518449215
16027, 0.7151076273882903
16028, 0.7181990660150604
16029, 0.7212381375545125
16030, 0.7243684474186332
16031, 0.7277486064981019
16032, 0.7315256068002807
16033, 0.7358071638678577
16034, 0.7406662760039445
16035, 0.7461419066516793
16036, 0.752227788598188
16037, 0.7588718530911488
16038, 0.7659781911882616
16039, 0.7734023553436163
16040, 0.7809668580099313
16041, 0.7885161742649408
16042, 0.7959906633455731
16043, 0.8034114348492084
16044, 0.8082708247400886
16045, 0.8118354205206118
16046, 0.8155219616629344
16047, 0.8191246465231455
16048, 0.8202998678803847
16049, 0.8193557716259415
16050, 0.8177300348497816
16051, 0.8151294986163798
16052, 0.8112514923175902
16053, 0.806797868252772
16054, 0.8022576120705536
16055, 0.7957755396213342
16056, 0.7876647401590208
16057, 0.7796669276082177
16058, 0.7718086723574501
16059, 0.7640218696181346
16060, 0.7562500362667794
16061, 0.7485006529325688
16062, 0.7408848162839352
16063, 0.7335998404863758
16064, 0.7268652313234519
16065, 0.7208675176804872
16066, 0.7157319815143376
16067, 0.7115121647718629
16068, 0.7081939823696062
16069, 0.7056930339695114
16070, 0.7038401560467921
16071, 0.7023301760994586
16072, 0.7006072691947292
16073, 0.6976954147163733
16074, 0.6925683663161809
16075, 0.6849328746556222
16076, 0.6751691274738774
16077, 0.6642308953557227
16078, 0.6530683745573811
16079, 0.6423067266830221
16080, 0.6323390998867262
16081, 0.6234249576579889
16082, 0.6157438293729199
16083, 0.609437149033968
16084, 0.6046008417355055
16085, 0.6012958412092181
16086, 0.5995478381320527
16087, 0.5993303874476664
16088, 0.6005416434462744
16089, 0.6029727824244829
16090, 0.6062763542478877
16091, 0.6099943404620776
16092, 0.6136543105088439
16093, 0.6169524908668218
16094, 0.6197565533366758
16095, 0.621863609844359
16096, 0.6231564853581506
16097, 0.6240945831823282
16098, 0.6252735589440525
16099, 0.6264915224702376
16100, 0.6238600100228417
16101, 0.6190881783296844
16102, 0.6153592499312414
16103, 0.6131801522506438
16104, 0.6127576212775674
16105, 0.6141882364327419
16106, 0.6174994750179932
16107, 0.6224419354929557
16108, 0.6199310613158256
16109, 0.616998877213452
16110, 0.6158827166996375
16111, 0.6165440908135024
16112, 0.618783338368141
16113, 0.6218655330064129
16114, 0.6240836824960948
16115, 0.6250762938342898
16116, 0.6241235929233152
16117, 0.6227960928562386
16118, 0.6218347027363016
16119, 0.6210799525053081
16120, 0.6202028148357827
16121, 0.6188593774636735
16122, 0.6168659725302642
16123, 0.6143361583307251
16124, 0.6116333146862496
16125, 0.6091699759634935
16126, 0.6072704705443772
16127, 0.6061759946965574
16128, 0.606103166584085
16129, 0.607208900147135
16130, 0.6094523691517648
16131, 0.6122188873511047
16132, 0.6150923246092925
16133, 0.6188869616746628
16134, 0.6240041748280317
16135, 0.6303959428165739
16136, 0.6378669717095368
16137, 0.6461227023126626
16138, 0.6547371263714838
16139, 0.6631935501623069
16140, 0.671052678032746
16141, 0.6781820661134811
16142, 0.6846430486648976
16143, 0.6903920367294344
16144, 0.6952803461026682
16145, 0.6993441259547347
16146, 0.7028963723628752
16147, 0.7063153896277385
16148, 0.7099084860001242
16149, 0.7139119935005198
16150, 0.718477666387919
16151, 0.7236821626820636
16152, 0.7294623511648932
16153, 0.7355663418878907
16154, 0.7410548641470007
16155, 0.7453635881849576
16156, 0.7495073833710943
16157, 0.7538167292107413
16158, 0.7582794273072785
16159, 0.762873768970882
16160, 0.7676424036246272
16161, 0.7727021138383009
16162, 0.7781960014506688
16163, 0.7842270070129055
16164, 0.7908400748161534
16165, 0.7980705433741629
16166, 0.8060063893807318
16167, 0.814758248598074
16168, 0.8243736551852437
16169, 0.8347893736461228
16170, 0.8456282663536183
16171, 0.8541957566073918
16172, 0.8594062650612335
16173, 0.8629316976903603
16174, 0.8653273358490271
16175, 0.8661512195583404
16176, 0.8631197720770312
16177, 0.8589519695690373
16178, 0.8540390203545077
16179, 0.8487251783574941
16180, 0.8428108866446813
16181, 0.8363622236578586
16182, 0.8298855778137808
16183, 0.8236846924669615
16184, 0.8178690488972014
16185, 0.8123380518224294
16186, 0.8059907648059454
16187, 0.7982822547317854
16188, 0.790704028044345
16189, 0.783342455506672
16190, 0.7754526104586847
16191, 0.7670966233747116
16192, 0.7590845423784641
16193, 0.7517389965100503
16194, 0.7451430333909366
16195, 0.7393272919559077
16196, 0.7343093183339344
16197, 0.7301060807769649
16198, 0.7267246254781884
16199, 0.7241406583525041
16200, 0.7222779659448749
16201, 0.7209809546487426
16202, 0.7199984664033345
16203, 0.7189349068227688
16204, 0.7173440863478875
16205, 0.7149210819388147
16206, 0.711670260676436
16207, 0.7079084250325419
16208, 0.7040718061026882
16209, 0.700548865366004
16210, 0.6976468796523368
16211, 0.6956106748790316
16212, 0.6946024121564724
16213, 0.6877262915438224
16214, 0.6798058217468596
16215, 0.6732137863731659
16216, 0.6680328729728279
16217, 0.6642895868015513
16218, 0.6619630964276899
16219, 0.6608493515628039
16220, 0.6597653827284018
16221, 0.6565308102041044
16222, 0.6526440689010361
16223, 0.648398335959907
16224, 0.6437893748086386
16225, 0.6391749812732268
16226, 0.6351438076405954
16227, 0.63225181869408
16228, 0.6308839236744646
16229, 0.6312446977400493
16230, 0.6334300828250827
16231, 0.6374196377870998
16232, 0.6430771502282436
16233, 0.6501614307299141
16234, 0.6582962919887783
16235, 0.66682220146598
16236, 0.6743225465434077
16237, 0.6792831186830088
16238, 0.6823964294750434
16239, 0.684281268034575
16240, 0.6842866334275229
16241, 0.6821858272157693
16242, 0.6788709510786842
16243, 0.6750653602861364
16244, 0.6711124352840193
16245, 0.6637530553677655
16246, 0.6543194194086484
16247, 0.6450988120800906
16248, 0.636301957093149
16249, 0.6281441887811625
16250, 0.6208240452533886
16251, 0.6144976118471835
16252, 0.6092942929841142
16253, 0.6053044409844266
16254, 0.6025510061201962
16255, 0.601023542556693
16256, 0.6007175903524365
16257, 0.6016240659656781
16258, 0.6037321040911577
16259, 0.6070160180738691
16260, 0.6112850807789522
16261, 0.614051422153344
16262, 0.6158538584687109
16263, 0.6185973164141677
16264, 0.6223108259432963
16265, 0.6268978950823083
16266, 0.6321846139751985
16267, 0.6379695763984918
16268, 0.644087490107156
16269, 0.6504179736484542
16270, 0.6568967125820631
16271, 0.663532931813518
16272, 0.6703884051187329
16273, 0.6775041335697342
16274, 0.6848429593276938
16275, 0.6923067125113129
16276, 0.6997306447428371
16277, 0.7069318194712074
16278, 0.7137586589346343
16279, 0.7201066710565776
16280, 0.7258282118073999
16281, 0.7305208490243279
16282, 0.7338229903299589
16283, 0.7362493662026813
16284, 0.7384060300648629
16285, 0.7405228836722099
16286, 0.7425974754864969
16287, 0.7446769493375169
16288, 0.7470773490285968
16289, 0.7501813827154665
16290, 0.7542232785765827
16291, 0.7592872394932436
16292, 0.7653649386623463
16293, 0.7724114563897058
16294, 0.7803763689007743
16295, 0.7891598372143807
16296, 0.7984429615124273
16297, 0.8075793833987643
16298, 0.8164136418610862
16299, 0.8254151405286726
16300, 0.834577217237341
16301, 0.8421929811701846
16302, 0.8464168840993961
16303, 0.8471988307667758
16304, 0.8450848938359306
16305, 0.8424430237454043
16306, 0.8398825989858538
16307, 0.8372799233452339
16308, 0.8343112696493068
16309, 0.8307088635329449
16310, 0.8267010388822629
16311, 0.8226914843063283
16312, 0.8189251359045036
16313, 0.8154962126535361
16314, 0.8088943490852053
16315, 0.8019827700224171
16316, 0.7956046934701945
16317, 0.7898099054408996
16318, 0.7845797371751282
16319, 0.7796654552684534
16320, 0.7740718146204161
16321, 0.7674949171151084
16322, 0.7610036104227582
16323, 0.7549696006950797
16324, 0.7494943269082497
16325, 0.7446257992092166
16326, 0.7403730754367593
16327, 0.7366578597708613
16328, 0.7331465042807972
16329, 0.7291772754430178
16330, 0.7248708852099058
16331, 0.7208949387454935
16332, 0.7174891521870705
16333, 0.7145877523913884
16334, 0.7119664937108865
16335, 0.709265310955893
16336, 0.7059111142751726
16337, 0.7008856048320142
16338, 0.6935240009779612
16339, 0.684779315206677
16340, 0.6757646786354564
16341, 0.6670311406188341
16342, 0.6587918086979779
16343, 0.6509936604192061
16344, 0.6431436694683178
16345, 0.6348108309232742
16346, 0.6264709637252378
16347, 0.6184308800781717
16348, 0.6107537929190067
16349, 0.6034845182768097
16350, 0.5967173236002126
16351, 0.5905892335878316
16352, 0.5852320743510909
16353, 0.5806620292934415
16354, 0.5766937445690273
16355, 0.5730040664150003
16356, 0.5694121540770939
16357, 0.5661117763660024
16358, 0.5635021157865799
16359, 0.5618845313251322
16360, 0.561362604893619
16361, 0.56184449820974
16362, 0.5630838549793494
16363, 0.5646876734315658
16364, 0.5661152309647471
16365, 0.5668232131717873
16366, 0.5665961469435985
16367, 0.5656692915351234
16368, 0.564495377255115
16369, 0.5635031555307664
16370, 0.5629994062117039
16371, 0.5631848516984106
16372, 0.5642026544972906
16373, 0.5661515272229504
16374, 0.5690708014074103
16375, 0.5729372210020303
16376, 0.5776584448161025
16377, 0.5830453815043903
16378, 0.5887234441839908
16379, 0.5939749809217706
16380, 0.5978161181930481
16381, 0.5999272444338691
16382, 0.6010008120594158
16383, 0.6017243734930955
16384, 0.6024792232112386
16385, 0.6034812550763949
16386, 0.6049008567005639
16387, 0.6068822384019282
16388, 0.6093976642287502
16389, 0.6118092112048609
16390, 0.6133955001281535
16391, 0.6151945633469622
16392, 0.6179939553227504
16393, 0.6219958052175055
16394, 0.6271860941338063
16395, 0.6334512565722717
16396, 0.6406589659729423
16397, 0.6486833594176877
16398, 0.6573667385817089
16399, 0.6665535231365354
16400, 0.6760969299422365
16401, 0.685884965426117
16402, 0.6957874125891645
16403, 0.705589568867376
16404, 0.7149979365088256
16405, 0.7237865732869083
16406, 0.7319858155159582
16407, 0.7397947942655395
16408, 0.7473918885117493
16409, 0.754894094282379
16410, 0.7623574410234428
16411, 0.7698219180826272
16412, 0.7773396179906367
16413, 0.784971721594341
16414, 0.7927945921810423
16415, 0.8008898160711742
16416, 0.8093246429693568
16417, 0.8181538383625316
16418, 0.8273923150213557
16419, 0.8368974793169769
16420, 0.8462564063775854
16421, 0.8547996325069414
16422, 0.8623586333204264
16423, 0.8692767747398354
16424, 0.87573559147158
16425, 0.8818002227386986
16426, 0.8873748283587108
16427, 0.8916253128200445
16428, 0.892596309301861
16429, 0.8924435033833593
16430, 0.8910804246163336
16431, 0.8887355569044456
16432, 0.8865729720629429
16433, 0.8817892341282474
16434, 0.8758699450213774
16435, 0.8691003529044605
16436, 0.8621107019785511
16437, 0.8557003569607821
16438, 0.8501295550403777
16439, 0.84549230478538
16440, 0.8418025491204555
16441, 0.8389990051945144
16442, 0.8369568702017662
16443, 0.8354651008570876
16444, 0.8341538650824186
16445, 0.8324399768203192
16446, 0.8296668495995216
16447, 0.8255446141519781
16448, 0.8201678810363151
16449, 0.8136304871902064
16450, 0.806168663477558
16451, 0.798222689116537
16452, 0.7901736413820998
16453, 0.7822737328848431
16454, 0.7747069905728297
16455, 0.767641256496696
16456, 0.7612188007432147
16457, 0.7555353010243041
16458, 0.7506508998516457
16459, 0.7464164603967771
16460, 0.7384836558908721
16461, 0.7266599253284654
16462, 0.7153485144221862
16463, 0.7046772372648199
16464, 0.6946153878218452
16465, 0.685164335429145
16466, 0.6763985259861288
16467, 0.6684550208580805
16468, 0.661503766206141
16469, 0.6556980253457274
16470, 0.6511527068825318
16471, 0.647916954530708
16472, 0.6459786483843725
16473, 0.6452962343869496
16474, 0.645832942999884
16475, 0.6475821058271172
16476, 0.6505765985983825
16477, 0.6548491931433377
16478, 0.660387212114516
16479, 0.6671216834859071
16480, 0.6749773505093541
16481, 0.6838533132705474
16482, 0.6936186455581086
16483, 0.7040633232644637
16484, 0.714793130991146
16485, 0.7250539160060707
16486, 0.7330208820969611
16487, 0.7366090847507314
16488, 0.7373220183005771
16489, 0.73527803827242
16490, 0.7296956063176654
16491, 0.7217679819986959
16492, 0.7126846352336936
16493, 0.7030034684891971
16494, 0.6927339034780592
16495, 0.6816751471406913
16496, 0.669985955537097
16497, 0.6583905766987007
16498, 0.647692898640409
16499, 0.6384402635682556
16500, 0.6309391095052781
16501, 0.6253120259012483
16502, 0.6215822779470366
16503, 0.6197053875945435
16504, 0.6195216647306983
16505, 0.6207269988188536
16506, 0.6226271268763212
16507, 0.6238836629972542
16508, 0.6249146617997761
16509, 0.626690824492044
16510, 0.6294308361086405
16511, 0.6331196391691194
16512, 0.6376539822295343
16513, 0.6429023837270078
16514, 0.6486984972056138
16515, 0.6548268500402642
16516, 0.6608480118058722
16517, 0.6657920121227318
16518, 0.6697260676577231
16519, 0.6736258253431822
16520, 0.6777791385023378
16521, 0.682038295677544
16522, 0.6859881054063022
16523, 0.689410816154616
16524, 0.692659356142163
16525, 0.6962001651609416
16526, 0.7002947953754242
16527, 0.7050384351690038
16528, 0.7104375260273557
16529, 0.7164602459451522
16530, 0.7230403993257267
16531, 0.7300587245934952
16532, 0.737313683049966
16533, 0.7444852071451237
16534, 0.7511259327722271
16535, 0.7567939037687055
16536, 0.7613680511457431
16537, 0.7651602915104211
16538, 0.7686244936080745
16539, 0.772132055391425
16540, 0.7759436087136184
16541, 0.7802270909591618
16542, 0.785076152865977
16543, 0.790512161254817
16544, 0.7964629906775336
16545, 0.8027882889967711
16546, 0.8093018777709138
16547, 0.8157896257886026
16548, 0.8219847768261713
16549, 0.8275686911169057
16550, 0.8322167318462316
16551, 0.835628251873295
16552, 0.8376196779867929
16553, 0.8381058043625642
16554, 0.8373864548995735
16555, 0.8361032984248331
16556, 0.8345914395275121
16557, 0.8329695123544251
16558, 0.8313636928675161
16559, 0.8299497108867949
16560, 0.8289042271496534
16561, 0.8283666776262254
16562, 0.8284235296310846
16563, 0.8290978591866447
16564, 0.8303423079024373
16565, 0.8320063681593859
16566, 0.8336850408242776
16567, 0.834398321462524
16568, 0.8336233207546114
16569, 0.8316731938748527
16570, 0.8285595601299768
16571, 0.8249056844606475
16572, 0.8213591210194685
16573, 0.8182263818334887
16574, 0.8156142087750264
16575, 0.8134926697444692
16576, 0.8117095849765291
16577, 0.8100879460945067
16578, 0.8085607239984232
16579, 0.8070685011975061
16580, 0.8053566119865695
16581, 0.8029566455298957
16582, 0.7995107022240178
16583, 0.795157215220174
16584, 0.7904681996088877
16585, 0.7859972872562985
16586, 0.7820281039072338
16587, 0.7785632445590633
16588, 0.775376045985629
16589, 0.7720332480589287
16590, 0.7681954899354695
16591, 0.7638186813015501
16592, 0.7589398178923477
16593, 0.7535521695804357
16594, 0.7474725376759094
16595, 0.7396552588255422
16596, 0.729165058472644
16597, 0.7167658689825462
16598, 0.7028673579088655
16599, 0.6882030810571858
16600, 0.673722915499332
16601, 0.6602285595000108
16602, 0.6482895350752294
16603, 0.63829093522053
16604, 0.6305086207738683
16605, 0.625142136548266
16606, 0.6223048583470165
16607, 0.6220385614723202
16608, 0.6243262972887559
16609, 0.6291194470447204
16610, 0.6363175513633512
16611, 0.6457493839546529
16612, 0.6571901593991992
16613, 0.6703769581393385
16614, 0.6849581414746222
16615, 0.7004022386032001
16616, 0.716014428530175
16617, 0.7310411917390409
16618, 0.7446384893927116
16619, 0.755675814582193
16620, 0.7631655469848803
16621, 0.7639467959363125
16622, 0.7593526770494393
16623, 0.753661441184188
16624, 0.7477868125631189
16625, 0.7419768541635754
16626, 0.7363480015837296
16627, 0.7309613128016466
16628, 0.7258391942106777
16629, 0.7210454896563436
16630, 0.7166912040383883
16631, 0.7128407578476356
16632, 0.7095671076032078
16633, 0.7069572426076158
16634, 0.7050689751633644
16635, 0.7039098557473894
16636, 0.7034244516858206
16637, 0.7034737903965372
16638, 0.7038092396365494
16639, 0.7041581760480774
16640, 0.7043475348582264
16641, 0.7044382673968387
16642, 0.7046069654667717
16643, 0.704246625945487
16644, 0.7017551836369891
16645, 0.6993311746294967
16646, 0.6977399300387491
16647, 0.6970563209914344
16648, 0.6972055280654424
16649, 0.6980815473158376
16650, 0.6995645862787253
16651, 0.701488375071682
16652, 0.7036545189999946
16653, 0.7058305461279732
16654, 0.7078199478428545
16655, 0.709585085434855
16656, 0.7112757879721361
16657, 0.7130656054490785
16658, 0.7150560407827661
16659, 0.7172715071751085
16660, 0.7196596890998785
16661, 0.7221407484515412
16662, 0.7247386402236425
16663, 0.7276572468246484
16664, 0.7311573379825566
16665, 0.7354312848760578
16666, 0.740590389973228
16667, 0.7466729244596055
16668, 0.7536308293215007
16669, 0.76135114213498
16670, 0.7696511860577618
16671, 0.7782317404248689
16672, 0.7866923647949081
16673, 0.7946405800647915
16674, 0.8018607512970296
16675, 0.8084041972402959
16676, 0.8145098581670283
16677, 0.8203894239562842
16678, 0.8261563969042667
16679, 0.831860827902833
16680, 0.8375138676410245
16681, 0.8430861389901123
16682, 0.8484849941448527
16683, 0.8535124302382464
16684, 0.8578332833519029
16685, 0.8610667855320399
16686, 0.8630987384240015
16687, 0.8641239493682558
16688, 0.8644011601249756
16689, 0.8641311046260265
16690, 0.8634855952743894
16691, 0.8626420013239696
16692, 0.8617440856761248
16693, 0.8608831937289174
16694, 0.8600566525003509
16695, 0.8582266449873818
16696, 0.854592732455901
16697, 0.850406378264188
16698, 0.8437928375836281
16699, 0.8383232230925642
16700, 0.8341142962031537
16701, 0.8311424974989324
16702, 0.8292834316553733
16703, 0.828010081995789
16704, 0.8267081174070064
16705, 0.82509366030921
16706, 0.8223084769079151
16707, 0.8173512094381279
16708, 0.8119659893225235
16709, 0.8062616550082573
16710, 0.7994597047825576
16711, 0.7880412954127392
16712, 0.775649939156277
16713, 0.7628594126278505
16714, 0.7500296591365925
16715, 0.7373353738163009
16716, 0.724692065208568
16717, 0.7118980242082085
16718, 0.6989171194053699
16719, 0.6860530155027049
16720, 0.6737575960667568
16721, 0.6623789181319222
16722, 0.6521070630834584
16723, 0.6430016800152665
16724, 0.6350181780902433
16725, 0.6279931004723448
16726, 0.6217009890863309
16727, 0.6161083943563139
16728, 0.6114130824629634
16729, 0.6078190246302
16730, 0.6054551464795807
16731, 0.6043840134188045
16732, 0.6046274906343565
16733, 0.6061838243826091
16734, 0.6090398778664866
16735, 0.6131665844690908
16736, 0.6185068672992382
16737, 0.6249911895828284
16738, 0.6325321743309366
16739, 0.6409975120521152
16740, 0.6501783654442126
16741, 0.6596794618204636
16742, 0.6678368577415521
16743, 0.6720612221217241
16744, 0.675096114909521
16745, 0.6778591392797472
16746, 0.6790237727048589
16747, 0.6751717442195555
16748, 0.6704563117989454
16749, 0.6651182427041056
16750, 0.6593676053244409
16751, 0.653544458517415
16752, 0.6480221684017635
16753, 0.6431514139656951
16754, 0.639261859628923
16755, 0.6366376098903708
16756, 0.6354841534966844
16757, 0.635938298807767
16758, 0.6380832904354551
16759, 0.641937382763139
16760, 0.6474548960532867
16761, 0.6545591235874935
16762, 0.6631706260539281
16763, 0.6731626242939182
16764, 0.684356310834072
16765, 0.6965296156163315
16766, 0.7076985079862589
16767, 0.7154361584765834
16768, 0.7232544894488143
16769, 0.7288948470621499
16770, 0.7324626011611459
16771, 0.7346514936185373
16772, 0.7335013209816601
16773, 0.7312206493159473
16774, 0.7283050529527333
16775, 0.7255971837325631
16776, 0.7236608487656905
16777, 0.7227556926445912
16778, 0.7229975137278986
16779, 0.7229793824573005
16780, 0.7214882498374096
16781, 0.7211653030084313
16782, 0.7219374694940376
16783, 0.7218766655019132
16784, 0.7211011940340459
16785, 0.7214653243233449
16786, 0.7231233245728969
16787, 0.726076549527335
16788, 0.7302901048228813
16789, 0.7356964729671029
16790, 0.7421939524228733
16791, 0.7495846555461455
16792, 0.7573856513766797
16793, 0.7649604122260412
16794, 0.7725137434886987
16795, 0.7804155622530546
16796, 0.7886426994155383
16797, 0.797194026509277
16798, 0.8062550847205054
16799, 0.8159749514524371
16800, 0.826322088712953
16801, 0.8370099804348842
16802, 0.8471947718090258
16803, 0.855671965528841
16804, 0.8626081004055943
16805, 0.8681939300361009
16806, 0.8725081111147125
16807, 0.8759745995933232
16808, 0.8788921728615273
16809, 0.8813241695474399
16810, 0.8832509724453641
16811, 0.8846642561795953
16812, 0.8855714721187274
16813, 0.8859848464432408
16814, 0.885908059843804
16815, 0.8854098263593224
16816, 0.884632954619521
16817, 0.8837066559312715
16818, 0.8826494094802959
16819, 0.8813021170982085
16820, 0.8792201703971015
16821, 0.8757065934295304
16822, 0.8705809030170262
16823, 0.8642615738047347
16824, 0.8568198644375025
16825, 0.848141205662448
16826, 0.8385197977305973
16827, 0.828525630097354
16828, 0.8185381903417467
16829, 0.8086101420270607
16830, 0.7985471060576094
16831, 0.7881254985074299
16832, 0.7773346638052964
16833, 0.7664361999538072
16834, 0.7558313266814011
16835, 0.7459332123925201
16836, 0.7370850383562634
16837, 0.7295236204965595
16838, 0.7233746228837449
16839, 0.7186678493998552
16840, 0.7153714584648543
16841, 0.7133951743134842
16842, 0.7125756333633949
16843, 0.712649253079677
16844, 0.7131182449860265
16845, 0.7128610157253352
16846, 0.7104574595592381
16847, 0.7063941755422705
16848, 0.7019299102825963
16849, 0.6975813334573903
16850, 0.6934334572377422
16851, 0.6894351857947619
16852, 0.6854980761058899
16853, 0.6815364561194449
16854, 0.677474389009487
16855, 0.6732430887004613
16856, 0.6687773596120867
16857, 0.6640145764721368
16858, 0.6589019096923264
16859, 0.6534333725346287
16860, 0.6476966610762168
16861, 0.6418367044081209
16862, 0.6359868514955223
16863, 0.6302594531127229
16864, 0.6247803380307401
16865, 0.6196875509500097
16866, 0.6151284475776457
16867, 0.6112559409643458
16868, 0.6082220363873602
16869, 0.6061446764318204
16870, 0.6050918833331036
16871, 0.6050996844168846
16872, 0.6061837403777359
16873, 0.6083549669749662
16874, 0.6115804439089086
16875, 0.6157827972330707
16876, 0.6208408585084564
16877, 0.6225724568279374
16878, 0.6211981299176499
16879, 0.620626687658541
16880, 0.6209840510049561
16881, 0.6223914130262139
16882, 0.6248851423346842
16883, 0.6283919119817357
16884, 0.6326508574730888
16885, 0.6364968783012793
16886, 0.6373411099348057
16887, 0.6371755677615002
16888, 0.6376669168146757
16889, 0.6389652322813617
16890, 0.6409082964537668
16891, 0.6433185648236681
16892, 0.6459934892819492
16893, 0.648590707140822
16894, 0.6509717890996862
16895, 0.6535024028800367
16896, 0.6564928393515057
16897, 0.6599660434928679
16898, 0.6638216754802733
16899, 0.6680358993084283
16900, 0.6726675254133153
16901, 0.6777614766904358
16902, 0.6832190280423575
16903, 0.68877947278136
16904, 0.6943375589665995
16905, 0.7001248901049016
16906, 0.7063869194987757
16907, 0.7131040172325428
16908, 0.7166937301296666
16909, 0.7205709875289603
16910, 0.7248718250715525
16911, 0.7295123902988909
16912, 0.7343830067791978
16913, 0.7393617078516154
16914, 0.7443397123688756
16915, 0.7492288361583446
16916, 0.7538836988059932
16917, 0.7580467089996223
16918, 0.7617173720669596
16919, 0.7653490860627843
16920, 0.7693465993445721
16921, 0.7738794169613041
16922, 0.7789591767718982
16923, 0.7845043485493044
16924, 0.7903590970544008
16925, 0.7963271662673904
16926, 0.8022474394064818
16927, 0.8080643917393376
16928, 0.8138108014082747
16929, 0.8195191012520304
16930, 0.825144399648009
16931, 0.830561243272675
16932, 0.8355974541565382
16933, 0.8400321631191529
16934, 0.8435794354328907
16935, 0.8462173289825893
16936, 0.8483208849628663
16937, 0.8501890782480603
16938, 0.8519209808631028
16939, 0.8534994528626774
16940, 0.8548006414945211
16941, 0.8554510811000946
16942, 0.8545536073267009
16943, 0.8509961300856798
16944, 0.8457288183070572
16945, 0.8393413071694074
16946, 0.8320132998787829
16947, 0.8240230904958948
16948, 0.8156283904374748
16949, 0.8069212727208314
16950, 0.7978786026452288
16951, 0.7885119624337683
16952, 0.7789527180268195
16953, 0.7694102421241139
16954, 0.760108720546787
16955, 0.7512719457294081
16956, 0.7431136923049895
16957, 0.7325719405635883
16958, 0.7222199638628533
16959, 0.712839411660917
16960, 0.7045658827461093
16961, 0.6975042635511851
16962, 0.6917077995746306
16963, 0.6871809359065671
16964, 0.6839062900451498
16965, 0.6818249664625969
16966, 0.6808049432312393
16967, 0.6806616613361116
16968, 0.6811761627414801
16969, 0.6820767162363699
16970, 0.6830755165197233
16971, 0.6839603636291535
16972, 0.6846693961980379
16973, 0.6852546632393374
16974, 0.6858273144173131
16975, 0.6865201504438541
16976, 0.6874633573667785
16977, 0.6887652962025035
16978, 0.6904256886783677
16979, 0.6907754035485639
16980, 0.6862292349932807
16981, 0.6815751800016875
16982, 0.6776040234736558
16983, 0.6743068325437576
16984, 0.6715388681239918
16985, 0.6691380434441087
16986, 0.6670521081536772
16987, 0.6651440646395687
16988, 0.6574310234925448
16989, 0.6497498916125353
16990, 0.6430125464582278
16991, 0.637330695262158
16992, 0.6327640814355173
16993, 0.6292860310984081
16994, 0.6267860809359598
16995, 0.6249488936344133
16996, 0.6227186093831606
16997, 0.619232259820545
16998, 0.615651861700401
16999, 0.6126422269881371
17000, 0.6103875436821888
17001, 0.6089823025992035
17002, 0.6084608571330646
17003, 0.6088454621039121
17004, 0.6101825268780375
17005, 0.6124923148394518
17006, 0.615748939466647
17007, 0.6199156908178217
17008, 0.6248966135049516
17009, 0.6303607617906545
17010, 0.6356908615747172
17011, 0.6407968897893755
17012, 0.6463226738372921
17013, 0.652680129367786
17014, 0.6599182853737057
17015, 0.6679488564552852
17016, 0.676632701356176
17017, 0.6858162090245101
17018, 0.6953364524526336
17019, 0.7050603009641712
17020, 0.7148806643132938
17021, 0.7246480421895756
17022, 0.7341475215801753
17023, 0.7431728630814459
17024, 0.7516131800055197
17025, 0.7594943956793924
17026, 0.7669741209061091
17027, 0.774263929413418
17028, 0.7815771512720984
17029, 0.7890352026686572
17030, 0.7926199176513449
17031, 0.7954694832406032
17032, 0.7979181989422628
17033, 0.7995305263158391
17034, 0.8002180051631074
17035, 0.8002888835550641
17036, 0.8001167004217613
17037, 0.7995879725135887
17038, 0.7981360809430664
17039, 0.7943852760893474
17040, 0.7896057329019117
17041, 0.7857091012793269
17042, 0.7828768187609805
17043, 0.7810556048429469
17044, 0.7801205968695226
17045, 0.7799227082409943
17046, 0.7803618933450122
17047, 0.7813976808404905
17048, 0.7829700834765161
17049, 0.7848925013841838
17050, 0.7868795435135553
17051, 0.7888267021722553
17052, 0.7909012893423263
17053, 0.7932672608684372
17054, 0.7959553095159135
17055, 0.7988795228681227
17056, 0.8018139326326841
17057, 0.8043245977312683
17058, 0.805973406670863
17059, 0.8068902220201436
17060, 0.8074577213010417
17061, 0.807850762995519
17062, 0.808031739424357
17063, 0.8075650238394916
17064, 0.8057817562565405
17065, 0.8034734859125378
17066, 0.8014182352938688
17067, 0.7998741838349818
17068, 0.7989594643778523
17069, 0.7987533494505155
17070, 0.7992808863116295
17071, 0.8001959197507256
17072, 0.80007515687988
17073, 0.7996539655646487
17074, 0.799108305620219
17075, 0.7951106764849061
17076, 0.7902386756196565
17077, 0.7844730956704146
17078, 0.7782981343367421
17079, 0.7723705551112782
17080, 0.7671051999772978
17081, 0.76263837972096
17082, 0.7587851510363459
17083, 0.7544817983055492
17084, 0.7477346277552923
17085, 0.7397649419056956
17086, 0.7322214992510246
17087, 0.7255547803896761
17088, 0.7198428492252887
17089, 0.7150024573259292
17090, 0.7104328725472109
17091, 0.7028943598536765
17092, 0.6943199684139706
17093, 0.6853446721359832
17094, 0.6760153485972179
17095, 0.6666986097556483
17096, 0.6577334365706479
17097, 0.6492710023741238
17098, 0.641530472387836
17099, 0.6349431169253982
17100, 0.6299298738923002
17101, 0.6267584609414221
17102, 0.6255571504130044
17103, 0.6263302461974068
17104, 0.6290072702106875
17105, 0.633483590137335
17106, 0.6396116328348704
17107, 0.6471731899745093
17108, 0.6558878560127638
17109, 0.6653408227630225
17110, 0.6745116522689726
17111, 0.6817155172099985
17112, 0.6864102559838587
17113, 0.687792081807302
17114, 0.6877343002800157
17115, 0.6872121982362478
17116, 0.6867033688782451
17117, 0.6864877814597821
17118, 0.6866182765683899
17119, 0.6868341050548129
17120, 0.6863572243087941
17121, 0.6847376241638838
17122, 0.6827507290773167
17123, 0.6810807081107151
17124, 0.6799959248761783
17125, 0.6795619020884053
17126, 0.679737254923024
17127, 0.6802431874040162
17128, 0.6790112506026582
17129, 0.6761598778112403
17130, 0.6735742795214079
17131, 0.6714408113559812
17132, 0.6697390696177288
17133, 0.6683711841681553
17134, 0.6672114080262166
17135, 0.6662093634573399
17136, 0.6654450277301507
17137, 0.6650985533880168
17138, 0.6653828001210961
17139, 0.6664911238498927
17140, 0.6685494403866696
17141, 0.671584200443371
17142, 0.6755370384487676
17143, 0.6802707459667899
17144, 0.6855784174784298
17145, 0.691194533901514
17146, 0.6967989277751137
17147, 0.7020661297920378
17148, 0.7067833797676872
17149, 0.7109437470137037
17150, 0.7147266414700337
17151, 0.7184132924425648
17152, 0.7223156753353495
17153, 0.7267121735946207
17154, 0.7317648323604412
17155, 0.7374122551362972
17156, 0.7429384173930624
17157, 0.7449097699156446
17158, 0.7436888272429406
17159, 0.741255507415151
17160, 0.7389653371502553
17161, 0.7375694479020293
17162, 0.7373183151958803
17163, 0.7382344715560681
17164, 0.740224667591064
17165, 0.7431336724431401
17166, 0.7467732002020966
17167, 0.7509316161080138
17168, 0.7554028672343066
17169, 0.7600436217663493
17170, 0.764797997239885
17171, 0.7696720304842366
17172, 0.7746295671522915
17173, 0.7794993879643433
17174, 0.784033153095686
17175, 0.7881233408408661
17176, 0.7918887520201222
17177, 0.7954857861568987
17178, 0.7989427386412838
17179, 0.8021636930871066
17180, 0.8049889380045478
17181, 0.8073180255619368
17182, 0.8091504757188767
17183, 0.8102005413642008
17184, 0.8092824281088721
17185, 0.806878122848167
17186, 0.8038136889956224
17187, 0.8003111605821297
17188, 0.7966202627062424
17189, 0.7930198216549829
17190, 0.7897129501890455
17191, 0.7867459066502309
17192, 0.7839995082289999
17193, 0.7813448247544077
17194, 0.778847443883231
17195, 0.7767702887724132
17196, 0.7753890370829137
17197, 0.7747905379295412
17198, 0.7744031345011818
17199, 0.7727817231600373
17200, 0.7671889732526807
17201, 0.7604102536182455
17202, 0.7534502801815763
17203, 0.7468973114960142
17204, 0.7410456211079569
17205, 0.7356775568001046
17206, 0.7301428164397269
17207, 0.7235295321633365
17208, 0.7150687134549493
17209, 0.7049131275640078
17210, 0.6942128308114556
17211, 0.6840440310742506
17212, 0.6750532686436403
17213, 0.6675973805467429
17214, 0.6618719645612224
17215, 0.6579597360503127
17216, 0.654195764605328
17217, 0.6484932817749597
17218, 0.6443632109721743
17219, 0.6416394663214113
17220, 0.6400387973654643
17221, 0.6392282434866384
17222, 0.6388405841244049
17223, 0.6385144059145089
17224, 0.6380001052385026
17225, 0.6372910247512564
17226, 0.6366260760107965
17227, 0.6362874505375168
17228, 0.6364392233139762
17229, 0.6369779883947919
17230, 0.6370464513479095
17231, 0.6355746524272256
17232, 0.6336682213081856
17233, 0.6324395070505946
17234, 0.6322722508811609
17235, 0.6332947583374047
17236, 0.6355569358154569
17237, 0.6391068578068181
17238, 0.6440084962654812
17239, 0.650292953274702
17240, 0.6579520812548428
17241, 0.6669446901541093
17242, 0.6771243015830635
17243, 0.6877170245982798
17244, 0.6961130354069015
17245, 0.7033151175472625
17246, 0.7095803467874564
17247, 0.7155632936201365
17248, 0.7216579087098579
17249, 0.7276486748925272
17250, 0.7330078069868303
17251, 0.7367794671452171
17252, 0.7360933239957111
17253, 0.7293357559483787
17254, 0.7197524428060653
17255, 0.7092114930398623
17256, 0.6985394427331852
17257, 0.6882561885277196
17258, 0.6787407944183264
17259, 0.670280106033606
17260, 0.6630952870246902
17261, 0.6573498104417221
17262, 0.6531538550128214
17263, 0.6505705188917608
17264, 0.6496301267870527
17265, 0.6503266585093662
17266, 0.6526088509068277
17267, 0.6564062077319798
17268, 0.6616339767553202
17269, 0.668156933390019
17270, 0.6756030767464871
17271, 0.6813922672862323
17272, 0.6845277546483098
17273, 0.6881736328731066
17274, 0.692704947012268
17275, 0.6970299740641474
17276, 0.698891818393183
17277, 0.701532924927905
17278, 0.705105180189439
17279, 0.7095419487579487
17280, 0.7147290661643038
17281, 0.7205400118238099
17282, 0.7268830641656856
17283, 0.7337003703419003
17284, 0.7409554908814309
17285, 0.7486304324066563
17286, 0.7566405268894694
17287, 0.7613277766862987
17288, 0.7659666402291575
17289, 0.7710450785954659
17290, 0.7765154745392054
17291, 0.7820095351982042
17292, 0.785906974182153
17293, 0.7891523898627227
17294, 0.7924907197105189
17295, 0.7954907581255758
17296, 0.7982061577670311
17297, 0.8013069370432655
17298, 0.8049956160743429
17299, 0.8092454915698094
17300, 0.8139211715373472
17301, 0.8187567899668216
17302, 0.8231084254847837
17303, 0.8236059571292309
17304, 0.819946841470522
17305, 0.8150337759224496
17306, 0.8091788595803857
17307, 0.8023490353691043
17308, 0.7947294326719033
17309, 0.7868493517200692
17310, 0.7791950152942552
17311, 0.7721259737558821
17312, 0.7658744657232199
17313, 0.7603956603127239
17314, 0.7542000136301146
17315, 0.7461287669758845
17316, 0.738462175172592
17317, 0.7317742448529967
17318, 0.7261968371669756
17319, 0.7217019032487004
17320, 0.7181188699710613
17321, 0.7151317661999783
17322, 0.7123764291528503
17323, 0.7097050962530997
17324, 0.7073252441756618
17325, 0.7055950127619922
17326, 0.7047986326793151
17327, 0.7050925469782114
17328, 0.7065119436423314
17329, 0.708977131440666
17330, 0.7122894873443788
17331, 0.7161470213286751
17332, 0.7200427968547887
17333, 0.7230567563114492
17334, 0.7236056826543349
17335, 0.7208934897830271
17336, 0.7156353777842817
17337, 0.7083398230389345
17338, 0.6994670375598917
17339, 0.6896355042384401
17340, 0.6794437168781632
17341, 0.6693091943823934
17342, 0.6594620764407357
17343, 0.6500064958834557
17344, 0.6409575361287484
17345, 0.6322870129654377
17346, 0.6240112207763432
17347, 0.6162388730889368
17348, 0.6091591352594382
17349, 0.6029443476511411
17350, 0.597722829502895
17351, 0.5936181183190576
17352, 0.5907422073848742
17353, 0.5891402548506507
17354, 0.5888179352424097
17355, 0.589764904422219
17356, 0.5919463193928866
17357, 0.5952867448495446
17358, 0.5996844389625017
17359, 0.605024112433121
17360, 0.611173929144782
17361, 0.6179615641253872
17362, 0.6251076336961819
17363, 0.6307516068228155
17364, 0.6325048001188451
17365, 0.6336442504635776
17366, 0.6342575990354697
17367, 0.634357307881709
17368, 0.6341347425078991
17369, 0.6338441276510668
17370, 0.6337063257432142
17371, 0.6336389693499058
17372, 0.6303147354596574
17373, 0.6263208569064979
17374, 0.6234717453406741
17375, 0.6220674983432781
17376, 0.6223170750970346
17377, 0.6243591905250321
17378, 0.6282749231531689
17379, 0.6340815526458163
17380, 0.6417203633312043
17381, 0.6510506498904117
17382, 0.6609413325348718
17383, 0.6657537533766508
17384, 0.6709185065053042
17385, 0.6758801535648195
17386, 0.6811864358426822
17387, 0.687568675554076
17388, 0.695372655600794
17389, 0.7047525358295407
17390, 0.7157294791217541
17391, 0.728159011213929
17392, 0.7414771778195837
17393, 0.754236704939547
17394, 0.7666640891246278
17395, 0.7796464230002715
17396, 0.7930914766258383
17397, 0.8066398144557944
17398, 0.8199307939946942
17399, 0.8326415406562601
17400, 0.8445423696385602
17401, 0.8536230570758292
17402, 0.8571256963485028
17403, 0.8598022822886187
17404, 0.8617765089162185
17405, 0.8627246087652148
17406, 0.8618478510100778
17407, 0.8576632415985543
17408, 0.8518451431798606
17409, 0.8433128243832687
17410, 0.8340799079621409
17411, 0.8254602194381954
17412, 0.8176557861210817
17413, 0.8107586796087534
17414, 0.8048216039019697
17415, 0.7998423471010432
17416, 0.7957341752356935
17417, 0.7923302184583142
17418, 0.7894100471642169
17419, 0.7867579763922198
17420, 0.7842438946128629
17421, 0.781853903259004
17422, 0.7796962168198198
17423, 0.7780121395335563
17424, 0.7770416492971766
17425, 0.7769226015426806
17426, 0.7776792344971774
17427, 0.7792433479097519
17428, 0.7814782445696521
17429, 0.7842143381898482
17430, 0.7872654461363654
17431, 0.7903888835535566
17432, 0.793174665808844
17433, 0.7909084604596947
17434, 0.7861113133490634
17435, 0.7762748302114438
17436, 0.7653854459447517
17437, 0.7542718933795017
17438, 0.7434887046988458
17439, 0.7334492666699901
17440, 0.7244305683016816
17441, 0.7165927907905549
17442, 0.7086902413181781
17443, 0.6984755062673499
17444, 0.689548442746731
17445, 0.6822512584094528
17446, 0.6767210289110063
17447, 0.6730269614826182
17448, 0.6711473749628363
17449, 0.6709626666781151
17450, 0.6722189762136276
17451, 0.6745402853012225
17452, 0.6776685978474172
17453, 0.6816552795582266
17454, 0.6866402298656037
17455, 0.6925963132779159
17456, 0.6992767016554398
17457, 0.7063787898224549
17458, 0.7138623839299845
17459, 0.7218689977627203
17460, 0.7304334897177712
17461, 0.7394523809107861
17462, 0.7486971897158881
17463, 0.7578081724373416
17464, 0.7663745394685227
17465, 0.7719028898364156
17466, 0.7741100152820796
17467, 0.7752248546544893
17468, 0.77520934676516
17469, 0.7737618438299859
17470, 0.7680682708242553
17471, 0.7596752071418164
17472, 0.7504122267544582
17473, 0.7407293555181169
17474, 0.7310028720068762
17475, 0.7215686940936532
17476, 0.7126936988275
17477, 0.7045775544735479
17478, 0.6973330396076369
17479, 0.6908226568823364
17480, 0.6840228646084907
17481, 0.6760120912830843
17482, 0.6680949433328893
17483, 0.6607788531243413
17484, 0.6540864732089282
17485, 0.6479137216881754
17486, 0.6421043255313561
17487, 0.6364807352631511
17488, 0.6309008163269755
17489, 0.6253923842521657
17490, 0.6201929179344742
17491, 0.6155933438530978
17492, 0.6118311822137898
17493, 0.6090577469110695
17494, 0.6073469761619699
17495, 0.6067186069030301
17496, 0.6071302271946459
17497, 0.6084451857565795
17498, 0.6103866453668241
17499, 0.6125328212526858
17500, 0.6145108658827173
17501, 0.6163526477250351
17502, 0.6184291744427383
17503, 0.6210861550612407
17504, 0.6245100303706976
17505, 0.6287533260152314
17506, 0.6337758138955188
17507, 0.6394381491484287
17508, 0.6454169014776128
17509, 0.6511084035876634
17510, 0.6560261284499915
17511, 0.6605841342173251
17512, 0.6654930868646891
17513, 0.6711450767514643
17514, 0.6776790990672834
17515, 0.6851171374486269
17516, 0.6934284833449236
17517, 0.7025343106313804
17518, 0.7123259190784537
17519, 0.7226869715692348
17520, 0.7333001239950158
17521, 0.74004959310289
17522, 0.7457697023283794
17523, 0.7518580371607888
17524, 0.758250464687242
17525, 0.7584456518435809
17526, 0.7559919967563911
17527, 0.7541157394263891
17528, 0.7529118898496479
17529, 0.7523923896061638
17530, 0.7524776644267528
17531, 0.7529973436318741
17532, 0.7536690670821773
17533, 0.754080560629923
17534, 0.7538850494650305
17535, 0.7531182467521391
17536, 0.7520398345863843
17537, 0.750703568907862
17538, 0.7488530061240245
17539, 0.7462667903290592
17540, 0.7432233354007108
17541, 0.7402779926011265
17542, 0.7378387145266196
17543, 0.7361165171504479
17544, 0.7352076135926686
17545, 0.7351481952205815
17546, 0.7359381352251451
17547, 0.7375412953467091
17548, 0.7398960901960112
17549, 0.7429487109505132
17550, 0.746667449152604
17551, 0.7509584101345769
17552, 0.7554570022186621
17553, 0.7592169871150444
17554, 0.7616462536929494
17555, 0.7636594689023332
17556, 0.7659208406809982
17557, 0.7685939810783202
17558, 0.771654427630164
17559, 0.7749733339396133
17560, 0.778323308641673
17561, 0.7813480295292502
17562, 0.7834849172680662
17563, 0.7841874075908323
17564, 0.7834157561399759
17565, 0.7814987124339083
17566, 0.7786545347646844
17567, 0.77494688708767
17568, 0.7704690003786567
17569, 0.7654304916200633
17570, 0.7601030821765976
17571, 0.7544033957346182
17572, 0.7456635402279035
17573, 0.7359643160661619
17574, 0.7266350970721261
17575, 0.7178929877111514
17576, 0.7098652021242147
17577, 0.7026386985259361
17578, 0.6962493749212687
17579, 0.6906555644507201
17580, 0.6857156063984542
17581, 0.6811332427004554
17582, 0.676394299943151
17583, 0.6709693375162382
17584, 0.6647176372227339
17585, 0.6579426233217519
17586, 0.6511584054618369
17587, 0.6448110877789489
17588, 0.6391677567149214
17589, 0.6343774183134185
17590, 0.630526077241374
17591, 0.6276659315250638
17592, 0.625843331840858
17593, 0.625108481127329
17594, 0.6254911268399201
17595, 0.6263087677732313
17596, 0.6235145988370872
17597, 0.6215644856914827
17598, 0.6207538820836259
17599, 0.6206737092178205
17600, 0.6206414279385406
17601, 0.6204971958143456
17602, 0.6205596020170597
17603, 0.6208569882466388
17604, 0.6212266169697728
17605, 0.6216076026942133
17606, 0.6221006363567445
17607, 0.6228412087738021
17608, 0.6239238348556
17609, 0.6254074693827757
17610, 0.6273323148044645
17611, 0.6297145188104244
17612, 0.6325181212082892
17613, 0.6356425653146983
17614, 0.6389428799421067
17615, 0.6422760571763344
17616, 0.6456005856285015
17617, 0.6490270235996672
17618, 0.6527139606710263
17619, 0.656723057177083
17620, 0.6610078725266334
17621, 0.6654597847250676
17622, 0.6699342451255899
17623, 0.6742214946926175
17624, 0.6780415866524607
17625, 0.6811664536977091
17626, 0.6836657344761392
17627, 0.6859745117707623
17628, 0.6885887093137693
17629, 0.6916381275170979
17630, 0.69400244271258
17631, 0.6950640669446169
17632, 0.6965886912444799
17633, 0.6992210466128301
17634, 0.7030709598908984
17635, 0.7081068627518797
17636, 0.7142081969029469
17637, 0.7211422229999186
17638, 0.72852430177821
17639, 0.7356809851193902
17640, 0.7411305153216238
17641, 0.743147496725558
17642, 0.7424739355321524
17643, 0.7401262458960696
17644, 0.7366330041009178
17645, 0.732310930083117
17646, 0.7275666014717512
17647, 0.7226391418312137
17648, 0.7176210882707399
17649, 0.7130608816234583
17650, 0.7095009728996469
17651, 0.7072188600073852
17652, 0.7063246593811435
17653, 0.7068171444936527
17654, 0.7085933231849613
17655, 0.7114513032391392
17656, 0.7150982561137434
17657, 0.7191818071556307
17658, 0.723364025746934
17659, 0.727488415026012
17660, 0.731685396852505
17661, 0.7361357458002259
17662, 0.7408172970372648
17663, 0.7454382613354137
17664, 0.749508412816402
17665, 0.7526794781984079
17666, 0.7550343440564743
17667, 0.756682260958641
17668, 0.7576711745618544
17669, 0.7583936727317108
17670, 0.7591284673359666
17671, 0.7597202142219625
17672, 0.7596824763633646
17673, 0.7589520198341383
17674, 0.758100260874989
17675, 0.7575554585316436
17676, 0.7575199405098467
17677, 0.7580441054417953
17678, 0.758964251905062
17679, 0.7598701459039471
17680, 0.7604071289603866
17681, 0.7574507618485821
17682, 0.7508025821813715
17683, 0.7443700322131485
17684, 0.7383107549674268
17685, 0.7326682688056856
17686, 0.7271330463842457
17687, 0.7188580275485108
17688, 0.7097925195296374
17689, 0.7009960372920919
17690, 0.6926525269163444
17691, 0.6849422804580083
17692, 0.678044092488286
17693, 0.6721306820005479
17694, 0.6673480953002102
17695, 0.6637884299297047
17696, 0.6615068419345782
17697, 0.6605064354226727
17698, 0.6607160026744956
17699, 0.6619994868591924
17700, 0.6641697255804574
17701, 0.6669746125996127
17702, 0.6701174641256711
17703, 0.6733087181152717
17704, 0.6763038366171542
17705, 0.6788758995700509
17706, 0.6808181810455709
17707, 0.6821660275116095
17708, 0.6831575977233225
17709, 0.6838565805088619
17710, 0.6840906160406566
17711, 0.683399403009194
17712, 0.6815027360194471
17713, 0.678325068591668
17714, 0.6737149684483816
17715, 0.6676729040179892
17716, 0.6605605328253873
17717, 0.6529070010743607
17718, 0.6451665057197136
17719, 0.6376997225523391
17720, 0.6308063083004766
17721, 0.6247374131097824
17722, 0.6197117189804783
17723, 0.6158977988522647
17724, 0.6134117335879015
17725, 0.61230522372989
17726, 0.6125536606993912
17727, 0.6140198002408844
17728, 0.6164394779586705
17729, 0.6194247834106376
17730, 0.6224373290880363
17731, 0.6246655181320719
17732, 0.625150667685122
17733, 0.6240638216148924
17734, 0.6226201732222809
17735, 0.6216736953258594
17736, 0.6215653346149953
17737, 0.6223183932899611
17738, 0.6237726840818038
17739, 0.6257224832625449
17740, 0.628102376253371
17741, 0.6310598424720002
17742, 0.6348583367813566
17743, 0.6397445869994617
17744, 0.6458672292485761
17745, 0.6532253298060935
17746, 0.6615135530451315
17747, 0.6692005501722136
17748, 0.6749489111880159
17749, 0.6807327276046563
17750, 0.6870468864272232
17751, 0.6934201932421977
17752, 0.6968659738514822
17753, 0.696484996876102
17754, 0.6957289337368627
17755, 0.695255946736352
17756, 0.6952802384631342
17757, 0.696058772283108
17758, 0.6977988409546246
17759, 0.7005702890441001
17760, 0.7043280923869734
17761, 0.7089296801841781
17762, 0.7141492600246232
17763, 0.7194600298232527
17764, 0.7232999262175163
17765, 0.7253679888029787
17766, 0.7237148320710042
17767, 0.7180298778531994
17768, 0.7132773190492719
17769, 0.7100451313256927
17770, 0.708473972890251
17771, 0.7084934763783373
17772, 0.7098672771696851
17773, 0.7122580546498998
17774, 0.7153142555343179
17775, 0.7186720228148995
17776, 0.7222379910378178
17777, 0.7264222109840978
17778, 0.7315534651334894
17779, 0.7376234332899002
17780, 0.7444362575402451
17781, 0.7517941387076286
17782, 0.7594235764134809
17783, 0.7645739367086432
17784, 0.7652996169502415
17785, 0.7665846453899718
17786, 0.7692420804567519
17787, 0.7732842464508545
17788, 0.778521942569038
17789, 0.7845677113173376
17790, 0.7907476969628684
17791, 0.795914870185473
17792, 0.7990475650774587
17793, 0.800444737668491
17794, 0.8006241571546088
17795, 0.7997907898828949
17796, 0.7981306974073046
17797, 0.7958277822077575
17798, 0.7930087345797429
17799, 0.7898400085734265
17800, 0.7866526613505822
17801, 0.783878014326987
17802, 0.7818856134111797
17803, 0.7809295665605407
17804, 0.7811040275073156
17805, 0.7821437853005395
17806, 0.7826168111508857
17807, 0.7801670095130863
17808, 0.7770534187763066
17809, 0.7747964784260672
17810, 0.7735944595671419
17811, 0.7733607147541754
17812, 0.7738828971913186
17813, 0.7749045958895583
17814, 0.7761960278065975
17815, 0.7776177124258996
17816, 0.7790754126929088
17817, 0.7803743889270285
17818, 0.7811541501140419
17819, 0.7811518579859854
17820, 0.7805345387660382
17821, 0.7797637507799534
17822, 0.7792259200518756
17823, 0.7791515671519639
17824, 0.7791047022885484
17825, 0.7752638881514646
17826, 0.7719389015618451
17827, 0.7692332776987549
17828, 0.7630418885821963
17829, 0.7560697007794995
17830, 0.7497762912240432
17831, 0.7443197671820494
17832, 0.7398486718382132
17833, 0.7364820451193286
17834, 0.7343150115035577
17835, 0.7333703390551549
17836, 0.7335880380908194
17837, 0.7348075226007602
17838, 0.7367290715897561
17839, 0.7369096343853732
17840, 0.734862181487565
17841, 0.7334925565357454
17842, 0.7330859587101873
17843, 0.7337854795373849
17844, 0.7357169217658974
17845, 0.7389826604509446
17846, 0.7436374163965561
17847, 0.7496809125228865
17848, 0.7528389981335585
17849, 0.7564433759269038
17850, 0.7609556134362762
17851, 0.7659389526485099
17852, 0.770758187622115
17853, 0.7745214088370924
17854, 0.7766467656350948
17855, 0.7770183819210802
17856, 0.7751239181969668
17857, 0.7708934431782857
17858, 0.7651458188703073
17859, 0.757986345128687
17860, 0.7482038542739139
17861, 0.7358044967212697
17862, 0.7220886513692085
17863, 0.7078527897070734
17864, 0.6936446383965584
17865, 0.6798499336393128
17866, 0.666725695164231
17867, 0.6544852649966557
17868, 0.6433586189233151
17869, 0.6335475816168251
17870, 0.625194376759536
17871, 0.618429810819285
17872, 0.6133873480161526
17873, 0.6101420452893087
17874, 0.6087008668205596
17875, 0.6090358780819317
17876, 0.6110711166136455
17877, 0.6146318075753288
17878, 0.6194306599480407
17879, 0.6250359292538307
17880, 0.6308453392055154
17881, 0.6363230551687623
17882, 0.6414001566753961
17883, 0.6463896418796544
17884, 0.6516046576718733
17885, 0.6572520649947505
17886, 0.6634647364973081
17887, 0.6702770007078983
17888, 0.6775966338124321
17889, 0.6852197295888125
17890, 0.6928939883882318
17891, 0.7004278191197011
17892, 0.7078039314275927
17893, 0.7151952366593093
17894, 0.7228591783366672
17895, 0.7310191146935132
17896, 0.7398005918875876
17897, 0.7492468194769394
17898, 0.7593514266734307
17899, 0.7700267235386641
17900, 0.7810044727219365
17901, 0.7919061649518828
17902, 0.802627320233105
17903, 0.8134663835045508
17904, 0.824698429031893
17905, 0.8362518115113524
17906, 0.8461142944844057
17907, 0.8545647418230032
17908, 0.8628267199949141
17909, 0.8705717131713627
17910, 0.8774509002474254
17911, 0.8833845930850556
17912, 0.8885298524283755
17913, 0.8930486463287509
17914, 0.89687203714623
17915, 0.8981336735831466
17916, 0.8963753670041887
17917, 0.8935584217230184
17918, 0.8878888012494262
17919, 0.8812288468832276
17920, 0.8741797280930762
17921, 0.8667412257281651
17922, 0.8588371208273647
17923, 0.8490987927093585
17924, 0.8366462141559142
17925, 0.8240482915590547
17926, 0.8119186819814029
17927, 0.800558311807101
17928, 0.7901805077447939
17929, 0.7809288702470415
17930, 0.7729185218517852
17931, 0.7662164945594389
17932, 0.7608474514488727
17933, 0.7567905356056429
17934, 0.7538794846030317
17935, 0.7517212450565458
17936, 0.7500463586476435
17937, 0.7486052650639102
17938, 0.7459906197722626
17939, 0.7418265907733408
17940, 0.737577012048262
17941, 0.7335380008773683
17942, 0.7296010357289008
17943, 0.7256981758071597
17944, 0.7219169834541341
17945, 0.7184106392168467
17946, 0.7152973217874045
17947, 0.7126255051953145
17948, 0.7103268688573038
17949, 0.7081643164298931
17950, 0.7056568946945805
17951, 0.7021088078241594
17952, 0.696918944430472
17953, 0.69007380968284
17954, 0.6820972718883275
17955, 0.6735937105981011
17956, 0.664999141549818
17957, 0.6566013707601
17958, 0.6486162312469187
17959, 0.6412359784839168
17960, 0.6346201914830045
17961, 0.6289111679856012
17962, 0.6242208709711207
17963, 0.6206530453615151
17964, 0.6182897581749752
17965, 0.6171630482178719
17966, 0.617267542382625
17967, 0.6185694150347698
17968, 0.621018882193813
17969, 0.6245202676980667
17970, 0.6289388366180665
17971, 0.6340507795283247
17972, 0.6392927413218339
17973, 0.6424498621683211
17974, 0.6405944958388681
17975, 0.6365910794741259
17976, 0.6320044655484723
17977, 0.6271399794335996
17978, 0.6222367909828667
17979, 0.6175997388877504
17980, 0.6135238917806556
17981, 0.6102655274247514
17982, 0.6080531924847112
17983, 0.6070750401181346
17984, 0.6074527177163035
17985, 0.6092464711563079
17986, 0.6124527358815965
17987, 0.6169871805353936
17988, 0.6226392102814939
17989, 0.6290161280619484
17990, 0.635494650720405
17991, 0.6413202707726436
17992, 0.6460918441400274
17993, 0.6500565918919099
17994, 0.6536333664204207
17995, 0.6570818002560618
17996, 0.6605458990749926
17997, 0.6641514157877126
17998, 0.6680456390412671
17999, 0.6723808467396151
18000, 0.6772641178002383
18001, 0.6827260445819765
18002, 0.6887249806642012
18003, 0.6950785526691482
18004, 0.7008640179404515
18005, 0.7043326439591259
18006, 0.7069187521724555
18007, 0.7097417287499389
18008, 0.7124933551619264
18009, 0.7145728201386203
18010, 0.7165619172027783
18011, 0.7186502684279044
18012, 0.7205353486186563
18013, 0.7217730514552423
18014, 0.7222240967923518
18015, 0.7221929712615707
18016, 0.7220719232541815
18017, 0.7221452487245112
18018, 0.722602785137446
18019, 0.7235786035592614
18020, 0.725155650086916
18021, 0.7273676035542334
18022, 0.7302246464946477
18023, 0.733713781151338
18024, 0.7377529274408199
18025, 0.7421073207529778
18026, 0.7462961038941653
18027, 0.749883341116203
18028, 0.7529987012958527
18029, 0.7557916947748724
18030, 0.7580420947046151
18031, 0.7594938431848899
18032, 0.760236479946396
18033, 0.760574935370461
18034, 0.7607844774075783
18035, 0.7610668358425832
18036, 0.7615657384571407
18037, 0.7623538179041517
18038, 0.7634033996105243
18039, 0.7645621865429472
18040, 0.7656261146522494
18041, 0.7665843293003237
18042, 0.7676902983285137
18043, 0.7692132400627256
18044, 0.7712915568611847
18045, 0.7739441038004418
18046, 0.7770793104359269
18047, 0.7804250801008713
18048, 0.7834122996349409
18049, 0.7842901124008492
18050, 0.7815646539909447
18051, 0.7749393696127186
18052, 0.7689200209290167
18053, 0.763443417284481
18054, 0.757321646177198
18055, 0.7477895742979488
18056, 0.738056106348733
18057, 0.7295834413417971
18058, 0.7224536216018753
18059, 0.7166610287576308
18060, 0.7120684355303601
18061, 0.7082028928445899
18062, 0.7031713259868957
18063, 0.6958305851818634
18064, 0.6883606894717517
18065, 0.6814700571636008
18066, 0.6752436938812514
18067, 0.6696920820715206
18068, 0.6648702631023949
18069, 0.6608446407377074
18070, 0.6576292821028652
18071, 0.6550370501450428
18072, 0.6525155028930535
18073, 0.6496713785024979
18074, 0.647083125461286
18075, 0.6455053246679004
18076, 0.6453123352693446
18077, 0.6465744951351695
18078, 0.6491838024206236
18079, 0.652936171401722
18080, 0.6575683823600947
18081, 0.6628271284328537
18082, 0.6685673190151504
18083, 0.6747238511540832
18084, 0.6811177422026699
18085, 0.687316055224688
18086, 0.6927700829959574
18087, 0.6969912408691493
18088, 0.6994602499072231
18089, 0.6995079104191556
18090, 0.6966829689168831
18091, 0.6912117568292319
18092, 0.6838805098943749
18093, 0.6755731515092352
18094, 0.6670432210806971
18095, 0.6589183669809676
18096, 0.6516793009524976
18097, 0.6456239683623908
18098, 0.6407972467683122
18099, 0.6364746945648087
18100, 0.6304971150507223
18101, 0.6233566544527698
18102, 0.6172890034560217
18103, 0.6131271959761205
18104, 0.611078688915262
18105, 0.6110740766623096
18106, 0.6129191808039569
18107, 0.6163331848580553
18108, 0.6208553429510312
18109, 0.6258020855030976
18110, 0.6305265130518395
18111, 0.6349664810928041
18112, 0.6394994557910979
18113, 0.6444130831187712
18114, 0.6497849745184
18115, 0.6555297363186754
18116, 0.6615180344519768
18117, 0.6677182564559947
18118, 0.6741706925025499
18119, 0.680823163144426
18120, 0.6874334619945528
18121, 0.6936532665287244
18122, 0.6992906351837074
18123, 0.704104206961798
18124, 0.7061997541548072
18125, 0.7076357777314117
18126, 0.7097803792739932
18127, 0.7106226195499917
18128, 0.7109023629088433
18129, 0.7125148337164866
18130, 0.7155848699569138
18131, 0.7200354050861644
18132, 0.7256773287678884
18133, 0.7322499446789424
18134, 0.7394492898338164
18135, 0.7469573719169061
18136, 0.7545037124129734
18137, 0.7618867936046578
18138, 0.768921586730899
18139, 0.7754234602816441
18140, 0.78125751785141
18141, 0.7862477693821086
18142, 0.7897475014988541
18143, 0.7912384060882977
18144, 0.79159844936761
18145, 0.7915558871824385
18146, 0.791464594862968
18147, 0.7915975554069467
18148, 0.7922172673137844
18149, 0.7935522710412064
18150, 0.79575549172588
18151, 0.7989071075897366
18152, 0.8030048177205836
18153, 0.8079215943467615
18154, 0.8133442905391935
18155, 0.8187690059222809
18156, 0.8238318831475944
18157, 0.8285263970819402
18158, 0.8327858388942226
18159, 0.8361481281939177
18160, 0.837620520448525
18161, 0.8363659587553146
18162, 0.8328679573363693
18163, 0.8286439785875603
18164, 0.824648966597351
18165, 0.8211542248458747
18166, 0.8178009540439164
18167, 0.8118465340775448
18168, 0.8041747730421367
18169, 0.7961429460838038
18170, 0.7883923851798555
18171, 0.7811732302772043
18172, 0.7745984282834177
18173, 0.7684806005113227
18174, 0.7600605095236724
18175, 0.7493683937553073
18176, 0.7391372102061202
18177, 0.7295711626196174
18178, 0.7205402341482184
18179, 0.7117335335940191
18180, 0.702696652672975
18181, 0.6930862853938221
18182, 0.6831879590356182
18183, 0.6736798354985766
18184, 0.665076633226012
18185, 0.657643493357292
18186, 0.6514900641794531
18187, 0.6466648659143273
18188, 0.6432301115760743
18189, 0.6413232261364281
18190, 0.6411450996470652
18191, 0.6428495986619077
18192, 0.6464465653431117
18193, 0.6518275213194236
18194, 0.6588385864651379
18195, 0.6672477077764434
18196, 0.6766921194753492
18197, 0.6867606890271378
18198, 0.6971663592783574
18199, 0.7077962052554316
18200, 0.7185130898241875
18201, 0.728941613546148
18202, 0.7385322779476252
18203, 0.7469958539567274
18204, 0.7542359100015573
18205, 0.7590128629693903
18206, 0.7591129103722448
18207, 0.7570580229310845
18208, 0.7523074819309606
18209, 0.746662791143383
18210, 0.7412425450322164
18211, 0.7362432198079502
18212, 0.7315909855459752
18213, 0.7272466367973669
18214, 0.7233691595358336
18215, 0.7200978307607565
18216, 0.7172788290091695
18217, 0.7129216451631671
18218, 0.7042906586862484
18219, 0.6931406781758132
18220, 0.6817429909066255
18221, 0.6722538483801667
18222, 0.6654316728703646
18223, 0.661596092132366
18224, 0.660866717065985
18225, 0.6632381480011409
18226, 0.6686082124238768
18227, 0.6767601088865891
18228, 0.6870998276047409
18229, 0.695375759517926
18230, 0.7052391873394999
18231, 0.7166857739981374
18232, 0.7286661131493127
18233, 0.7393386186026943
18234, 0.7490991404195485
18235, 0.7576529021196176
18236, 0.765422062695342
18237, 0.7730498913424892
18238, 0.7807046525821385
18239, 0.7884282070184077
18240, 0.7962600794694048
18241, 0.8041265151691607
18242, 0.8117264665268105
18243, 0.8184482375868153
18244, 0.8239425669747684
18245, 0.8288424653132584
18246, 0.8338795081706819
18247, 0.8393655648036927
18248, 0.8453173623091622
18249, 0.851439564048719
18250, 0.8570751088279953
18251, 0.8615280624998062
18252, 0.8650356842952692
18253, 0.8683868964126583
18254, 0.8719639512396345
18255, 0.8753777360481743
18256, 0.8776867961738439
18257, 0.8787858127206546
18258, 0.8782729891860404
18259, 0.877583694839294
18260, 0.8772911088866943
18261, 0.8774389258626275
18262, 0.8779535167617293
18263, 0.8787260430096132
18264, 0.8796140592436914
18265, 0.8804662154587778
18266, 0.8811645334228885
18267, 0.8816166269213226
18268, 0.8818864315153288
18269, 0.882152431686657
18270, 0.8823680803728039
18271, 0.8821167625919398
18272, 0.8805202030431957
18273, 0.8764836466842851
18274, 0.8691009242903539
18275, 0.8585860327326398
18276, 0.846314504793904
18277, 0.8329836106405341
18278, 0.8188996011657572
18279, 0.8043216870759009
18280, 0.7895320824008428
18281, 0.774796491202238
18282, 0.7603193630266347
18283, 0.7462525918422707
18284, 0.7327153387544552
18285, 0.71976908511041
18286, 0.7074218110321304
18287, 0.6956438337737907
18288, 0.6843728472962292
18289, 0.6735168750447286
18290, 0.6630187435899366
18291, 0.6529770223232254
18292, 0.6436358812852147
18293, 0.6352707988190808
18294, 0.6281075851946013
18295, 0.6223025821240983
18296, 0.6178163982208119
18297, 0.6139255546460148
18298, 0.6091726187606414
18299, 0.6043369890497566
18300, 0.6009258408109166
18301, 0.5993895944140132
18302, 0.5996979868852698
18303, 0.6015354815559522
18304, 0.6043182913125209
18305, 0.6076559037010543
18306, 0.6118045061971981
18307, 0.6171921515883807
18308, 0.6239447925954762
18309, 0.6319428816187418
18310, 0.6409857330666513
18311, 0.6508308228863829
18312, 0.6611252564947995
18313, 0.6714063842613923
18314, 0.6811398724111928
18315, 0.6896711615595266
18316, 0.6961249531670782
18317, 0.6996652718767313
18318, 0.7000055171737226
18319, 0.6974806213022764
18320, 0.6926013607984451
18321, 0.6858015651343281
18322, 0.6774687303678003
18323, 0.6680150568379419
18324, 0.65781066011669
18325, 0.6472252868023386
18326, 0.6366488872891944
18327, 0.6264347526229679
18328, 0.6168535683606841
18329, 0.6081577064148679
18330, 0.6006078390839382
18331, 0.5944187718260144
18332, 0.5897532529698367
18333, 0.5867612420758993
18334, 0.5855464569039438
18335, 0.5861437581123345
18336, 0.5885042803147669
18337, 0.5925076020726621
18338, 0.5979265454529653
18339, 0.6044088325844119
18340, 0.6115192724279961
18341, 0.6188696019867982
18342, 0.6262630425268518
18343, 0.6335784656929383
18344, 0.6405134916598598
18345, 0.6466145914290349
18346, 0.6518238078208306
18347, 0.6566065377847343
18348, 0.6613712943860974
18349, 0.6663014417989226
18350, 0.6714659151992689
18351, 0.6767836827656046
18352, 0.6819221744828159
18353, 0.686880140602599
18354, 0.6923001881442885
18355, 0.69867230858649
18356, 0.7061528045472516
18357, 0.7147229855185001
18358, 0.7242612500558262
18359, 0.732522959439729
18360, 0.7402935319077015
18361, 0.748783029567476
18362, 0.7578045476331113
18363, 0.7671608061442374
18364, 0.7766683460815578
18365, 0.7861809032282049
18366, 0.7955793572112402
18367, 0.8046298875909756
18368, 0.8124892853519942
18369, 0.8187381870322289
18370, 0.8244711703893833
18371, 0.8297717278933832
18372, 0.8324643099788538
18373, 0.8341968251759183
18374, 0.8361474126106748
18375, 0.8384447702000758
18376, 0.8411498618364296
18377, 0.8443150550213875
18378, 0.8479681164537196
18379, 0.8521169850636539
18380, 0.8552172565832732
18381, 0.8556864999718304
18382, 0.8566465458362805
18383, 0.8580450512596381
18384, 0.859789156496923
18385, 0.8589463283752516
18386, 0.8565924820099508
18387, 0.8540168622998741
18388, 0.8509669155193338
18389, 0.847383973855688
18390, 0.8431881053984895
18391, 0.8367970973495203
18392, 0.8288122164246307
18393, 0.819991292620782
18394, 0.8102632736242286
18395, 0.7996050957899803
18396, 0.7880398903810814
18397, 0.775556436629502
18398, 0.7622108334990507
18399, 0.7482133615471662
18400, 0.733861252248103
18401, 0.7194488330948936
18402, 0.7052149447282773
18403, 0.6913388099192393
18404, 0.678001630612712
18405, 0.6654044851803034
18406, 0.6537369647812654
18407, 0.6431601464451969
18408, 0.6338335216605134
18409, 0.6259052551955426
18410, 0.6194721370802204
18411, 0.6145619226434895
18412, 0.611124602415017
18413, 0.6089959278273982
18414, 0.6078804748782354
18415, 0.6074079967303317
18416, 0.6072681257583264
18417, 0.6073309740793398
18418, 0.6076228080158689
18419, 0.6082004021776289
18420, 0.6090591912024923
18421, 0.610181180237761
18422, 0.6116457420423053
18423, 0.6136363415566539
18424, 0.6162694219063037
18425, 0.6194906707972152
18426, 0.6229607062063824
18427, 0.626083430517794
18428, 0.6224986968174839
18429, 0.6160751709847546
18430, 0.6104852763081607
18431, 0.606276058618155
18432, 0.6036971599019332
18433, 0.6027201609657203
18434, 0.602975087183942
18435, 0.6038297914210284
18436, 0.6050662660026764
18437, 0.6071782826326423
18438, 0.6106742789101427
18439, 0.6157114360315148
18440, 0.6221999455897392
18441, 0.6299629459943532
18442, 0.6388181030454729
18443, 0.6484054947807004
18444, 0.6576781668149914
18445, 0.6643488701587618
18446, 0.6678018154666444
18447, 0.6692762544333757
18448, 0.6690518073443874
18449, 0.6672647096247445
18450, 0.6643764467890168
18451, 0.6610166067325478
18452, 0.6578250434674769
18453, 0.6553250795954306
18454, 0.6538963417837247
18455, 0.6538226945534421
18456, 0.6553114281582443
18457, 0.6584555129607997
18458, 0.6632436042949583
18459, 0.6695501425932052
18460, 0.6727486520355633
18461, 0.6757173556844964
18462, 0.6798736616190051
18463, 0.684955335844075
18464, 0.6906158521896747
18465, 0.6966192325220947
18466, 0.7030604903240841
18467, 0.7102251480964473
18468, 0.7183321980267316
18469, 0.7274809564343758
18470, 0.7376864127893923
18471, 0.7488564415038906
18472, 0.7604555947663885
18473, 0.7706640566478606
18474, 0.7802601421424383
18475, 0.7899386260194623
18476, 0.7996400050644961
18477, 0.8093531246003842
18478, 0.8178941902981939
18479, 0.8244311776804564
18480, 0.8308291209266152
18481, 0.8373200405819659
18482, 0.8438007091720657
18483, 0.8501109890272406
18484, 0.8560072937662438
18485, 0.8605245065030002
18486, 0.8625350601469755
18487, 0.863556908645733
18488, 0.863903654280766
18489, 0.8633818574749342
18490, 0.8622643333517962
18491, 0.861112864712955
18492, 0.8602273793711547
18493, 0.8596207556104271
18494, 0.8590896473807488
18495, 0.8583074169038977
18496, 0.856643970252559
18497, 0.8528417830881283
18498, 0.8474479172407591
18499, 0.8407558615697723
18500, 0.8338583185144853
18501, 0.8271813996769177
18502, 0.8208355133215534
18503, 0.8148402399568542
18504, 0.8090678311475095
18505, 0.8028696552515944
18506, 0.794981083344723
18507, 0.7863320612498808
18508, 0.777719250992401
18509, 0.7693169518436019
18510, 0.7611295371042529
18511, 0.7531186801221912
18512, 0.7452353793021387
18513, 0.7374211008962246
18514, 0.7296496858660722
18515, 0.7219882483770901
18516, 0.7145192411216298
18517, 0.7045482133247969
18518, 0.6934507415890678
18519, 0.6823716636873889
18520, 0.6714781568008905
18521, 0.6612461049947503
18522, 0.6521620210235071
18523, 0.64457647363128
18524, 0.6387149002679837
18525, 0.6347013075808567
18526, 0.632577581252777
18527, 0.6323172282091221
18528, 0.6338310359878815
18529, 0.6369681751082937
18530, 0.6415237391197097
18531, 0.6472161176224813
18532, 0.6537239325004066
18533, 0.6607296736074495
18534, 0.6679879705115858
18535, 0.6753919857514761
18536, 0.6829186314698903
18537, 0.6903698363434575
18538, 0.697235633473309
18539, 0.70331165982875
18540, 0.7088928216469012
18541, 0.7137934553388922
18542, 0.7168247608068096
18543, 0.7168832618314391
18544, 0.7148786893408747
18545, 0.7098172556077501
18546, 0.7012556441354654
18547, 0.6917629381452914
18548, 0.6824146535932128
18549, 0.6734899800695529
18550, 0.6650575915834859
18551, 0.6572235061167255
18552, 0.650098790282431
18553, 0.6437815803807044
18554, 0.638425651688753
18555, 0.6342621801250732
18556, 0.6314995147346543
18557, 0.630299298438788
18558, 0.6307212462260617
18559, 0.6319792203810448
18560, 0.6323003878381291
18561, 0.6337342538541855
18562, 0.6372181418824232
18563, 0.642809408315675
18564, 0.65035548142272
18565, 0.6596044842792729
18566, 0.6702465437001437
18567, 0.681895579109427
18568, 0.6940759741498848
18569, 0.7062735011384954
18570, 0.7180250731662985
18571, 0.7289850900201732
18572, 0.7389162086069873
18573, 0.7476608192547471
18574, 0.7552061784630727
18575, 0.7617406332874553
18576, 0.7675810473018894
18577, 0.773099154555946
18578, 0.7786593981867903
18579, 0.7845982474966773
18580, 0.791197555459327
18581, 0.7986599871223801
18582, 0.8071111190915904
18583, 0.8166029406784556
18584, 0.8271106785288795
18585, 0.838532530253494
18586, 0.8483844560937873
18587, 0.8571103337462498
18588, 0.8664793570719153
18589, 0.8763058984250374
18590, 0.8860285128795037
18591, 0.8944271566257537
18592, 0.9022147849699016
18593, 0.9101536728308082
18594, 0.9181847284855693
18595, 0.9256975755985506
18596, 0.9314363995772986
18597, 0.9348252735307874
18598, 0.9347258919529329
18599, 0.9313042135028824
18600, 0.9258365501612739
18601, 0.9192863490392892
18602, 0.9121988346955795
18603, 0.9049340463344003
18604, 0.8977478044601321
18605, 0.8907728651772915
18606, 0.883985264316504
18607, 0.8772618422188494
18608, 0.8705404703721988
18609, 0.8638235941851168
18610, 0.8570534456429887
18611, 0.8500501572275464
18612, 0.8422605523866001
18613, 0.8329375893463977
18614, 0.8225913238318863
18615, 0.8128180581734731
18616, 0.8043997748922571
18617, 0.7969781648202564
18618, 0.7893999027336848
18619, 0.7825298232070471
18620, 0.7769726989412635
18621, 0.7726939650799418
18622, 0.7695627668643942
18623, 0.7675087133779098
18624, 0.7665251021908941
18625, 0.7665893138593679
18626, 0.7674947242425917
18627, 0.7681614033649872
18628, 0.7660555165284739
18629, 0.762637257791308
18630, 0.7560852643811716
18631, 0.7476790655517049
18632, 0.7400072546684157
18633, 0.7338206075880276
18634, 0.7293606771319883
18635, 0.726686359604058
18636, 0.725813874831305
18637, 0.7266711930021685
18638, 0.7290555249875051
18639, 0.7326553783639849
18640, 0.7369977375702975
18641, 0.7412492693953162
18642, 0.7440688692028316
18643, 0.7442199348765398
18644, 0.7417789493220074
18645, 0.7376489269009671
18646, 0.7326871998738741
18647, 0.7274919638655032
18648, 0.722401670882242
18649, 0.7175044366208367
18650, 0.7127607334738068
18651, 0.7080803534193664
18652, 0.703339811882711
18653, 0.6985068890478952
18654, 0.6937437186011388
18655, 0.6893676655567762
18656, 0.6856361945618397
18657, 0.6826410730566422
18658, 0.6802300743713814
18659, 0.6777521602091605
18660, 0.6738457904380094
18661, 0.6676369086201158
18662, 0.6602653318569073
18663, 0.6533443204562434
18664, 0.6478118041622949
18665, 0.6440090499170661
18666, 0.6416118685324519
18667, 0.639180845509444
18668, 0.6371585981800523
18669, 0.6368458975815455
18670, 0.6385760856963894
18671, 0.6423497069208224
18672, 0.6480187785599001
18673, 0.6553977918954886
18674, 0.6643008325041955
18675, 0.6744897749036338
18676, 0.6856975295164466
18677, 0.6976927086522026
18678, 0.7102942313588247
18679, 0.7233451470818034
18680, 0.7367379945415424
18681, 0.750465085159928
18682, 0.7645611179535879
18683, 0.7790053650148896
18684, 0.7936736920645717
18685, 0.8082704656224915
18686, 0.821849615819759
18687, 0.8323603655140899
18688, 0.8394023894032344
18689, 0.8447866217537847
18690, 0.8494950149883566
18691, 0.8539227223685797
18692, 0.8583337022208839
18693, 0.8629533042283624
18694, 0.867889013095107
18695, 0.8730445296439542
18696, 0.8780267304367784
18697, 0.8822063892025516
18698, 0.8851911409347649
18699, 0.8869265915315562
18700, 0.8880341359355218
18701, 0.8890908428316997
18702, 0.8901934782378134
18703, 0.8910500142465788
18704, 0.890927725616228
18705, 0.8896764414550014
18706, 0.8879728546352744
18707, 0.8861765317356972
18708, 0.8843668037541107
18709, 0.8824758134171683
18710, 0.8803142870685415
18711, 0.877634168018184
18712, 0.8743703697244648
18713, 0.8707907091570475
18714, 0.8672283694239772
18715, 0.8622949077538062
18716, 0.8532414409438726
18717, 0.8443402085206304
18718, 0.8356204658827591
18719, 0.8270209087476862
18720, 0.8184487197662395
18721, 0.8098982330688589
18722, 0.8014655931048419
18723, 0.793249982712013
18724, 0.7853232475225984
18725, 0.7777394787783722
18726, 0.7704431543626739
18727, 0.7633082736519979
18728, 0.7563379050663609
18729, 0.7496745363701056
18730, 0.7436874400940547
18731, 0.7388766075486233
18732, 0.7354028732728578
18733, 0.732533665674247
18734, 0.7295339904374786
18735, 0.7269254038227441
18736, 0.7247582734123097
18737, 0.7234812780526045
18738, 0.7232422922716384
18739, 0.7216855980362945
18740, 0.7178656364322357
18741, 0.7145944923949435
18742, 0.7119910396482065
18743, 0.7087923012710244
18744, 0.7020824509176731
18745, 0.6928962917648779
18746, 0.683457711174137
18747, 0.6743595306326426
18748, 0.6657443500127742
18749, 0.6576734824268525
18750, 0.6502234340669667
18751, 0.6434876745116572
18752, 0.6375420221897653
18753, 0.6324855480695644
18754, 0.6284384606644023
18755, 0.6254889290599813
18756, 0.6236980391917865
18757, 0.6232461990305288
18758, 0.6244902347026183
18759, 0.6277837122461728
18760, 0.6333628042264525
18761, 0.641372599347789
18762, 0.6518118956645361
18763, 0.6645010632811759
18764, 0.6790812571250198
18765, 0.6936887732529438
18766, 0.705864197588537
18767, 0.7182348038993255
18768, 0.7305519058658265
18769, 0.7425983928320381
18770, 0.7544678235310407
18771, 0.7661349666693091
18772, 0.7773535530762653
18773, 0.7878426843122179
18774, 0.7974330241786093
18775, 0.8060635268411931
18776, 0.8132439602164945
18777, 0.8134439162411209
18778, 0.8121084600045185
18779, 0.8099299724785928
18780, 0.806938197962267
18781, 0.8032510899924427
18782, 0.7988539536430806
18783, 0.7935890416961769
18784, 0.787568742974414
18785, 0.7813830251270905
18786, 0.7755059392797733
18787, 0.7701011093492893
18788, 0.7649310428978381
18789, 0.7593967242054805
18790, 0.75397703723047
18791, 0.7495181855795886
18792, 0.7464148530131623
18793, 0.7448008259238924
18794, 0.7446551681518422
18795, 0.7458863477972206
18796, 0.7483123619615428
18797, 0.7516417577631155
18798, 0.7556412382410997
18799, 0.760286747672262
18800, 0.7657029809055202
18801, 0.7720079340971998
18802, 0.7792553341577041
18803, 0.7874202191810621
18804, 0.7963148704654058
18805, 0.8051887249863494
18806, 0.8131026343875716
18807, 0.8208712834848593
18808, 0.8287635489885988
18809, 0.8364898556884738
18810, 0.8431403088514055
18811, 0.8466174306986718
18812, 0.8469347013470072
18813, 0.8459884079881888
18814, 0.8445809572072633
18815, 0.8429637012683338
18816, 0.8411386756338954
18817, 0.8387664038275873
18818, 0.8351932137442338
18819, 0.8304488749926922
18820, 0.8252566361899227
18821, 0.8200435132480086
18822, 0.8149144309303967
18823, 0.8098343618073148
18824, 0.8047601936080147
18825, 0.7996984550374617
18826, 0.7946853542214694
18827, 0.7897778896568828
18828, 0.7850756143965352
18829, 0.7807039658034792
18830, 0.7767854101551077
18831, 0.7734189359658673
18832, 0.7706325889110244
18833, 0.7683855988850421
18834, 0.7657599668201296
18835, 0.7596674300805595
18836, 0.753821805156106
18837, 0.7479750303706714
18838, 0.7411744941020357
18839, 0.7327983308704001
18840, 0.7239968618322424
18841, 0.7152411767907645
18842, 0.7066320538282397
18843, 0.6980336639747888
18844, 0.6891669479375404
18845, 0.6800212381899219
18846, 0.6710016909774179
18847, 0.6625386028416926
18848, 0.6548871425116738
18849, 0.648159260983453
18850, 0.6423493594460367
18851, 0.6373194556463134
18852, 0.6328335301732056
18853, 0.6286505867800523
18854, 0.6245419156336592
18855, 0.6203132104650559
18856, 0.6158716776413871
18857, 0.6112555805239667
18858, 0.6065734672489993
18859, 0.6019688202629533
18860, 0.5976278735024055
18861, 0.5937513690047281
18862, 0.5905318635600929
18863, 0.5881210700030253
18864, 0.5866251843065102
18865, 0.5861174797431512
18866, 0.5865830411958332
18867, 0.5877857183679521
18868, 0.5891936570293105
18869, 0.5902086104718945
18870, 0.5907427040649414
18871, 0.5912506605775056
18872, 0.5920619956960907
18873, 0.5929273706789719
18874, 0.5929706699776376
18875, 0.5916197974505647
18876, 0.5896007146463225
18877, 0.5878657109018934
18878, 0.5868885604123358
18879, 0.5867708320884322
18880, 0.587383721150207
18881, 0.5884759203661056
18882, 0.5897975335329778
18883, 0.591197218491974
18884, 0.5926560049934689
18885, 0.5942919175380003
18886, 0.5963119644274482
18887, 0.5989187184046756
18888, 0.6022957388375134
18889, 0.6066046827612125
18890, 0.6119532768215996
18891, 0.6183207515038412
18892, 0.6238839200236876
18893, 0.6271616677034092
18894, 0.6313331023086266
18895, 0.6364942389208368
18896, 0.6424983559548866
18897, 0.6491722303329986
18898, 0.6563601645741557
18899, 0.6639398949047312
18900, 0.6718281686647191
18901, 0.6799845482779179
18902, 0.6883605303963253
18903, 0.6968659204266109
18904, 0.7053630458476104
18905, 0.7137178226658538
18906, 0.7218788681105973
18907, 0.7298955708253344
18908, 0.7378506775101099
18909, 0.74579169109837
18910, 0.7537060133654101
18911, 0.7615256650806403
18912, 0.7691033997552442
18913, 0.7762156746075847
18914, 0.7828839664276667
18915, 0.789280314414317
18916, 0.795248011750849
18917, 0.800285918524964
18918, 0.8040632485357081
18919, 0.8067133933882027
18920, 0.808581706806083
18921, 0.8100862613346617
18922, 0.8114809215114509
18923, 0.8128176201837128
18924, 0.814006316086053
18925, 0.8149071365985598
18926, 0.8154969248852542
18927, 0.8159910789013003
18928, 0.8167075131871441
18929, 0.8178438048301737
18930, 0.8194018096948964
18931, 0.8211923712628979
18932, 0.8230319907154051
18933, 0.8249937159318511
18934, 0.8271978428986136
18935, 0.8291972985561491
18936, 0.8295245289592965
18937, 0.8291657954799402
18938, 0.8291689583048991
18939, 0.829613324576069
18940, 0.8263466641731024
18941, 0.8190343810084447
18942, 0.8079892764978558
18943, 0.7977693323897217
18944, 0.7888322326033891
18945, 0.7809312867614056
18946, 0.7730616474708588
18947, 0.7638697139100891
18948, 0.7542568827400943
18949, 0.7454145925478747
18950, 0.737713359264827
18951, 0.7309619657312055
18952, 0.7243508695971769
18953, 0.7163735453770155
18954, 0.7066988783021495
18955, 0.6966060366161735
18956, 0.6868703600353931
18957, 0.6775020234997017
18958, 0.6676245301564779
18959, 0.6564221250132881
18960, 0.6450624073298015
18961, 0.6347355641942908
18962, 0.6259697940567169
18963, 0.6189948098642453
18964, 0.6138961106487957
18965, 0.6106102599085016
18966, 0.6089061032361721
18967, 0.6084181796121818
18968, 0.6088017801343204
18969, 0.6099331822863873
18970, 0.6111115770887844
18971, 0.6098286796501
18972, 0.6081779092885095
18973, 0.6071655429628915
18974, 0.6068144379141774
18975, 0.6072339206061113
18976, 0.6086041509357902
18977, 0.611043674003991
18978, 0.6145556964668714
18979, 0.6190636198549005
18980, 0.6243636318046559
18981, 0.6299893475256965
18982, 0.6350647045538319
18983, 0.6383464571474246
18984, 0.6388562809118757
18985, 0.6364034971899921
18986, 0.6276931379026357
18987, 0.6178465612696127
18988, 0.6086735068342349
18989, 0.6007447937393309
18990, 0.5943737977930825
18991, 0.5897131579229472
18992, 0.586814359798576
18993, 0.5856724987995694
18994, 0.5862428306746053
18995, 0.588457698525946
18996, 0.592225461551195
18997, 0.59743442862526
18998, 0.6039637099038953
18999, 0.6116718848996164
19000, 0.6201091139243865
19001, 0.6242915866410205
19002, 0.6292486002876522
19003, 0.6352910993254417
19004, 0.6424139931065005
19005, 0.6505982010569303
19006, 0.6597716845566278
19007, 0.6697771330140754
19008, 0.6802684861287275
19009, 0.6902771553560493
19010, 0.6976466215427491
19011, 0.7030168388760202
19012, 0.7078336594530783
19013, 0.7128187922446424
19014, 0.718401479151082
19015, 0.7247974646142491
19016, 0.7320685043144132
19017, 0.7401762937140312
19018, 0.7490339206927552
19019, 0.7585153773036314
19020, 0.7678502626737906
19021, 0.7741458952056048
19022, 0.780148475935896
19023, 0.786206790713342
19024, 0.7921332970934111
19025, 0.7976947325814269
19026, 0.801563025666276
19027, 0.8036383527722412
19028, 0.8054630478740313
19029, 0.8065124399525881
19030, 0.8059235676114405
19031, 0.804812471944764
19032, 0.8038837700763152
19033, 0.8032615885130032
19034, 0.8028643814146555
19035, 0.7978489458425254
19036, 0.7927325435810408
19037, 0.7876795853236204
19038, 0.7827816113109394
19039, 0.7781785565551423
19040, 0.7740112692430479
19041, 0.7703575263023971
19042, 0.7671576331622034
19043, 0.76417666258618
19044, 0.761121064669158
19045, 0.7579098547007693
19046, 0.7546320193369642
19047, 0.7510229804728594
19048, 0.7462641789329983
19049, 0.741186461998307
19050, 0.7360923387685134
19051, 0.7310436778831898
19052, 0.7260496365827037
19053, 0.7209757744381666
19054, 0.7153025174831126
19055, 0.7079168486923044
19056, 0.6987109249003834
19057, 0.6890118032309227
19058, 0.6798404129913329
19059, 0.6716404707632746
19060, 0.6645165055041886
19061, 0.6583177264577739
19062, 0.6525727816741418
19063, 0.6465642045328723
19064, 0.6399666967954449
19065, 0.6331535186406422
19066, 0.6265765332787756
19067, 0.6204137974593931
19068, 0.6146570935934238
19069, 0.609288966553685
19070, 0.6042869869237084
19071, 0.5996848032216588
19072, 0.5956334248952109
19073, 0.5923594487777015
19074, 0.5900353443186881
19075, 0.5887193717827428
19076, 0.5883487749079717
19077, 0.5884984406048965
19078, 0.5880223311991597
19079, 0.5865644681293573
19080, 0.5853912723435687
19081, 0.5851862132416767
19082, 0.5859129532336625
19083, 0.5870635871660358
19084, 0.5881476044014136
19085, 0.5893798536911277
19086, 0.5911631623380834
19087, 0.593591478790315
19088, 0.5965481824449365
19089, 0.5999139090602646
19090, 0.6036558719727088
19091, 0.6078272627488861
19092, 0.6125017954724855
19093, 0.6177167182572925
19094, 0.6234506627569145
19095, 0.6296315633726404
19096, 0.6362384491716854
19097, 0.643354995698101
19098, 0.6511430400465856
19099, 0.6597364874731003
19100, 0.6691699967875371
19101, 0.6793803549621946
19102, 0.6887546989299407
19103, 0.6929218386101512
19104, 0.6974603914187286
19105, 0.7025555125876788
19106, 0.7081045551628384
19107, 0.7138821970087108
19108, 0.7182571977069024
19109, 0.7194001969520676
19110, 0.7196709651462431
19111, 0.7192324264274599
19112, 0.7187429177052708
19113, 0.7188034272921592
19114, 0.7198115940261944
19115, 0.7220444848040587
19116, 0.7257253871467353
19117, 0.7310020894972581
19118, 0.7378912920713068
19119, 0.7462583673786559
19120, 0.7557452172200877
19121, 0.7655199876895293
19122, 0.7750269801682013
19123, 0.7847875221147698
19124, 0.7950902170085261
19125, 0.8058288091648373
19126, 0.8167387786137036
19127, 0.8275138791497709
19128, 0.8376500884526767
19129, 0.8425197215679537
19130, 0.8460047000260373
19131, 0.8482341240019954
19132, 0.8491948531169825
19133, 0.8449886027907743
19134, 0.8388041751780113
19135, 0.8318493186505915
19136, 0.8243423577853806
19137, 0.8164719192109574
19138, 0.8084262695188612
19139, 0.8003914798702694
19140, 0.7925429922859843
19141, 0.7850925137299719
19142, 0.7783058113914827
19143, 0.7724472659022197
19144, 0.7677393780540098
19145, 0.7643556305956117
19146, 0.7623909946436417
19147, 0.7618132002431222
19148, 0.7624340370954141
19149, 0.7638781955639692
19150, 0.7656264106831313
19151, 0.7670804119345339
19152, 0.7660082401506022
19153, 0.7646509780796524
19154, 0.7634203303073999
19155, 0.7626557314904723
19156, 0.762616978228192
19157, 0.7633883513944767
19158, 0.7648564454236367
19159, 0.7667193059728631
19160, 0.7685206498104987
19161, 0.7698185613444187
19162, 0.7693107966382835
19163, 0.764138719197404
19164, 0.7575748886978639
19165, 0.7494904455342745
19166, 0.7416197883775959
19167, 0.7347930840475096
19168, 0.7293289166439703
19169, 0.7254683914450666
19170, 0.7233871105045289
19171, 0.7230901729286356
19172, 0.7244558512697855
19173, 0.7272485888904755
19174, 0.731136229163661
19175, 0.7357764623337498
19176, 0.7408837426847622
19177, 0.7462414012218609
19178, 0.751755332958694
19179, 0.7574788517950234
19180, 0.7634577224970672
19181, 0.7693721306776161
19182, 0.7739691015111807
19183, 0.7743929233344444
19184, 0.7715883628756722
19185, 0.767418365864322
19186, 0.7625356802014147
19187, 0.7573139046081047
19188, 0.7514490099476757
19189, 0.7407649261741265
19190, 0.7282928194277234
19191, 0.7163664077688635
19192, 0.7050134444320674
19193, 0.6927939499662182
19194, 0.6797906546007546
19195, 0.6680472546131966
19196, 0.6584375224568108
19197, 0.6512536732168014
19198, 0.6466175642182925
19199, 0.6445790571731299
19200, 0.6450705732958005
19201, 0.6479512091126781
19202, 0.6530410872490044
19203, 0.6586694398467513
19204, 0.6617827718982382
19205, 0.6664782839883491
19206, 0.6725665146676542
19207, 0.6789347175398522
19208, 0.6847489920613669
19209, 0.6912471228670976
19210, 0.6989560451812233
19211, 0.7077965293257074
19212, 0.7175144487490859
19213, 0.7277755408323018
19214, 0.7381211157142363
19215, 0.7479847345708565
19216, 0.757065895254697
19217, 0.7655196360231299
19218, 0.7735120106835942
19219, 0.7809820677392942
19220, 0.7873378252874941
19221, 0.7905317576576771
19222, 0.7918070368811202
19223, 0.7929843523720757
19224, 0.7945752746121397
19225, 0.7967379493754805
19226, 0.7994394549036267
19227, 0.8026582133109903
19228, 0.8064484693763785
19229, 0.8108572582647439
19230, 0.8158402473093074
19231, 0.8212256667510905
19232, 0.8266774042558149
19233, 0.831827746085656
19234, 0.8365130607719293
19235, 0.8407231457601329
19236, 0.8443021141706611
19237, 0.8467757160834821
19238, 0.8478282623739297
19239, 0.8450374734814665
19240, 0.8401813556713231
19241, 0.8355137332986862
19242, 0.8311047422885723
19243, 0.8268500357526671
19244, 0.8224994154340265
19245, 0.8177515349514493
19246, 0.8123483604441746
19247, 0.8061439732099588
19248, 0.79914481292283
19249, 0.7914171304267068
19250, 0.7817810131688666
19251, 0.769388706343858
19252, 0.7571732877845202
19253, 0.7459385547449796
19254, 0.7360797697553537
19255, 0.7278632856911926
19256, 0.7214726439527914
19257, 0.7169979230422218
19258, 0.7144369305164657
19259, 0.7137361149749389
19260, 0.7148334960283891
19261, 0.7175982087064339
19262, 0.7204035861197767
19263, 0.7240105393291262
19264, 0.7246764299118973
19265, 0.72397061139496
19266, 0.7250593940473267
19267, 0.7278354982146731
19268, 0.7319093360116783
19269, 0.7368503321952073
19270, 0.7423948202530211
19271, 0.7484144271973393
19272, 0.7545027030572947
19273, 0.7593221837488952
19274, 0.7626351401006101
19275, 0.7642218422734249
19276, 0.7597982959627524
19277, 0.7519521396008138
19278, 0.7427760903919853
19279, 0.733672649633391
19280, 0.7254499507288699
19281, 0.7175104105158788
19282, 0.7078544458972885
19283, 0.6985862073900453
19284, 0.6904445894898494
19285, 0.6833188748163861
19286, 0.6768997152061623
19287, 0.6708727054264509
19288, 0.6650767786748011
19289, 0.6595930835097176
19290, 0.6546335253083059
19291, 0.6503260098023339
19292, 0.6466504186263616
19293, 0.643609798799044
19294, 0.6413206141822654
19295, 0.6399617245081233
19296, 0.6396480375178298
19297, 0.6403736043449204
19298, 0.6420343456160619
19299, 0.6444503776519119
19300, 0.6473766097024162
19301, 0.6505502705228349
19302, 0.6537114882002921
19303, 0.656612406465861
19304, 0.6590184030075827
19305, 0.6607284503090062
19306, 0.661611438539802
19307, 0.6616346793955961
19308, 0.6609116981111531
19309, 0.6596856405722621
19310, 0.6582567368980887
19311, 0.6569185418065707
19312, 0.6559313852012408
19313, 0.6555110233322343
19314, 0.6558303441918811
19315, 0.657023677334624
19316, 0.6591924718353578
19317, 0.662407528127831
19318, 0.6667021758830842
19319, 0.672082629383898
19320, 0.678527010150975
19321, 0.6859641466628167
19322, 0.6942838588453639
19323, 0.7033155630498686
19324, 0.7127952238234826
19325, 0.7222944863410555
19326, 0.7311291247482669
19327, 0.7383994763242959
19328, 0.7434995527796543
19329, 0.7466719045167093
19330, 0.7486124578517575
19331, 0.7498479640482113
19332, 0.7506187659682061
19333, 0.7510089325346891
19334, 0.7510602827943923
19335, 0.7508543330045507
19336, 0.7505122119693601
19337, 0.7501699462937534
19338, 0.7499670817838737
19339, 0.7500231401131907
19340, 0.7504380129295085
19341, 0.7513040720254887
19342, 0.7526984322540888
19343, 0.7545896798479859
19344, 0.7561674192599522
19345, 0.7560125062298825
19346, 0.7557376507504245
19347, 0.7556508311897735
19348, 0.7554404419692302
19349, 0.7553102573951782
19350, 0.7556349317141332
19351, 0.7564107176135155
19352, 0.7574448020637822
19353, 0.7587011655492943
19354, 0.7601739066445975
19355, 0.7616642741530192
19356, 0.7629920965005279
19357, 0.7641651719886741
19358, 0.7645728839788578
19359, 0.7632335157392779
19360, 0.7615704346433191
19361, 0.7602412044350749
19362, 0.7588563202779953
19363, 0.7563365990924198
19364, 0.7520984333267221
19365, 0.7471010689264037
19366, 0.7422043200359869
19367, 0.7375562434127751
19368, 0.7331402414003203
19369, 0.7291505312073804
19370, 0.7259129022326467
19371, 0.7236349016107225
19372, 0.7221923561911383
19373, 0.7209451981247319
19374, 0.7191045591459094
19375, 0.7163912111693409
19376, 0.7128266323403373
19377, 0.7091489954587229
19378, 0.7057044556915654
19379, 0.7019505238167205
19380, 0.6974839275913584
19381, 0.6925327139617752
19382, 0.6871653796644679
19383, 0.6811238125429794
19384, 0.6743117766257352
19385, 0.6670342340132026
19386, 0.659915136572398
19387, 0.6535628304756687
19388, 0.6482802904579653
19389, 0.6438592015965713
19390, 0.6389223893038569
19391, 0.63196771786936
19392, 0.6238779110041548
19393, 0.6152171748003737
19394, 0.6065845061993284
19395, 0.5987471273316922
19396, 0.5923489200643564
19397, 0.5878377548025739
19398, 0.5855125389047423
19399, 0.5855601778634854
19400, 0.5880708513617697
19401, 0.5930254542174493
19402, 0.6002938949661635
19403, 0.6095926947336335
19404, 0.6202887900713446
19405, 0.6308574986889794
19406, 0.6398691182382031
19407, 0.6483921100393155
19408, 0.6571904752032571
19409, 0.6661416074100946
19410, 0.6749675214554046
19411, 0.6834927148232058
19412, 0.691629267546944
19413, 0.699351609064154
19414, 0.7066912245901473
19415, 0.7137030401199403
19416, 0.7204062366567452
19417, 0.726668745414266
19418, 0.7316832154986315
19419, 0.7345602690510306
19420, 0.7364063810126806
19421, 0.7380142185702562
19422, 0.7394144396394255
19423, 0.7398802170893619
19424, 0.7384733690725295
19425, 0.7362589518036246
19426, 0.7342122600572755
19427, 0.7326171440576594
19428, 0.7315786005266784
19429, 0.731221673217152
19430, 0.7317094586503655
19431, 0.7331903378078753
19432, 0.7357320158801421
19433, 0.7392838313498312
19434, 0.7436726192656741
19435, 0.748616504168134
19436, 0.7537736801227127
19437, 0.7587854887769698
19438, 0.7632738069792723
19439, 0.7668432043301068
19440, 0.7689548418907958
19441, 0.7688945453701528
19442, 0.7670194294699471
19443, 0.7645541831881928
19444, 0.7622312071317038
19445, 0.7603764317011853
19446, 0.7591052625902394
19447, 0.7583584546840417
19448, 0.7577885830610056
19449, 0.7558912421965006
19450, 0.7509166275447027
19451, 0.7454438742766702
19452, 0.7404543445405983
19453, 0.7363330678494139
19454, 0.7332897746158664
19455, 0.7312891231799657
19456, 0.7298443740820968
19457, 0.7284269742815009
19458, 0.7276144722518282
19459, 0.728050223444336
19460, 0.7299067457081189
19461, 0.7330669661353258
19462, 0.7370100885533354
19463, 0.7404470195948407
19464, 0.7426598728579713
19465, 0.7442754489441322
19466, 0.7451819592414686
19467, 0.7428308569496829
19468, 0.7385697678963856
19469, 0.734022175558365
19470, 0.7292967789763771
19471, 0.7243998810700376
19472, 0.7192705511813725
19473, 0.713766797215292
19474, 0.7076675546983385
19475, 0.7006873401425071
19476, 0.6925731958876294
19477, 0.683251793618851
19478, 0.6729260642042751
19479, 0.6620641923548563
19480, 0.6512858988188651
19481, 0.6411905853834082
19482, 0.6322648119773802
19483, 0.6248268260564322
19484, 0.6189529351331531
19485, 0.6144216801936001
19486, 0.6106109858308583
19487, 0.6066874849655518
19488, 0.6025353482767777
19489, 0.5988560585402569
19490, 0.596269147452094
19491, 0.5950641579080879
19492, 0.5953491354424154
19493, 0.5971537738363103
19494, 0.6004596485291277
19495, 0.6051795813629423
19496, 0.611113323850413
19497, 0.6179436724171068
19498, 0.6252677968787383
19499, 0.6326780416054004
19500, 0.6399000820828572
19501, 0.6468879250611749
19502, 0.6535774136729822
19503, 0.6590382362713648
19504, 0.6616523801982336
19505, 0.6633081473945063
19506, 0.6629246762633962
19507, 0.6603020323273524
19508, 0.658680575713286
19509, 0.6581403060715061
19510, 0.6585498986667946
19511, 0.6596352662393982
19512, 0.6610687395538768
19513, 0.6626366173309239
19514, 0.6643358054194134
19515, 0.6663214987725938
19516, 0.6688006127698416
19517, 0.6718294419994444
19518, 0.6750207044910599
19519, 0.6775615028769266
19520, 0.6797980251076854
19521, 0.6826426441464933
19522, 0.6864106085031755
19523, 0.691099433507999
19524, 0.6965599003399775
19525, 0.7025439746024086
19526, 0.7087549744419326
19527, 0.7149488030890885
19528, 0.7210656404551198
19529, 0.7272615716159763
19530, 0.7337121505822884
19531, 0.7403988173332164
19532, 0.7469977936390406
19533, 0.7531618231362217
19534, 0.7592632555387476
19535, 0.7659208486829413
19536, 0.771760968569223
19537, 0.7746464776956247
19538, 0.7780274642482433
19539, 0.7817628211357561
19540, 0.7857901950069549
19541, 0.7898747446327156
19542, 0.7933950496030109
19543, 0.7957225455146614
19544, 0.7972004082162318
19545, 0.7984330063727648
19546, 0.799575637694561
19547, 0.8004754802599663
19548, 0.8008861424062413
19549, 0.8006283314450257
19550, 0.7996929642827346
19551, 0.7982090109636201
19552, 0.7963557769885237
19553, 0.7943209049829341
19554, 0.7922960610591936
19555, 0.7903863291402309
19556, 0.7880170185410679
19557, 0.7835544024982762
19558, 0.7784240351447088
19559, 0.773213071485539
19560, 0.7673545865645559
19561, 0.7587751511119614
19562, 0.7497303598076088
19563, 0.74161391029513
19564, 0.7348110834832663
19565, 0.7295587825107135
19566, 0.7260382393925453
19567, 0.7243115617516057
19568, 0.7230539680473749
19569, 0.7173532494393374
19570, 0.7127740039082987
19571, 0.7096654473569369
19572, 0.7078535090304889
19573, 0.7051821072980291
19574, 0.6985504080066265
19575, 0.6921673608491049
19576, 0.6818686368020311
19577, 0.6711097545852847
19578, 0.6607162060115516
19579, 0.6504572257165744
19580, 0.6403973788279136
19581, 0.6308139021726947
19582, 0.6219544137086235
19583, 0.613925102187091
19584, 0.6066715523153982
19585, 0.600014325434613
19586, 0.5938810817661252
19587, 0.5885026058566747
19588, 0.5842706274961802
19589, 0.5815343276321363
19590, 0.5805055897188126
19591, 0.5811863155398305
19592, 0.5833702185832731
19593, 0.5866778477345219
19594, 0.5905999510062604
19595, 0.5946605233527762
19596, 0.5986512471786488
19597, 0.6026622247520311
19598, 0.6069705909079696
19599, 0.6118987478871764
19600, 0.617666845598222
19601, 0.6242798445925046
19602, 0.6315825419149396
19603, 0.639277364271559
19604, 0.6468763917357553
19605, 0.6535367947199823
19606, 0.6579620058401304
19607, 0.6596725427517929
19608, 0.6600369549321174
19609, 0.6603164332865922
19610, 0.6611485792486715
19611, 0.6629042000011268
19612, 0.6657245836257547
19613, 0.6696006322755856
19614, 0.6743852234790672
19615, 0.6798074813800895
19616, 0.6856046606099973
19617, 0.6916136467749546
19618, 0.6977582190176003
19619, 0.7039719801967946
19620, 0.7101851183953443
19621, 0.7163272032403064
19622, 0.7223087456884173
19623, 0.7280743451871995
19624, 0.7336446105525763
19625, 0.7390821076742038
19626, 0.7444738928420039
19627, 0.7499380947781465
19628, 0.7556086594794339
19629, 0.7615473311835201
19630, 0.7675120896494707
19631, 0.7724826212629607
19632, 0.7762846139833682
19633, 0.7801466282997356
19634, 0.7847445537881308
19635, 0.7900891818609441
19636, 0.7956150417119543
19637, 0.7957607416900707
19638, 0.7928246640157374
19639, 0.790331767406124
19640, 0.7883651753164395
19641, 0.7864830549878006
19642, 0.7847420457928983
19643, 0.783418261664859
19644, 0.7826141986331591
19645, 0.7823262335954495
19646, 0.7819903805730847
19647, 0.7793366898535748
19648, 0.776566341593713
19649, 0.7746480276678122
19650, 0.7735395077969611
19651, 0.773028327897373
19652, 0.7728179421738299
19653, 0.7725789135436133
19654, 0.7720834797010003
19655, 0.7713351806496975
19656, 0.770519485644303
19657, 0.7697826243644944
19658, 0.7691092035230829
19659, 0.7685766321772602
19660, 0.768642416281038
19661, 0.7697713350510891
19662, 0.7716787199727484
19663, 0.7707679725109754
19664, 0.7674653929343234
19665, 0.7610907551372958
19666, 0.7534845632019758
19667, 0.7448467109470495
19668, 0.7357686273685522
19669, 0.7264755994720327
19670, 0.7170567781259807
19671, 0.7075964719723187
19672, 0.6981527227554359
19673, 0.6887237406141024
19674, 0.6793223907499069
19675, 0.6699441886707632
19676, 0.6606022000035658
19677, 0.6513777727801427
19678, 0.6424398469303382
19679, 0.6340178407163436
19680, 0.626366902907393
19681, 0.6198036683220879
19682, 0.6146414555425298
19683, 0.6111589431108305
19684, 0.6095812140710316
19685, 0.6100422642063107
19686, 0.6125563901342024
19687, 0.6169731101579505
19688, 0.6229139640752571
19689, 0.6298948267146756
19690, 0.6376312855546944
19691, 0.6460516570380868
19692, 0.6549685084741002
19693, 0.6640871989383619
19694, 0.67330252437465
19695, 0.6827980247309827
19696, 0.6924352664363483
19697, 0.6994893866688998
19698, 0.6973567899907909
19699, 0.6905550159783573
19700, 0.6837043212955745
19701, 0.6777848509375828
19702, 0.6731905844745594
19703, 0.6705571669511595
19704, 0.670259180165291
19705, 0.6722893419996159
19706, 0.6763954384661394
19707, 0.6822028284588901
19708, 0.6892600386244693
19709, 0.6971162535475621
19710, 0.7054799302670407
19711, 0.7141661992515858
19712, 0.7229773684909951
19713, 0.7315424945062277
19714, 0.7382236059367093
19715, 0.7411438999843359
19716, 0.7423442768357509
19717, 0.7423631159990364
19718, 0.7417514901255468
19719, 0.741112079594009
19720, 0.7409236243976575
19721, 0.7414653750196766
19722, 0.7428122650551221
19723, 0.7448658297071394
19724, 0.7473743598041205
19725, 0.7501803849411627
19726, 0.7531669738527449
19727, 0.7522664672286504
19728, 0.7525390249967452
19729, 0.7542254088532561
19730, 0.7574552814203557
19731, 0.7623069784047015
19732, 0.7687775729496453
19733, 0.7767541418772401
19734, 0.7859862591631079
19735, 0.796094540682504
19736, 0.8066179580175854
19737, 0.8170226062158245
19738, 0.8263518021865521
19739, 0.8338036174977306
19740, 0.8395404200407811
19741, 0.8435880673698525
19742, 0.8454130495191762
19743, 0.8455129529657934
19744, 0.8440460030307836
19745, 0.8416485062717742
19746, 0.8396645081182025
19747, 0.8385918037208633
19748, 0.8384510081851687
19749, 0.8390418960400235
19750, 0.8370221877909975
19751, 0.8330650211694323
19752, 0.8292187886856187
19753, 0.8253163547016744
19754, 0.8211233569645471
19755, 0.8170038289838085
19756, 0.813581933915031
19757, 0.8111068587313148
19758, 0.8095426221086879
19759, 0.8086563870553186
19760, 0.8051135458145167
19761, 0.7998374136238785
19762, 0.7948369669992371
19763, 0.7902950016309523
19764, 0.7864974400290902
19765, 0.7837352038357736
19766, 0.7821886502661317
19767, 0.7778936447038047
19768, 0.7730338819924351
19769, 0.7684986099487326
19770, 0.7627302274361908
19771, 0.7560978531481087
19772, 0.7501007007479786
19773, 0.7450614504247601
19774, 0.7408787015001378
19775, 0.7372075791757378
19776, 0.7336433543968673
19777, 0.730034426237643
19778, 0.7267273577373494
19779, 0.7242286221986746
19780, 0.7223487999289514
19781, 0.7162096881345759
19782, 0.7087923103638653
19783, 0.7030313559256661
19784, 0.6974354461490017
19785, 0.6891341109072042
19786, 0.6822125282472645
19787, 0.6778941428330827
19788, 0.6762104214587529
19789, 0.6764431767803278
19790, 0.6764698187418907
19791, 0.6763107797474669
19792, 0.6773500090614049
19793, 0.6795070246644039
19794, 0.6766141594497135
19795, 0.6715865968040283
19796, 0.6679402212301478
19797, 0.6658758613746153
19798, 0.6654777500258809
19799, 0.6667873660203326
19800, 0.6697380755445873
19801, 0.674047955052582
19802, 0.679088765393552
19803, 0.683683162965272
19804, 0.6855768324766257
19805, 0.684625233753242
19806, 0.6846080564673139
19807, 0.6860246122216094
19808, 0.6887643638027195
19809, 0.6925691365563356
19810, 0.6971733893468938
19811, 0.7023298590342797
19812, 0.707720733559112
19813, 0.712774056584539
19814, 0.7165332750984981
19815, 0.7185221982094095
19816, 0.7197251882152785
19817, 0.7211971887474661
19818, 0.7233576811661196
19819, 0.7261755430566805
19820, 0.729299050174765
19821, 0.7322984304869579
19822, 0.7349901882012551
19823, 0.7375577400499422
19824, 0.7402901708249512
19825, 0.7434658667264117
19826, 0.7473436594005856
19827, 0.752201230430472
19828, 0.7582301444119696
19829, 0.7654356030773593
19830, 0.7735865578332055
19831, 0.7822285369698968
19832, 0.7906018372441355
19833, 0.7978522450135126
19834, 0.804602443336472
19835, 0.8117123994062055
19836, 0.8194057649024307
19837, 0.8276533283152568
19838, 0.8363497728998281
19839, 0.8453461668961315
19840, 0.8544436707645142
19841, 0.8628349832906917
19842, 0.8662428178905801
19843, 0.8677232401897219
19844, 0.8693280234245333
19845, 0.8703052571020732
19846, 0.8696846101930102
19847, 0.8677125472258909
19848, 0.8653088729482965
19849, 0.8629875032240044
19850, 0.8608862901070364
19851, 0.8589155546084577
19852, 0.8565355183107928
19853, 0.8515254749366756
19854, 0.8448905722657896
19855, 0.8377623193238106
19856, 0.8303565253097405
19857, 0.8231040927592936
19858, 0.8163959989621855
19859, 0.8103053942047461
19860, 0.8043977546549427
19861, 0.7978080717384866
19862, 0.7904974366698649
19863, 0.7831436926391142
19864, 0.7761417178849223
19865, 0.7691069916813907
19866, 0.760549657589153
19867, 0.7504600598272916
19868, 0.739955169662962
19869, 0.7278412180205893
19870, 0.7130045758635993
19871, 0.6970088528270931
19872, 0.6816285433072102
19873, 0.6678330731467402
19874, 0.6559191973489388
19875, 0.6459994661787336
19876, 0.6380775021079277
19877, 0.632062667354973
19878, 0.6277743259559438
19879, 0.6248949866022466
19880, 0.6228867758609636
19881, 0.6211131153665412
19882, 0.619302432270929
19883, 0.6176703014604892
19884, 0.6164724818052354
19885, 0.6158465885788507
19886, 0.6158479966919955
19887, 0.6163703433736116
19888, 0.6171264650057439
19889, 0.6176224201395211
19890, 0.6173413342759598
19891, 0.6161917135368745
19892, 0.6139883540107968
19893, 0.6064408888399808
19894, 0.5986790805706226
19895, 0.5920955713286462
19896, 0.5871210639556621
19897, 0.583993038036295
19898, 0.5827922238051108
19899, 0.5835012002510828
19900, 0.5860189855857278
19901, 0.5901932200428659
19902, 0.5958603466097036
19903, 0.6028658738983196
19904, 0.6037723338692789
19905, 0.6020102804270895
19906, 0.601702710097017
19907, 0.6027943839281373
19908, 0.605166238496535
19909, 0.6086489127052289
19910, 0.6129579300020652
19911, 0.6175797549572845
19912, 0.6217048342050154
19913, 0.6244406534245741
19914, 0.625626945839116
19915, 0.6258446342297143
19916, 0.6256635965769322
19917, 0.625487922629945
19918, 0.6256438275362959
19919, 0.6264395792713989
19920, 0.6281841804701336
19921, 0.6311118304981873
19922, 0.6353664166863733
19923, 0.6410050195470856
19924, 0.6479760116077662
19925, 0.6561177088185454
19926, 0.6651364910644197
19927, 0.6742745750740181
19928, 0.6818623014812287
19929, 0.6886130939257123
19930, 0.6960537258146063
19931, 0.7045579449383887
19932, 0.7141255710045258
19933, 0.7246467825771741
19934, 0.735983348322383
19935, 0.7480205359126401
19936, 0.7606813768921319
19937, 0.773909242744865
19938, 0.7876331356822882
19939, 0.8017494571715946
19940, 0.8161106346121718
19941, 0.8305182426056783
19942, 0.8446542490111247
19943, 0.8550657066508798
19944, 0.8639225869568071
19945, 0.8723453694262884
19946, 0.880435313966439
19947, 0.8884315235299086
19948, 0.8963926547104042
19949, 0.9035069339719894
19950, 0.90916282722597
19951, 0.9145322977405096
19952, 0.9195507649111764
19953, 0.9231209800704284
19954, 0.9255738641963609
19955, 0.9261638989807266
19956, 0.9248258367950547
19957, 0.9230657966957383
19958, 0.9211374222711487
19959, 0.919037463109622
19960, 0.9166529932594446
19961, 0.9137887976110484
19962, 0.9101712122689533
19963, 0.9052445980469704
19964, 0.8965057424906622
19965, 0.8841890572656538
19966, 0.8701120756877305
19967, 0.8553422500853883
19968, 0.8404660115565783
19969, 0.8256854268642897
19970, 0.8107198186503457
19971, 0.7945431475466714
19972, 0.7772957051526316
19973, 0.760145820654681
19974, 0.7436218477550228
19975, 0.7280096144464293
19976, 0.7135358619438966
19977, 0.7003613015079809
19978, 0.6886381853608406
19979, 0.6785706825482077
19980, 0.6703743037205971
19981, 0.6642671757809773
19982, 0.6604686145445843
19983, 0.6591167833348933
19984, 0.6602232432229336
19985, 0.6637173470012476
19986, 0.6693905520370743
19987, 0.6764021944340101
19988, 0.6779671495137501
19989, 0.678402196797075
19990, 0.6799704050524104
19991, 0.6823986906637212
19992, 0.6852467944683823
19993, 0.6876804676823636
19994, 0.6821028412658234
19995, 0.6731903026299092
19996, 0.6618223442678727
19997, 0.6491288886007692
19998, 0.637601441889744
19999, 0.62792294764971
20000, 0.6204905768584191
